:100000000C940F170C9436170C9436170C94361763
:100010000C9436170C9436170C9436170C9436172C
:100020000C9436170C9436170C9436170C94DE1A71
:100030000C9436170C9436170C9436170C94BE1982
:100040000C9436170C9436170C9436170C943617FC
:100050000C9436170C9436170C9436170C943617EC
:100060000C9436170C9436170C9436170C943617DC
:100070000C9436170C9436170C94361701007F1524
:1000800002007F2A03007F0004007F0005007F003C
:1000900006007F007800000400010000100001014C
:1000A00000011000001600002A00011600012A00BD
:1000B00000000000000005002A0100FF1000000001
:1000C000005801000100007F0100FF110100010044
:1000D0005801000203DC240100FF0E020002005858
:1000E00001000303C0400100FF0F0300030058019B
:1000F000000405002A0100FF120000000059010061
:100100000500007F0100FF130100010059010006F6
:1001100003DC240100FF1402000200590100070360
:10012000C0400100FF150300030059010008010051
:100130003F0100FF16C30004005A01000906000534
:100140000100FF17C40006005A01000A01003F0128
:1001500000FF18460008005A01000B07000A0100C2
:10016000FF19000000005A01000C01003F0100FFD0
:100170001A050005005A01000D01003F0100FF1B98
:10018000610061005A01000E01003F0100FF0CC731
:1001900000C7005A01000F01001F0100FF0DC80039
:1001A000FC005A01001000007F0100FF4AFD00FD25
:1001B000005C01001101003F0100FF470900090038
:1001C0005C0100120800020100FF1C0A000A005C2A
:1001D00001001300007F0100FF1DFD00FD005D0117
:1001E000001401003F0100FF1E090009005D01002D
:1001F000150800020100FF1F0A000A005D01001639
:1002000001003F0100FF030B000B005C0100170120
:10021000003F0100FF090C000C005C01040002001B
:10022000020100FFFF150015000000001800007F0C
:1002300003080049CB000F005E01001900007F0396
:1002400008004B100010005E01001A00007F030838
:100250000046110011005E01001B00007F03080032
:1002600048120012005E01001F0900020308002C62
:10027000130013005B01001D0A008E0308002D14FB
:100280000014005B01001C0B00130308002E00008B
:1002900000005B01003100007F0100FF2F140014FB
:1002A00000160000300B00030100FF3000000000CA
:1002B0001600040102000D0100FFFF1C001B0000DE
:1002C0000000320C00180E0301FF470017001B004E
:1002D00000330D00140E0301FF180018001B00006E
:1002E0003403C13F0E0301FF460008001B00040257
:1002F0000200030100FFFF1F001E000000005C0C55
:10030000001E040302FF190019001E00005D0C000E
:100310001E040302FF1A001A001E00005E0E000AEF
:10032000040302FF070007001E00017000007F01A8
:1003300000FF07200020002A00017103FE020100D7
:10034000FFFF4B0021002A00017203817F0100FFA3
:100350005E030003002A0001730100280100FF5F13
:10036000490022002A0001740F001F0100FFFF2630
:100370000026002A0001750400010100FF4423004B
:1003800023002A00017601003F0100FF052400241C
:10039000002A0001771000040100FF664A002500D2
:1003A0002A0001781100050100FF67270027000ED1
:1003B0000101790301040100FF68020002000E013F
:1003C000017A02001D0100FF69280028000E0101CA
:1003D0007B15000E0100FF6A300030000E01017C29
:1003E0000101200100FFFF340031003A01017D01CD
:1003F00001200100FFFF350032003A01017E0101BA
:10040000200100FFFF360033003A01017F12000592
:100410000100FF6B0A000A002A0004030200050124
:1004200000FFFF2A002A0000000200190010060445
:1004300003FF290029002A00020113007F0604039C
:10044000FF2E002E002A00020213007F060403FF85
:100450002F002F002A0002181427F00100FFFF2BA5
:10046000002B00610102191600050100FFFF370093
:1004700037006101021A00007F0100FFFF460008FB
:10048000006101021B0100080100FFFF2C002D008C
:100490006101030017000F0100FFFF3F003F00381C
:1004A0000003011800040100FFFF40004000380075
:1004B00003020400010100FFFF3A003A0063010358
:1004C000030400010100FFFF390039006301030448
:1004D0000400010100FFFF3B003B00630103050432
:1004E00000010100FFFF3C003D0063010306040022
:1004F000010100FFFF3E003E006301006803C13FB1
:100500000100FF6C0D000D005C01006903C13F019B
:1005100000FF6D0E000E005C0103071A00020100CF
:10052000FFFF42004200630103080400010100FFD5
:10053000FF41014300630103091B00C80100FFFFE5
:100540008F0190016301030A0400010100FFFF9184
:100550000192016301000102030405060708090A6C
:100560000B0C0D0E0F1011121314151617191A1B60
:100570001C1F1EFF1D191A1B1C1F1EFF1D191A1BF5
:100580001C1F1EFF1D212023242523242523242571
:10059000232425232425232425232425232425231C
:1005A000242523242523242523242523242523240B
:1005B00025272829272829272829272829494AFFA4
:1005C000FFFFFFFFFF2A2B2C2D2E2F30313233342B
:1005D0003536373839000000000000000000000008
:1005E000000000000000000000000000000000000B
:1005F00000000000000000000000000000000000FB
:1006000000000000000000000000000000000000EA
:100610000000000000FFFFFFFFFFFFFFFFFFFFFFE5
:10062000FFFFFFFFFFFFFFFFFFFF1011160106078F
:100630001E30FFFFFF1CFFFFFFFFFFFFFF1C200816
:100640000C0D191A1B1CFFFFFFFFFF1A1B1CFFFFDD
:1006500031FFFF1A1BFFFFFF16FF30FF2AFF17FFB6
:10066000FF0E0F020300010405060708090A0B0C20
:100670000D12131415FFFFFFFFFFFFFFFFFFFFFF2A
:10068000FF1D1E1F2021FFFFFF1D1E1FFFFFFFFF7D
:10069000FF1D1E1FFFFFFFFFFF2FFF1B111C191067
:1006A0001AFFFF1BFF1C19FF1AFFFF1BFF1C19FF7E
:1006B0001AFFFF2C2DFFFFFFFFFFFF3132333435D0
:1006C00039494AFFFF2D3031323334353637383926
:1006D0000020434323204444232045204646232032
:1006E0004747232041412320420000000000000032
:1006F00000004C004E008D00930006010A012A0103
:1007000079009E00BD0012016E010D0123011D0143
:10071000000000002A0152014201390100003E019F
:10072000000078000000000000000001000A101026
:100730001001FFFF8080CCCC20200020406080A0F2
:10074000C0FF0010204080FF8040202020200000BB
:100750008040BC643C64B0643064BC643C64B0649D
:100760003064BC643C64B064B0E4BC643C64B064B9
:10077000306400000000010000000220F40C2000A2
:100780001F000000000060000000000018000028AA
:10079000143C0027000000280028002F000000283B
:1007A0006428003F00000048000000000100030230
:1007B00000030300040000040100050600060C000D
:1007C0000B0C000C060002123F0E12101004200643
:1007D0000410030400040500050B000B0C000000CE
:1007E000000000000000AB028E03000455051C074A
:1007F0000008AB0A001055150020AB2A00405555E3
:100800000080FFFF60484030242018100C080604C8
:10081000030201808386898C8F9295989B9EA1A468
:10082000A7AAADB0B3B6B8BBBEC1C3C6C8CBCDD006
:10083000D2D4D7D9DBDDDFE1E3E5E7E9EAECEEEF9F
:10084000F0F2F3F4F6F7F8F9F9FAFBFCFCFDFDFD24
:10085000FEFEFEFEFEFEFEFDFDFDFCFCFBFAF9F9D0
:10086000F8F7F6F4F3F2F0EFEEECEAE9E7E5E3E1AE
:10087000DFDDDBD9D7D4D2D0CDCBC8C6C3C1BEBB98
:10088000B8B6B3B0ADAAA7A4A19E9B9895928F8C41
:10089000898683807C797673706D6A6764615E5B3C
:1008A0005855524F4C494744413E3C393734322F1A
:1008B0002D2B28262422201E1C1A18161513111061
:1008C0000F0D0C0B090807060605040303020202BC
:1008D00001010101010101020202030304050606F0
:1008E0000708090B0C0D0F1011131516181A1C1EF2
:1008F00020222426282B2D2F323437393C3E4144E8
:1009000047494C4F5255585B5E6164676A6D70731E
:1009100076797C8080858A8F94999DA2A7ACB1B5A9
:10092000BABEC2C7CBCFD2D6DADDE0E3E6E9ECEE61
:10093000F1F3F5F6F8F9FBFCFCFDFEFEFEFEFEFD14
:10094000FDFCFBFAF9F8F6F4F3F1EFEDEAE8E6E383
:10095000E0DEDBD8D5D2CFCCC9C6C3C0BDB9B6B3F3
:10096000B0ADAAA7A4A19F9C999794928F8D8B89D3
:1009700087858382807F7D7C7B7A797878777776AC
:10098000767676767676767777787879797A7B7BED
:100990007C7D7E7F80808182838484858686878734
:1009A00088888989898989898989888887878685C6
:1009B000848382807F7D7C7A78767472706D6B68B8
:1009C0006663605E5B5855524F4C4946423F3C3926
:1009D0003633302D2A2724211F1C19171512100E0B
:1009E0000C0B0907060504030202010101010102C3
:1009F0000303040607090A0C0E111316191C1F2203
:100A000025292D3034383D41454A4E53585D6266A4
:100A10006B70757A8080878F969EA5ACB4BAC1C77B
:100A2000CDD3D9DEE3E7EBEFF2F5F8FAFBFDFEFEFE
:100A3000FEFEFDFCFAF9F7F4F2EFECE8E5E1DDD9B2
:100A4000D5D1CDC9C6C2BEBAB7B3B0ADAAA8A5A309
:100A5000A2A09F9E9E9E9E9E9FA0A2A3A5A8AAAD77
:100A6000B0B3B7BABEC2C6C9CDD1D5D9DDE1E5E8CC
:100A7000ECEFF2F4F7F9FAFCFDFEFEFEFEFDFBFAE8
:100A8000F8F5F2EFEBE7E3DED9D3CDC7C1BAB4ACEA
:100A9000A59E968F8780787069615A534B453E3882
:100AA000322C26211C1814100D0A0705040201011E
:100AB000010102030506080B0D1013171A1E22264A
:100AC0002A2E3236393D4145484C4F5255575A5CD3
:100AD0005D5F606161616161605F5D5C5A57555245
:100AE0004F4C4845413D3936322E2A26221E1A17D0
:100AF00013100D0B08060503020101010102040594
:100B0000070A0D1014181C21262C32383E454B5371
:100B10005A6169707880808890989FA7ADB4B9BEFB
:100B2000C3C6C9CBCCCCCCCBC9C7C4C0BCB8B3AE90
:100B3000A9A4A09B97938F8C8A88878787888A8DA2
:100B40009094999EA4AAB0B7BEC5CCD3D9E0E5EBEA
:100B5000F0F4F7FAFCFEFEFEFCFAF7F4F0EBE5E049
:100B6000D9D3CCC5BEB7B0AAA49E9994908D8A88DB
:100B7000878787888A8C8F93979BA0A4A9AEB3B8E8
:100B8000BCC0C4C7C9CBCCCCCCCBC9C6C3BEB9B41E
:100B9000ADA79F98908880776F676058524B464109
:100BA0003C3936343333333436383B3F43474C518A
:100BB000565B5F64686C7073757778787877757258
:100BC0006F6B66615B554F48413A332C261F1A14F0
:100BD0000F0B0805030101010305080B0F141A1F71
:100BE000262C333A41484F555B61666B6F727577BF
:100BF000787878777573706C68645F5B56514C4792
:100C0000433F3B3836343333333436393C41464B3B
:100C1000525860676F7780010101010102030305EB
:100C200006080A0D1013171B20252B31383E464DA0
:100C3000555D666E778089919AA3ACB4BCC4CCD361
:100C4000DAE0E6EBEFF3F7FAFCFDFEFEFDFCFAF866
:100C5000F4F1ECE7E2DCD5CEC7BFB8B0A79F968E23
:100C6000857D746C645C544C453E37312B25201BCC
:100C700017130F0C09060402010101010101010112
:100C80000101010101010101010101010101010154
:100C90000101010101010101010101010101010243
:100CA00002020203030304040505060606070707FC
:100CB000070606050403020101010101010101010A
:100CC0000101010101010101010101010101010114
:100CD0000101010101010101010101010101010104
:100CE00001010101010101010101010101010101F4
:100CF00001010101010101010101010101010101E4
:100D000001010101010101010101010101010101D3
:100D100001010101010101010101010102030507B6
:100D2000090D11161B2229313A434D58636E7A86FC
:100D3000919DA9B4BFC9D3DCE4EBF1F6F9FCFEFE4A
:100D4000FDFBF8F4EFEAE3DCD4CCC3BBB2A9A19974
:100D5000928B847F7A777473727374777A7F848BC3
:100D60009299A1A9B2BBC3CCD4DCE3EAEFF4F8FBBF
:100D7000FDFEFEFCF9F6F1EBE4DCD3C9BFB4A99D9E
:100D800091867A6E63584D433A3129221B16110D14
:100D9000090705030201010101010101010101012E
:100DA0000101010101010101010101010101010133
:100DB0000101010101010101010101010101010123
:100DC0000101010101010101010101010101010113
:100DD0000101010101010101010101010101010103
:100DE00001010101010101010101010101010101F3
:100DF00001010101010101010101010101010101E3
:100E000001010101010101010101010101010101D2
:100E1000010101010101010101403D3A3734312E48
:100E20002B2825221F1C191613100D0A0704010276
:100E300005080B0E1114171A1D202326292C2F32FA
:100E400035383B3E4144474A4D505356595C5F62EA
:100E500065686B6E7174777A7D808285888B8E91E0
:100E600094979A9DA0A3A6A9ACAFB2B5B8BBBEC1DA
:100E7000C4C7CACDD0D3D6D9DCDFE2E5E8EBEEF1CA
:100E8000F4F7FAFDFEFBF8F5F2EFECE9E6E3E0DD5E
:100E9000DAD7D4D1CECBC8C5C2BFC2C5C8CBCED19C
:100EA000D4D7DADDE0E3E6E9ECEFF2F5F8FBFEFD9E
:100EB000FAF7F4F1EEEBE8E5E2DFDCD9D6D3D0CDFA
:100EC000CAC7C4C1BEBBB8B5B2AFACA9A6A3A09DEA
:100ED0009A9794918E8B888582807D7A7774716ED3
:100EE0006B6865625F5C595653504D4A4744413EBA
:100EF0003B3835322F2C292623201D1A1714110EAA
:100F00000B0805020104070A0D101316191C1F22F5
:100F100025282B2E3134373A3D40807C7874706C14
:100F20006864605C5854504C4844403C3834302C21
:100F30002925211D1915110D09050105090D111589
:100F4000191D2125292C3034383C4044484C50543C
:100F5000585C6064686C7074787C8083878B8F9336
:100F6000979B9FA3A7ABAFB3B7BBBFC3C7CBCFD331
:100F7000D6DADEE2E6EAEEF2F6FAFEFAF6F2EEEAA9
:100F8000E6E2DEDAD6D3CFCBC7C3BFBBB7B3AFABD6
:100F9000A7A39F9B97938F8B87838083878B8F9348
:100FA000979B9FA3A7ABAFB3B7BBBFC3C7CBCFD3F1
:100FB000D6DADEE2E6EAEEF2F6FAFEFAF6F2EEEA69
:100FC000E6E2DEDAD6D3CFCBC7C3BFBBB7B3AFAB96
:100FD000A7A39F9B97938F8B8783807C7874706C7B
:100FE0006864605C5854504C4844403C3834302C61
:100FF0002925211D1915110D09050105090D1115C9
:10100000191D2125292C3034383C4044484C50547B
:10101000585C6064686C7074787C80010102020323
:1010200003030404050506060607070809090A0A5A
:101030000B0B0C0C0D0E0E0F1010111213131415B8
:1010400016171718191A1B1C1D1E1F2021222324D6
:10105000252628292A2B2D2E2F3132343537383AA0
:101060003B3D3F40424446484A4C4E5052545658ED
:101070005A5D5F626467696C6F7174777A7D808393
:10108000878A8D9194989B9FA3A7ABAFB3B7BCC041
:10109000C5C9CED3D8DDE2E8EDF3F8FEF8F3EDE80C
:1010A000E2DDD8D3CEC9C5C0BCB7B3AFABA7A39F51
:1010B0009B9894918D8A8783807D7A7774716F6C09
:1010C000696764625F5D5A58565452504E4C4A48A4
:1010D000464442403F3D3B3A3837353432312F2E7B
:1010E0002D2B2A2928262524232221201F1E1D1CC2
:1010F0001B1A191817171615141313121110100FA5
:101100000E0E0D0C0C0B0B0A0A0909080707060640
:1011100006050504040303030202010101070C1183
:10112000161B2024292D3034383B3E4144474A4D7C
:101130004F525456585A5C5E606263656668696ACD
:101140006C6D6E6F7071727374757676777878796E
:101150007A7A7B7B7C7D7D7D7E7E7F7F80808081B7
:101160008182828283848485858687878889898A2B
:101170008B8C8D8E8F90919293959697999A9C9D3A
:101180009FA1A3A5A7A9ABADB0B2B5B8BBBEC1C462
:10119000C7CBCFD2D6DBDFE4E9EEF3F8FEF8F3EE0F
:1011A000E9E4DFDBD6D2CFCBC7C4C1BEBBB8B5B292
:1011B000B0ADABA9A7A5A3A19F9D9C9A9997969521
:1011C000939291908F8E8D8C8B8A89898887878660
:1011D000858584848382828281818080807F7F7EF6
:1011E0007E7D7D7D7C7B7B7A7A7978787776767563
:1011F00074737271706F6E6D6C6A69686665636234
:10120000605E5C5A585654524F4D4A4744413E3BEB
:101210003834302D2924201B16110C0701F1E5D993
:10122000CDC2B8AEA49B938A827B746D66605A541B
:101230004F4A45403C3733302C292623201D1B18AC
:10124000161412100E0D0B0A0908070605040403F4
:101250000302020101010101010101010202020375
:1012600003040405050606070809090A0B0C0D0D01
:101270000E0F1011121314151617191A1B1C1D1E10
:101280001F21222324252728292A2C2D2E303132D4
:1012900033353637393A3B3D3E4041424445464876
:1012A000494B4C4D4F505253545657595A5C5D5E02
:1012B000606163646667686A6B6D6E707173747584
:1012C00077787A7B7D7E808182848587888A8B8D02
:1012D0008E909193949597989A9B9D9EA0A1A3A47C
:1012E000A6A7A9AAACADAEB0B1B3B4B6B7B9BABCF3
:1012F000BDBFC0C2C3C5C6C7C9CACCCDCFD0D2D36B
:10130000D5D6D8D9DBDCDEDFE1E2E3E5E6E8E9EBE0
:10131000ECEEEFF1F2F4F5F7F8FAFBFDFEF10B1449
:101320001D262E363E454D535A60666C72777D827F
:10133000868B9094989CA0A3A7AAAEB1B4B7BABC70
:10134000BFC1C4C6C8CACCCED0D2D4D5D7D9DADCB6
:10135000DDDEE0E1E2E3E4E5E6E7E8E9EAEBECEC38
:10136000EDEEEFEFF0F0F1F2F2F3F3F4F4F5F5F562
:10137000F6F6F7F7F7F8F8F8F8F9F9F9F9FAFAFAEA
:10138000FAFBFBFBFBFBFCFCFCFCFCFCFCFDFDFDA1
:10139000FDFDFDFDFDFDFDFEFEFEFEFEFEFEF4EB91
:1013A000E2D9D1C9C1BAB2ACA59F99938D88827D8B
:1013B00079746F6B67635F5C5855514E4B4845437A
:1013C000403E3B39373533312F2D2B2A2826252314
:1013D00022211F1E1D1C1B1A191817161514131372
:1013E000121110100F0F0E0D0D0C0C0B0B0A0A0A28
:1013F0000909080808070707070606060605050580
:1014000005040404040403030303030303020202A8
:1014100002020202020202010101010101010BFEAE
:10142000F8ECDCC7B0977D644D3725160B0401023C
:10143000060D1723313F4E5C6A76818A9196999901
:101440009895918B857E78716B65605D5A58585977
:101450005A5D6064686D72767B7F8285888A8B8C2A
:101460008C8B8B8A88878584838181808080808132
:101470008283848688898B8D8F909293949596979A
:101480009798989898989899999999999A9A9B9BCE
:101490009C9D9E9FA0A1A2A3A4A5A6A7A7A8A9A919
:1014A000AAABABACACADADAEAEAFAFB0B0B1B2B25B
:1014B000B3B4B5B5B6B7B8B8B9BABBBBBCBDBDBEA1
:1014C000BFBFC0C1C1C2C3C3C4C4C5C6C6C7C8C8E4
:1014D000C9CACACBCCCCCDCECECFD0D1D1D2D3D32A
:1014E000D4D5D5D6D7D7D8D9D9DADADBDCDCDDDE6E
:1014F000DEDFE0E1E1E2E3E3E4E5E5E6E7E7E8E9B2
:10150000E9EAEBEBECEDEDEEEFEFF0F1F1F2F3F3F6
:10151000F4F5F5F6F7F7F8F9F9FAFBFBFCFDFDFE3B
:101520004348515D6C7D8FA2B4C5D5E2EDF6FBFE5C
:10153000FEFBF7F0E8DFD5CBC1B8B0A9A39E9B9A1C
:101540009A9B9EA1A6ABB0B5BABFC4C8CBCDCFCF36
:10155000CFCFCDCCC9C7C4C1BEBCB9B7B5B4B3B386
:10156000B3B3B4B5B6B8B9BBBCBEBFC0C1C1C2C2CB
:10157000C2C2C2C1C0C0BFBEBDBCBCBBBBBABABA8E
:10158000BABABABBBBBBBCBCBDBDBDBEBEBEBEBE97
:10159000BEBEBEBEBEBEBDBDBDBDBDBCBCBCBCBC7A
:1015A000BCB7AEA29382705D4B3A2A1D12090401AA
:1015B0000104080F17202A343E474F565C616465CA
:1015C0006564615E59544F4A45403B373432303090
:1015D0003030323336383B3E414346484A4B4C4C20
:1015E0004C4C4B4A494746444341403F3E3E3D3DBB
:1015F0003D3D3D3E3F3F40414243434444454545D8
:1016000045454544444443434242424141414141AE
:1016100041414141414142424242424343434343AB
:101620004301010101010101010101010101010168
:1016300001010101010101555555555555555555A6
:10164000555555555555555555555555555555554A
:10165000555555555555555555555555555555553A
:1016600055AAAAAAAAAAAAAAAAAAAAAAAAAAAAAA2F
:10167000AAAAAAAAAAAAAAAAAAAAAAAAAAAAAAAACA
:10168000AAAAAAAAAAAAAAAAAAAAAAAAFEFEFEFE6A
:10169000FEFEFEFEFEFEFEFEFEFEFEFEFEFEFEFE6A
:1016A000FEFEFEFEFEFEFEFEFEFEFEFEFEFEFEFE5A
:1016B000FEFEFEFEFEFEFEAAAAAAAAAAAAAAAAAA3E
:1016C000AAAAAAAAAAAAAAAAAAAAAAAAAAAAAAAA7A
:1016D000AAAAAAAAAAAAAAAAAAAAAAAAAAAAAAAA6A
:1016E000AAAA555555555555555555555555555500
:1016F000555555555555555555555555555555559A
:1017000055555555555555555555555501010101D9
:1017100001010101010101010101010101010101B9
:1017200001010101010101121212121212121223FF
:1017300023232323232323233434343434343434F1
:1017400044444444444444444455555555555555E2
:1017500055666666666666666666777777777777D4
:1017600077778888888888888888889999999999C6
:1017700099999999AAAAAAAAAAAAAAAABBBBBBBBC9
:10178000BBBBBBBBBBCBCBCBCBCBCBCBCBDCDCDCC6
:10179000DCDCDCDCDCDCEDEDEDEDEDEDEDEDFEFEBD
:1017A000FEFEFEFEFEFEFEEDEDEDEDEDEDEDEDDC03
:1017B000DCDCDCDCDCDCDCDCCBCBCBCBCBCBCBCBF1
:1017C000BBBBBBBBBBBBBBBBBBAAAAAAAAAAAAAAE0
:1017D000AA999999999999999999888888888888CE
:1017E00088888877777777777777776666666666AB
:1017F0006666666655555555555555554444444499
:10180000444444444434343434343434342323237B
:101810002323232323231212121212121212010164
:1018200001010102030302020E1E0C000004040E5B
:101830001F1F000000081502000000010101030342
:1018400000120C00191B0602040408001008040210
:101850000100000400040004000400671C4F1C3752
:101860001C1F1C071CEF1BD71BBF1BA71B8F1B7745
:101870001B5F1B471B2F1B171BFF1A2F1BE71ACFC2
:101880001AB71A9F1A871A6F1A571A3F1A271A0F70
:101890001AF719DF19C719AF199719471B6B194B9D
:1018A000192B190B19EB18CB18AB184600ACFF54C9
:1018B0000090FF54009EFF70009EFF3600BAFF7F2D
:1018C00000ACFF7F0090FF5400ACFF58009BFF6B03
:1018D00000A1FF5800A8FF3200DAFF4100A8FF6511
:1018E00000A1FF650081FF3F00E1FF13002C005DB8
:1018F00000FCFF2000CBFFA6FF81FF750020009AAF
:10190000FFCBFF6900CBFF5D00CBFFC1FFC1FF7FB5
:1019100000000081FF000000005800000000005897
:1019200000CEFFA8FF0000580000007F0081FF7F6D
:101930000081FF7F0081FF7F0081FF7F0081FF7FAB
:101940000081FF7F0081FF7F0081FF7F007F00819A
:10195000FF81FF7F007F0081FF81FF7F007F00818B
:10196000FF81FF7F007F0081FF81FF5555F5F5B5B1
:10197000B5D5D555AB55599595090949924952495F
:101980004919D56B6B5B5B7777B76D57576F6FDF17
:101990007611A9C16F01D10000FF7FFF7FF9FFEF32
:1019A000FFFEFFFF7FFF7FFF7FECFFFBFFFF7F005E
:1019B00000FF7FFF7FF9FFFF7FFEFFF4FFFF7FF651
:1019C000FFFF7FFF7FFF7F0000FF7FFF7FF9FFFFAB
:1019D0007FFEFFFF7F0200FF7FFF7FFBFFFF7F0097
:1019E00000F4FFFF7FF9FFFF7FFF7FFF7F0200FF13
:1019F0007FFF7FFBFFFF7F0000F4FFFF7FFF7FFF84
:101A00007FFEFFFF7F0200FF7FFF7FFBFFFF7F0066
:101A100000FF7F0500FF7F0A00FEFFFF7FFF7FF6CC
:101A2000FFFF7FFBFFFF7F0000FF7F0500FF7FEFD1
:101A3000FFFEFFFF7F0200F6FFFF7FFF7FF1FF0049
:101A400000FF7F0500F9FFFF7FFEFFFF7F0200FF21
:101A50007F0700FBFFFF7F0000FF7F0500FF7FFF88
:101A60007FFF7FF4FF0200FF7FECFFFBFFFF7F00A3
:101A700000FF7FFF7FFF7FEFFFFEFFFF7F0200F68B
:101A8000FFFF7FFBFFFF7F0000FF7F0500F9FFFFE7
:101A90007FFEFFFF7F0200FF7FFF7FFF7FF1FF00E0
:101AA00000F4FFFF7FF9FFFF7FFEFFFF7FFF7FFF57
:101AB0007FECFFFBFFFF7F0000FF7F0500F9FFFFCA
:101AC0007FFEFFFF7F0200FF7FECFFFBFFF1FF00C7
:101AD00000FF7F0500FF7FEFFFFEFFFF7F0200FF9B
:101AE0007F0700FBFF0C000000FF7F0500FF7FEF7A
:101AF000FFFEFFFF7F0200FF7FECFFFBFFFF7F0089
:101B000000FF7F0500F9FFFF7FFEFFFF7F0200F669
:101B1000FFFF7FFBFFFF7F0000FF7F05001400FF3A
:101B20007FFEFFFF7F0200FF7F07001600FF7F00A0
:101B300000FF7FEAFFF9FFFF7FFEFFFF7F0200FF4C
:101B40007FECFFFBFFFF7F0000FF7F0500FF7F0AA8
:101B500000FF7F0F000200FF7F0700FF7F0C0000E7
:101B600000FF7F0500FF7FEFFFFEFFFF7F0200FF0A
:101B70007F0700FF7FF1FF00000F00FF7FFF7FEF77
:101B8000FFFF7FF4FF02001100FF7FFF7FF1FF00E6
:101B900000F4FFFF7FFF7FEFFFFF7FF4FF0200F6FF
:101BA000FFFF7FFF7FF1FF00000F00FF7FFF7FEF50
:101BB000FFFF7FF4FFFF7FFF7FECFFFF7FF1FF0060
:101BC000000F00FF7FFF7FFF7FFEFFFF7F020011FE
:101BD00000FF7FFF7FFF7F0000F4FFFF7FFF7FEFAD
:101BE000FFFEFFFF7F0200F6FFFF7FFF7FF1FF0098
:101BF00000000000000000C0FF0000000000000026
:101C000000C0FF000000000000000000000000C055
:101C1000FF000000000000000000000000000000C5
:101C200000000000000000C0FF00000000000000F5
:101C30000000000000C0FF00000F000500F9FF0ACF
:101C400000FEFFF4FF02001100ECFFFBFF0C0000A0
:101C5000000F0005001400EFFFFEFFF4FF0200116B
:101C600000ECFFFBFFF1FF0400040004000400058A
:101C70000005000500060006000700070007000831
:101C8000000800090009000A000B000B000C000D01
:101C9000000E000E000F00100011001200140015BD
:101CA000001600170019001A001C001E001F00215A
:101CB000002300250028002A002D002F00320035C7
:101CC0000039003C004000430047004C00500055E4
:101CD000005A00600065006C007200790080008886
:101CE0000090009900A200AC00B600C100CC00D961
:101CF00000E600F300020111012201330145015900
:101D0000016E0184019B01B301CD01E901060225A9
:101D100002460269028E02B502DF020B0339036B31
:101D2000039F03D603110450049204D804220570C3
:101D300005C4051C067906DD064607B5072B08A86D
:101D4000082D09B9094E0AEC0A930B450C010DC880
:101D50000D9B0E7A0F671063116D128713B214EF8B
:101D6000153F17A3181C1AEF29E529DF29DA29D214
:101D700029C929BF29B629AF29A529A02997298EC4
:101D80002985297C2975296F2967295F29572952B7
:101D9000294B2941293A292E292A2926291B291488
:101DA000291B290B290429FD28F628EF28E828DD1E
:101DB00028D528D028C628BE28B628B128AD28A8FE
:101DC00028A2289E28992894288B2882287928746C
:101DD000286F286A2863285E2859285428482843F1
:101DE0002839282D282128172813280C28FE27F900
:101DF00027F427EF27EA27E627E127DC27D727D391
:101E000027D027CB27C727C027B727B227AD27A6BC
:101E1000279F279827912788277F2776276D276375
:101E2000275F275C27562752274C27462741273A0A
:101E30002734272C27262720271A2715270E27087F
:101E4000270227FA26F226EA26E126DC26D226CB2E
:101E500026C626C126BC26B426B026AC26A826A3B4
:101E600026B2279E26992694268F268A26852680A6
:101E7000267B26762671266C26672662265D2658E6
:101E800026D32753264B26472642263D263826337F
:101E9000262E26292624261F26192612260D260739
:101EA000260326FE25F925F425EF25EA25E525E07C
:101EB00025DB25D625D125CC25C725C225BE25B9AC
:101EC00025B425AF25AA25A525A0259B25962591D6
:101ED000258C25872582257E257A257625732570F4
:101EE000256B25662561255C25572552254E2549FC
:101EF000259125452540253B25362531252C2527AF
:101F0000252225E0251E25192514250E2508250244
:101F100025FC24F624F024EA24E324DC24D524CE72
:101F200024C724C024BE25B925B924B224AB24A4D7
:101F3000249E249B2596254C27972491248B248628
:101F40002481247C24782474246C2464245E245802
:101F500024502448244E2549254C27412440253B24
:101F6000243124312575296F295F29EA241E252A69
:101F700024232420241D241A24172412240A240292
:101F800024F923F023BE28A228E623D327E223DD69
:101F900023D823D423D0234726CD23CA23C623C244
:101FA00023BD23B823B323A923A2239C23992394DD
:101FB000238C23852397247F237B23772373236F0D
:101FC000236B23672363235F235B23572352234D14
:101FD00023482343233E23392334232A2320239CCD
:101FE000231B2314230A230023FB22F622F122ECD5
:101FF00022E722E222DD22D822D322CE22C922C425
:1020000022BF22BA22B522B022AB22A5229D22985D
:1020100022C22392228B227E2271226B2267225EB1
:102020002255224C2240223A2234222822212216F2
:10203000220822FB21F121EC21E621DD21D521CF4F
:1020400021CB21C521C021B421AD21A721A02198F8
:102050002190218A2184217E21762170216B215EAD
:102060002156214C2142213B21342127211B210FC4
:10207000210421FB20F020E820E020D920CD20C041
:1020800020B520AF20AA209F209A208D20756E6455
:102090006F20686973746F727900756E646F006C7D
:1020A0006F61642064656C6179006C646C790072A6
:1020B00061736961006A6F6765736877617269004F
:1020C0006B61757368696B20746F64690063686124
:1020D0006E6472616465657000622E746F6469007D
:1020E00062616972616769006D2E6B61756E730064
:1020F0006E6174626861697261760070612E206B36
:10210000616669006B616D6573687761726900670C
:10211000616E67657368776172690072616E676589
:1021200073687761726900706172616D6573687759
:10213000617269006D69276D616C006B68616D612A
:102140006A007261676573687265650062616765E0
:1021500073687265650064617262617269006268C9
:10216000696D70616C6173726565006B61666900B1
:1021700079616D616E0062696C6177616C00707588
:10218000727669007368726565006D6172776100CF
:1021900067756E616B726900626861697261760071
:1021A000312F3420656100312F34206500312F3408
:1021B000206562007079746861676F7265616E0096
:1021C0006A75737400657175616C005F5F5F004DC7
:1021D000554C54490050524F4752414D00534551C0
:1021E00055454E434500504154434800696E69745B
:1021F0000072616E646F6D697A650070742058209A
:1022000070726F6772616D00707420582073657111
:1022100075656E6365007074205820706174636822
:102220000073797374656D00706572666F726D61AD
:102230006E636500636C6F636B006D756C74690031
:102240006172706567676961746F7200656E76654B
:102250006C6F70650066696C746572203200666927
:102260006C7465722031006C666F006D6978657200
:10227000006F7363696C6C61746F722032006F73EE
:1022800063696C6C61746F722031006D6F6E6B6589
:10229000790068756D616E0070757368007368759C
:1022A00066666C65007377696E6700636E707300B5
:1022B000636E702E00636E2E7300636E2E2E0063AD
:1022C0002E707300632E702E00632E2E7300632E0B
:1022D0002E2E002E6E7073002E6E702E002E6E2E1F
:1022E00073002E6E2E2E002E2E7073002E2E702E4A
:1022F000002E2E2E73002E2E2E2E006C6B65790074
:102300006C61756E63686B6579007368727574686B
:1023100069585400616D62696B610066756C6C0090
:10232000636F6E74726F6C6C720073657175656E3D
:10233000636572007468727500312F393600312F71
:10234000343800312F333200312F323400312F3105
:102350003600312F313200312F3800312F36003125
:102360002F3400312F3300332F3800312F32003219
:102370002F3300332F3400312F3100322F310063DF
:10238000686F726400706C617965640075702664B2
:102390006F776E00646F776E0075700063686169B7
:1023A0006E006379636C696300327820756E6973BF
:1023B0006F6E00736F6C6F00706F6C79006D6F6E75
:1023C0006F006C61670071747A003C3D003E3D0017
:1023D0006D696E006D6178006174746E0070726F6B
:1023E00064006164640063686F72642073657100E7
:1023F000617270656767696F0073746570207365DB
:1024000071006C666F7E656E7600656E767E6C66BA
:102410006F0066726565006E74006870006270001F
:102420006C70006472756D2032006472756D2031BD
:10243000006672657175656E6379006372757368A5
:10244000007375626F7363007669627261746F0006
:102450006F736320312B32006F73632032006F7310
:1024600063203100706172616D20320070617261B1
:102470006D2031003D2034003D2038003D203136B4
:10248000003D203332003D203634003D20313238CB
:10249000003D203235360072616E646F6D007065EC
:1024A00064616C00776865656C32006D776865659E
:1024B0006C0062656E6465720061667474636800C6
:1024C0007365712E2032007365712E2031006D6F9F
:1024D000642E2034006D6F642E2033006D6F642EE7
:1024E0002032006D6F642E2031006C666F20340046
:1024F0006C666F2033006C666F2032006C666F2054
:102500003100656E76203300656E76203200656E90
:102510007620310064726D320064726D3100766332
:10252000610072656C650064656361006174746B61
:10253000007265736F006672657100637273680084
:1025400066757A7A0073756200786D6F64006D69E4
:102550007800766962720003312B32006F73633248
:10256000006F7363310070726D320070726D3100F4
:102570003D34003D38003D3136003D3332003D36BC
:1025800034003D313238003D3235360072616E64C0
:10259000006E6F69730067617465006E6F7465002B
:1025A0007064616C0077686C32006D77686C0062F3
:1025B000656E6400616674720076656C6F006172AE
:1025C0007000736571320073657131006D6F643432
:1025D000006D6F6433006D6F6432006D6F643100A5
:1025E0006C666F34006C666F33006C666F32006C23
:1025F000666F3100656E763300656E763200656E0B
:10260000763100706F70006D6574616C00626C6F84
:102610007700676C6974636800636C69636B007052
:10262000756C3200747269320073717532007075A6
:102630006C310074726931007371753100626974B4
:102640007300666F6C6400786F720072696E676DFC
:102650006F640073796E630073747032007374700A
:102660003100727371720072736177006C737172F2
:10267000006C7361770073706B320073706B3100A4
:1026800062617432006261743100677267320067A0
:102690007267310068726D350068726D3300687260
:1026A0006D320072616D7000732668007371720084
:1026B00074726900766F77656C203200637361779E
:1026C00000666D6662007170776D006F6C64736197
:1026D00077007761767175656E63650062656C6C15
:1026E000006D6574616C6C69630064726F6E652067
:1026F000320064726F6E65203100646967697461CD
:102700006C007761766573006F7267616E0065704B
:1027100069616E6F00736C61700076696265730049
:1027200063656C6C6F00626F7765640074616D70D7
:102730007572610063686F69720066656D616C65D2
:10274000006D616C6500766F77656C006E6F697304
:10275000650070776D00386269747300666D007093
:102760006164007A747269616E676C650068707A82
:1027700070756C73650062707A70756C736500704B
:102780006B7A70756C7365006C707A70756C7365BC
:102790000068707A7361770062707A736177007095
:1027A0006B7A736177006C707A736177007A73610A
:1027B000770073696E6500747269616E676C65009D
:1027C00073717561726500736177006E6F6E65007D
:1027D0006F6E006F6666006F63747600612F7371B1
:1027E0000073707264006F637400737263650061DC
:1027F0006D6E74006F6D6E69006C736571006C6155
:10280000756E63686B657920736571006363206D15
:10281000617000657874006F757470206D6F646509
:1028200000696E70742066696C74657200737761FC
:102830007020636F6C6F72730063617264206C65EB
:102840006473006C656473006175746F206261630A
:102850006B75700068656C7000736E6170006D69F7
:1028600064690067726F6F7665006C656E70006CEE
:10287000656E32006C656E310070617474206C6539
:102880006E0073657132206C656E00736571312066
:102890006C656E00677269640068696768006C6FD8
:1028A00077006C61746368006C7463680062706DBB
:1028B0000070617274006368616E6E656C007061B7
:1028C000747465726E00646972656374696F6E001A
:1028D00072616761006172702F73657100706F7251
:1028E00074616D656E746F006C656761746F007301
:1028F0007072656164006F637461766500766F6CF9
:10290000756D65006D6F6469662E006D6F64696634
:10291000696572006D6F64756C2E006D6F64756C07
:102920006174696F6E00696E3200696E31006465B2
:102930007374696E6174696F6E00736F757263652D
:1029400000766F696365206C666F006C666F2F653B
:1029500067007261746500747269676765720072FE
:10296000656C65617365007375737461696E00648D
:10297000656361790061747461636B006B65796292
:102980007E7663660076656C6F7E766366006C6645
:102990006F327E76636600656E76327E76636600A1
:1029A0006D6F6465007265736F6E616E6365006163
:1029B0006D6F756E74006F70657261746F72006315
:1029C000726F73736D6F642E00737562206F736323
:1029D0002E006F7363206D69780074756E650072E8
:1029E000616E676500706172616D65746572007714
:1029F000617665666F726D002F42414E4B2F002F3E
:102A0000484953544F52592F002F434C495042527A
:102A1000442F434C495042524400F000210200042C
:102A2000000001000101010000000000000000049E
:102A30000003010402050002030506090B0D0F0047
:102A40009B2B00010203040506070100F0019B2BEC
:102A5000080D0C0B090A0E0F00000F029B2B101122
:102A6000FF121617494A0201F0039B2B181E1F1D67
:102A7000191A1B1C1302F0049B2BFF2021FFFFFFE0
:102A8000FFFF03020F059B2B22232425262728293D
:102A90001403F0069B2B2A392F302B2C2D2E0704E4
:102AA000F0079B2B313233343536373808040F08A2
:102AB0006B2B00000000000000000604FF093B2B08
:102AC0003A3B3C3DFFFFFFFF0A05F00A9B2B3E3FD0
:102AD0004041FFFFFFFF09050F0B832BF0F1F2F3DD
:102AE000F4F5F6F70C06F00CE32B000000000000F4
:102AF00000000B060F0DCB2B0000000000000000B3
:102B00000D07F00E532B00000000000000000D0820
:102B1000F00F9B2B42434748444546F81008F010FD
:102B20009B2B4B4C4DFFFFFFFFF90F08F011B32B10
:102B300000000000000000001108F0E252D652BD73
:102B400052A14BE95237531D51255309517B534232
:102B50004D11519F52F650F750F950FB500751BD9F
:102B60005100000951145292521151E64FED4F009D
:102B70004FF9502E4E974E1D51554E0951F84F1298
:102B80005111517B4B6E4B9A4DF950B74DC54B1DB2
:102B90005100000951364CC74D11517B4B6E4B2CE7
:102BA0004BA14B844BC54B1D5100000951364C4283
:102BB0004D11515E48F6508148F9506E48075189D1
:102BC0004800000951794998481151FD47F650587D
:102BD00044F9502F4507519147000009513146F201
:102BE000469F477542F6508D42F950FB50DF421D1B
:102BF00051000009513643125111513C41F6503FEA
:102C000041F95089415E416E4100008F419941591F
:102C1000421151796573207C206E6F006B6E6F627C
:102C200020787C70617274207A7C00706572666FA7
:102C3000726D616E63652070616765206375737482
:102C40006F6D697A6174696F6E00534420636172BD
:102C50006420492F4F206572726F7200204120203E
:102C60007C206120207C203120207C205F20207C63
:102C7000207E20207C207E202020736176657C656C
:102C800078697400207C202020696E69747C7365EB
:102C90006E647C736176657C76657273696F6E7342
:102CA00020206D6F72657C6578697400707265664E
:102CB0007C7E696E697C4449414733202020202076
:102CC000202020202020202020206D6F72657C6530
:102CD000786974006D756C7469007573652063752F
:102CE0007272656E74206D756C74692061732064F6
:102CF000656661756C743F0028656D707479292074
:102D000020202020202000006578697400636C6B0F
:102D10003A667700202D2D00415544200069646CEF
:102D20007569206C6F6473617662616B737973731C
:102D300064746D69640052535420004D494420006E
:102D40004C4F57200052414D20006578697400694E
:102D50006E7374616C6C0075706772616465007588
:102D600070677261646500414C4C00706F72742032
:102D70003120646576696365203F2020004B5A61ED
:102D80006D62696B61002F564F494345242E4249BD
:102D90004E002F564F494345242E42494E002F41A5
:102DA0004D42494B412E42494E003C2D6261636BBE
:102DB000006D6F72652D3E0007206E6F74652007F1
:102DC00076656C6F636974792007737465707365D9
:102DD0007120310773746570736571203200636F01
:102DE00070797C737761707C7061737465202020CA
:102DF0002020203C3C207C203E3E207C6B65657082
:102E00007C657869740076657273696F6E00766FA1
:102E10006963656361726400822039393E39112427
:102E20001FBECFEFD0E1DEBFCDBF11E0A0E0B1E02B
:102E3000EEEAF7ED02C005900D92A034B107D9F784
:102E40002FE0A0E4B1E001C01D92A63DB207E1F77A
:102E500017E1CEE0D7E104C02197FE010E94956AF8
:102E6000CC30D107C9F713D60C948A6B0C940000B0
:102E70000F931F93CF93DF938C01EB01AB0170E0B5
:102E800060E00E942E6B009719F0EC01C01BD10B83
:102E9000CE01DF91CF911F910F910895EF92FF9294
:102EA0000F931F93CF93DF937C01162F042FC62F10
:102EB000D0E0BE01DDDF282F1817A9F02197CE0D35
:102EC000DF1D8E0D9F2D911DFE013C2F3E1B3117E6
:102ED00050F40197321728F4DC013C91308331978C
:102EE000F4CF0083FCCFCDB7DEB7E6E00C94E86A00
:102EF00040E2D4CF08951F93CF93DF93EC01162FB8
:102F000070E0B6DFFE01E80FF11D8E2F8C1B8117DC
:102F100018F480E28193F9CFDF91CF911F9108954A
:102F2000A4E0B0E0E6E9F7E10C94D06A8FB7F8943A
:102F3000209141013091420140914301509144015F
:102F400029833A834B835C838FBF69817A818B812C
:102F50009C812496E2E00C94EC6AFC0110820895B6
:102F6000FC018081882329F0CF0101960C943962FD
:102F7000089584E1089501960C942E620895FC0151
:102F80008081882311F0CF01F6CF0895B0E0A0E052
:102F9000ECECF7E10C94C96AEC018B01B42E7901D9
:102FA0008881882311F0CE01E6DF6E018FEFC81A09
:102FB000D80A4B2DB801C6010E94D25D813051F470
:102FC000E114F10439F0C70124D04B2DB801C6013A
:102FD0000E94D25D91E0811190E09883CDB7DEB779
:102FE000E9E00C94E56AFC018081882329F0CF0197
:102FF00001960C94FD5E089584E10895FC018081A2
:10300000882329F0CF0101960C945360089584E140
:103010000895CF92DF92EF92FF92CF93DF9300D08B
:1030200000D0CDB7DEB77C0165E471E080E00E949E
:10303000BE5D76DFDC01CB018E0D9F1DA11DB11D94
:103040006C017D016DDF6C157D058E059F0590F48B
:1030500080E00E946F67982F817090FDF3CF0F90F2
:103060000F900F900F90DF91CF91FF90EF90DF9036
:10307000CF90089581E0F3CF0C94FE630895CF9232
:10308000DF92FF920F931F93CF93DF93EC016C01BC
:103090008FEFC81AD80AF601F1906F01FF20B1F046
:1030A000FFE2FF12F8CFF60112928F01CE010E94CB
:1030B0008864F801F082982F977F69F3DF91CF91B0
:1030C0001F910F91FF90DF90CF90089580E0F6CF91
:1030D0000C949C650895982F882349F070E06F5FE9
:1030E0007F4F81E09617170619F080E0089581E080
:1030F00008950F931F93CF938C01C42FFC018081FF
:10310000EADF8823B1F0F80191812281291738F094
:10311000C91718F081E02C1738F480E005C081E071
:103120002C1710F4C917C8F38170CF911F910F911C
:10313000089580E0FACFEF92FF920F931F93CF9301
:10314000DF93082F162FCEEFD4E086E3E82E85E03C
:10315000F82E412F602FCE01CCDF882321F0612F84
:10316000C7010E94F02C249683EAE81A8EEFF80A31
:1031700085E0C631D80769F7CDB7DEB7E6E00C9435
:10318000E86AA7E0B0E0E7ECF8E10C94D06A2983A4
:103190003A834B835C836D837E838F838091020EA1
:1031A000882351F0CE0101960E94A932882321F094
:1031B000CE0101960E94CF3241E0BE016F5F7F4F8A
:1031C00080E00E946C352796E2E00C94EC6A9091C6
:1031D0001A0180911B0120911701E2E1233031F0A7
:1031E00030911801E32FEE0FE30FE20FF0E0EE0F46
:1031F000FF1FED57F04F918380830895B0E0A0E06A
:10320000E4E0F9E10C94CB6AD82EC62FD42F82E0EB
:10321000809333041092350410923404E091470FE8
:10322000F091480F309701F1642F8C2F0995882376
:10323000D9F023E0822F8295807F880F880F8F63DB
:1032400090917303E92FF0E0EE0FFF1FEB58FC4F56
:1032500080838FEF81839F5F977090937303CDB7C7
:10326000DEB7E7E00C94E76A8091F304811101C0B6
:1032700033D60EEF14E086E3E82E85E0F82E4C2FCF
:103280006D2DC80136DF882329F04D2F6C2FC70123
:103290000E941A2E0C5F1F4F83EAE81A8EEFF80A7D
:1032A00085E00631180759F7DACFCF93C82F809100
:1032B000F90D8350823028F440E070E060E08C2FFC
:1032C000E5D48C2F0E94BA37CF9108958091A7033F
:1032D0009091A803891B877091F08091C00085FFB1
:1032E0000DC08091A803E82FF0E0E755FC4F9081D6
:1032F0008F5F87708093A8039093C6000895809194
:10330000B1039091B203891B8F779091D0049817E5
:1033100010F48093D004882389F38091C00085FF46
:10332000EDCF8091B203E82FF0E0ED54FC4F908197
:103330008F5F8F778093B203DFCF9091CC0487E0CB
:103340008093CC048091C00087FF15C02091C600F7
:1033500080918603309185038150831B8F7159F0D2
:1033600080918503E82FF0E0E957FC4F20838F5FC1
:103370008F71809385039093CC0408951F920F92D0
:103380000FB60F9211242F933F934F935F936F9338
:103390007F938F939F93AF93BF93CF93EF93FF93BD
:1033A0008091C30481111FC081E08093C30478948D
:1033B00032D4C3DF8BDF0E94823E9091C204892FFA
:1033C000837041F48091400126E6280F2D37E8F400
:1033D0002093400181E0890F9F32A9F18093C204BC
:1033E000F8941092C304FF91EF91CF91BF91AF91E8
:1033F0009F918F917F916F915F914F913F912F910D
:103400000F900FBE0F901F90189587518093400129
:1034100020914101309142012F5F3F4F3093420193
:10342000209341012091410130914201232B91F6DB
:1034300020914301309144012F5F3F4F309344016D
:1034400020934301C7CF1092C204C091CC0486E000
:103450008093CC040E94FC69C093CC04C1CFF89443
:10346000B8D378941092C1001092C90014BE809114
:10347000600088618093600010926000389A80E05C
:103480000E9453398091C0008D7F8093C0001092BC
:10349000C50087E28093C4008091C100886080935A
:1034A000C1008091C10080618093C1008091810042
:1034B000887F826080938100809180008C7F816012
:1034C000809380008091B100887F81608093B100FB
:1034D0008091B0008C7F81608093B00080917000FB
:1034E0008160809370000E94973D80916F008160A1
:1034F00080936F000E942E410E94F4408091FD0D48
:10350000811102C00E94DE4080913D04811103C000
:1035100081E00E94533981E090913D04911180E057
:10352000B1D40C942F3108952C9A08952C988EBD07
:103530000DB407FEFDCFF8CF08959091CA0481E045
:1035400089278093CA048091800420918104821B82
:103550008F71A9F0913099F090918104E92FF0E0FA
:10356000EE0FFF1FEE57FB4F208181819F5F9F7100
:103570009093810495B1987F922B95B9D7DF809174
:103580003E0490913F04891B8F71B9F08091CA0469
:10359000811113C090913F04E92FF0E0EE0FFF1F5F
:1035A000E05CFB4F208181819F5F9F7190933F047E
:1035B00095B1987F922B95B9B9CF08951F920F922C
:1035C0000FB60F9211242F933F934F935F936F93F6
:1035D0007F938F939F93AF93BF93EF93FF938091CC
:1035E000FC049091FD0401969093FD048093FC04EB
:1035F0002091FA043091FB042F5F3F4F3093FB047E
:103600002093FA042091F6043091F704821793076F
:1036100048F08091F8048F5F8093F8041092FD04C5
:103620001092FC048ADFFF91EF91BF91AF919F91BF
:103630008F917F916F915F914F913F912F910F905B
:103640000FBE0F901F901895279A259A2698249AB6
:103650006BDF249A69DF8DB58E7F8DBD8DB581605E
:103660008DBD81E58CBD0895B0E0A0E0EAE3FBE10B
:103670000C94CB6AD82EC62F8091F80D81FD6FC0B7
:1036800012E05091CF045A3108F04CC08EEFE82E72
:1036900084E0F82ED0E000E06D2DF70180811BDD85
:1036A000882391F082E08093170110921D011092FF
:1036B0001C01D09318015091CF0450931A01C0936C
:1036C0001B01002309F101E0DF5FF4E0EF0EF11CC4
:1036D000D63011F7002309F43FC00E94194095B17C
:1036E000976095B92E9A80E58CBD81E08DBD809361
:1036F000780F8EEE92E08DDC2E98A6DF1092780F78
:10370000113069F111E0BDCF22E03D2F4091190148
:103710006C2F70911C0180911D0133DD8111D3CF7D
:1037200056DDD2CF83E08093170110921D011092D5
:103730001C01109218015A5150931A01C0931B0199
:1037400023E030E0409119016C2F70E080911D0161
:1037500018DD8111C2CF3BDD81E08093820FCDB7B0
:10376000DEB7E7E00C94E76AB0E0A0E0EAEBFBE14B
:103770000C94C96A8C01862FC62FCF70603F09F464
:103780007EC1673FB9F0D62FD07FF8014481B801E0
:103790006F5F7F4F9091F90D943089F477D2D03BD1
:1037A00009F463C0D0F4D03981F0D03A09F43BC0B9
:1037B000D038A1F1CDB7DEB7E9E00C94E56A9330DB
:1037C00071F7D03859F1D03949F7F8014281618158
:1037D0008C2F442331F112DDEDCFD03D09F4EDC043
:1037E00038F4D03C39F7F80161818C2F3DDFE2CF0E
:1037F000D03E09F4FFC0D03FE9F6CC3008F027C135
:10380000CA3008F040C1CC2309F439C1C83091F660
:1038100080911605883270F6AAD3CCCFF801618169
:103820008C2F89DCC7CFF801B280D1810EEF14E074
:1038300066E3E62E65E0F62E76E1C72E75E0D72E1C
:103840004D2F6C2FC80155DC882329F04B2D6D2F8F
:10385000C7010E94C1260C5F1F4FF3EAEF1AFEEF6B
:10386000FF0AC016D10661F7A5CFF801D181E8E8BB
:10387000ED0FE83008F077C0F0E0EA56F4490C9418
:10388000956A0EEF14E056E3E52E55E0F52E6C2F09
:10389000F801808120DC882319F0C7010E94732879
:1038A0000C5F1F4FF3EAEF1AFEEFFF0A25E0063127
:1038B000120769F77FCF0EEF14E046E3E42E45E0F0
:1038C000F42E6C2FF801808106DC882319F0C701E3
:1038D0000E94A6240C5F1F4FF3EAEF1AFEEFFF0AC7
:1038E00025E00631120769F765CF0EEF14E036E3E5
:1038F000E32E35E0F32E6C2FF8018081ECDB88237A
:1039000019F0C7010E94BB290C5F1F4FF3EAEF1AA1
:10391000FEEFFF0A25E00631120769F74BCF0EEFE5
:1039200014E06C2FF8018081D6DB882321F081E040
:103930008C0FF80180830C5F1F4FF5E006311F07E5
:1039400081F738CF0EEF14E06C2FF8018081C3DBD4
:10395000882311F0F80110820C5F1F4FF5E006314B
:103960001F0791F727CFF801D280D11103C0D09261
:10397000CF0420CF84E0809333041092350410925A
:1039800034040EEF14E026E3E22E25E0F22E6C2F35
:10399000F8018081A0DB882329F04D2D6D2FC70110
:1039A0000E94472D0C5F1F4FF3EAEF1AFEEFFF0A4C
:1039B00025E00631120759F7FDCEF801D1810EEF4F
:1039C00014E096E3E92E95E0F92E6C2FF801808142
:1039D00082DB882321F06D2FC7010E94BC260C5F7B
:1039E0001F4FF3EAEF1AFEEFFF0A25E00631120738
:1039F00061F7E0CEF801C280F0E8CF9EC00111244B
:103A0000F801C180C80ED92ED11C83E08093330405
:103A100010923504109234040EEF14E086E3E82E81
:103A200085E0F82E6C2FF801808155DB882321F08A
:103A3000B601C7010E94B3260C5F1F4FF3EAEF1ACD
:103A4000FEEFFF0A25E00631120761F7B3CECC3056
:103A5000E1F0CF3009F0AECE86E395E095D783E96B
:103A600096E092D780EF97E08FD78DE499E08CD7DE
:103A70008AEA9AE089D787E09CE086D79BCEF80156
:103A8000818113DC97CE28D295CE50D293CEE7DC3D
:103A900061E081E10E94F4398091740380937303A3
:103AA0008091850390918603891B8F7109F48DC0E5
:103AB00080918603E82FF0E0E957FC4F60818F5F2B
:103AC0008F71809386038091F90D81110BC08091D5
:103AD000B103E82FF0E0ED54FC4F60838F5F8F77E8
:103AE0008093B103683F20F084EC94E03DDED8CFB2
:103AF00067FF60C0862F807F1092C80491E090938A
:103B0000C904803B09F442C050F4803A09F43EC035
:103B1000862F807E8038D1F16093C4041AC0803E25
:103B2000A9F1803F71F1673F09F03CC08091C40466
:103B3000803F69F487EFB9DB8091D10D843081F546
:103B40008CE2809333041092350410923404109266
:103B5000C4049091C8048091C904981708F4A0CFB8
:103B60006091C40484EC94E0FFDD1092C80480915D
:103B7000C404813F08F494CF1092C9041092C40485
:103B80008FCF862F8F708150823020F482E0809317
:103B9000C904C9CF862F8C7031F21092C904C3CFEB
:103BA00084E2CFCF603F09F0B7CF6093C40480EFC9
:103BB0007CDBCFCFE091C80481E08E0F8093C804F6
:103BC000F0E0EC53FB4F6183C4CF51D20E94AF3B76
:103BD00067CF84B78093CD048DB79EB74097E6ED4D
:103BE000FFE0E817F90718F425EA2193FACF0895C2
:103BF0008091CD0408952FB7F8948DB79EB72FBF4D
:103C00002FE0863D920721F018F0865D9F400895D1
:103C100090E080E008958DB79EB720910301309128
:103C200004018217930740F49093040180930301E9
:103C30008091CC048093CB040895DDDF8A52904FAD
:103C4000E6EDFFE0E817F90728F42081253A11F4A2
:103C50003196F8CFCF01865D9F4008959091A703DC
:103C6000E92FF0E0E755FC4F80839F5F97709093BA
:103C7000A70308959091B103E92FF0E0ED54FC4FB4
:103C800080839F5F9F779093B10308951F93CF9395
:103C9000DF93EB01142FEEDF112331F08881EADF8F
:103CA000113011F08981E6DFDF91CF911F910895E6
:103CB000CF93DF93D62FC42FDDDF8D2FDBDF8C2F4B
:103CC000D9DFDF91CF9108959091B2032091B10394
:103CD0009150921B9F77C1F3CDCF0895382FEEEF0F
:103CE000F4E020E08FEF321729F09381982393833B
:103CF000909589232F5F34962630A9F708950F9366
:103D00001F93CF93DF930EEF14E0C6E3D5E0F801E5
:103D10006381CE010E94D6280C5F1F4FC35ADE4F2D
:103D2000FDE0C436DF0799F7DF91CF911F910F9126
:103D3000089586E395E032D783E996E02FD780EFA8
:103D400097E02CD78DE499E029D78AEA9AE026D724
:103D500087E09CE023C70895A6E0B0E0E2EBFEE137
:103D60000C94C66A2091160530E0C901880F991F8E
:103D7000092E000CAA0BBB0BAC01BD0144525440F0
:103D80006A4F7F4F49835A836B837C83220F331F93
:103D9000220F331F032E000C440B550B69817A81CF
:103DA0008B819C810E94796A790150911705652F5A
:103DB00070E0660F771F6156774E7E836D8380902B
:103DC0001805912CB12CA12CF2EDCF2EF4E0DF2EB2
:103DD00010E000E08BE598E1ABE5B8E1892B49F014
:103DE000ED81FE8185919491FC01E00FF11FA59179
:103DF000B49197010E949B6AA50194010E94156AE3
:103E000069837A838B839C838B819C818E0D9F1D1C
:103E1000F601819391936F010E5F1F4F00321105E0
:103E2000C9F68091D2049091D3049093F7048093C3
:103E3000F6042696ECE00C94E26A8EDF8FEF4EDFFC
:103E40005EDF81E08093D10408951F93CF93DF93C9
:103E5000182F48E350E06CE770E08EEF94E00E948A
:103E6000046BC6E3D5E0612FCE010E949029C35AAE
:103E7000DE4F8DE0C436D807B1F7DFDFDF91CF9199
:103E80001F910895CF93C82F86E395E00E94622882
:103E900083E996E00E94622880EF97E00E94622802
:103EA0008DE499E00E9462288AEA9AE00E946228E2
:103EB00087E09CE00E946228CC2341F080E0C5DFCF
:103EC0000E9471311092F304CF9108950E94C6317F
:103ED0008823A1F3B2DFF6CF8091F90D813011F480
:103EE0008AEFBCDE1092F5041092F4041092F204F2
:103EF00086E395E053D683E996E050D680EF97E0CD
:103F00004DD68DE499E04AD68AEA9AE047D687E012
:103F10009CE044D68091D2049091D3049093F7040E
:103F20008093F60481E08093F30408958091F90D65
:103F3000813011F48CEF92DE86E395E00E94202A16
:103F400083E996E00E94202A80EF97E00E94202AD1
:103F50008DE499E00E94202A8AEA9AE00E94202AB1
:103F600087E09CE00E94202A1092F3040895EF92CB
:103F7000FF921F93CF93DF938091F50491E0980F08
:103F8000853009F44CC09093F5048091F3048823A4
:103F900009F43FC0EDEAF5E0C6E3D5E02081DF019A
:103FA000A052BF4F8C91082E000C990B28171906B0
:103FB00009F450C0BEDE8091F90D813011F488EF14
:103FC0004DDE84E6E82E8DE0F82E11E0CE010E9451
:103FD0004E30FE01E451FF4F8081811110E0C35A41
:103FE000DE4FEC16FD0691F780911605883288F0B9
:103FF000209119051123B1F18091F2048F5F809314
:10400000F20438E1239F900111248217130609F06E
:1040100060F5DF91CF911F91FF90EF90089510927E
:10402000F5048091F40491E0980F8F3081F0909323
:10403000F404E091F404F0E0EE0FFF1FEE52FB4FAA
:10404000808191819093F7048093F6049ECF109223
:10405000F404EFCFE35AFE4F8DE0EB3DF80709F093
:104060009DCFA9CF1092F204D4CF60DFD2CFCF93EF
:10407000DF938091FA049091FB0488329105C0F09F
:104080002091F9042F5F2093F90488979093FB0403
:104090008093FA04C6E3D5E06091F9046170CE0123
:1040A00092D4C35ADE4F8DE0C436D807A9F7E1CFCA
:1040B0008FB7F894C091F8041092F8048FBF8091E4
:1040C0001605883220F0C15010F051DFFCCFDF918F
:1040D000CF910895E82FF0E0E250FB4F90819617C2
:1040E00081F060839091D10492609093D1048831E3
:1040F00028F48370833029F4A0CE08958B3108F41E
:104100002BCE089586E395E0FC01E059FF4F24E5AE
:10411000DF011D922A95E9F7835A9E4FBDE0843650
:104120009B0791F70895CF93C62F9A01009741F40A
:10413000FA0180E38193C150C1111082CF9108959B
:1041400097FF08C04DE2F90141939F01C15091953D
:104150008195910940E0E42FF0E04F5FEC59F24F78
:104160006AE070E00E94446A8083CB01009799F76F
:10417000842F522F932F882369F08150E52FF92F38
:10418000A82FB0E0AC59B24F9C91905D91935E2FF7
:104190009F2FF1CFF901E40FF11DC41BCDCFFC011E
:1041A000CB01EE0FFF1FE959F24E6591749150E07B
:1041B0000C941F6B0895FC01862F9281992381F046
:1041C000238164816F5F621B880F382F639F812D6D
:1041D0001124820F943121F48F3E08F080EF8E7FFE
:1041E00008951F93CF93DF93EC01162F642FE3DF25
:1041F0009A819330F1F4612F110F770B681B7109CD
:1042000087FD73952C818B81281B30E085E03595E7
:1042100027958A95E1F777FF03C07195619571093C
:1042200081E0261737070CF480E0DF91CF911F91D2
:104230000895212F281B330BB901E4CFFC018381A2
:104240009281933031F4681754F08481861734F4E6
:104250000895681720F08481681708F4862F089560
:10426000FC01862F922F042E000C550B23813281E6
:10427000333021F5460F511D67FD5A95992381F082
:104280008481682F082E000C770B6417750764F182
:10429000022E000C330B421753077CF0842F089535
:1042A000022E000C330B421753073CF02481022EE0
:1042B000000C330B241735078CF70895460F511D5A
:1042C000992349F084818417150674F02417150684
:1042D00009F09CF7E3CF2417150609F074F79481D1
:1042E0009417150654F3DACF822FE7CFFC017481BF
:1042F000838161E0670FE62FE81B40910101509137
:1043000002019A0121703327319521953109222725
:10431000347B569547952427352730930201209307
:104320000101932F681304C0781749F0832F089573
:104330009E1720F0282F261B920FFACF890F089581
:10434000DB0190E08C3018F09F5F8C50FBCF880F22
:10435000E82FF0E0EF52F94FE491EC938F5FE82FF4
:10436000F0E0EF52F94FE4911196EC931197E92F99
:10437000F0E0EB53F94FE4911296EC9312971396F9
:104380001C920895B0E0A0E0E8ECF1E20C94C66A5B
:104390006C01C62F4A01D22FFC018281E82FF0E088
:1043A000EE0FFF1FE651F94FA590B4907501062F4F
:1043B00010E0823049F08A50823148F4E82FF0E072
:1043C000E256F4490C94956ACF5F0F5F1F4FA1141A
:1043D000B104D9F087E69DE1892B31F04D2FB4016E
:1043E000C7018C0F911DDBDE6D2FC4010E94781771
:1043F000CDB7DEB7ECE00C94E26AFAE06F9F800183
:104400001124E5CF6F3018F3CF50F601828183314C
:1044100059F3833019F40C2FCC0F110BDD2321F34A
:10442000A4016D2FC8017FDEDFCF263080F232ED90
:10443000E32EF12CCFCF263050F221EFE22EF12CDB
:10444000C9CF683220F691E4E92EF12CC0E0C2CF4A
:10445000B4018C2F75DFBBCF6111B9CF85E4E82E95
:10446000F12CB8CF1F93CF93DF93FC01162FD72FDA
:10447000C42F473098F48185928527E63DE1232BB0
:1044800021F04C2F612F7D2F8ADE6C2F812F9D2FE5
:104490000E947B17DF91CF911F91089583859485AA
:1044A000ECCFA4E0B0E0E7E5F2E20C94CA6A6C015C
:1044B000142F79016F3F71F080E7F901808384E761
:1044C000818380E282836F5C638384830550C901AA
:1044D00005967C0187E69DE1892B31F0402FB701DD
:1044E000F601858596855BDEF60187818F3FF1F0C9
:1044F00080E289831C82812F90E0AE014E5F5F4F86
:1045000062E0019610DE602F70E0C7010E9438174C
:10451000982FDE011196F701E80FF11D8D5F9017BE
:1045200028F42D919F5F21939813F9CF602FC70135
:104530000E947B172496E8E00C94E66AB0E0A0E0C5
:10454000E4EAF2E20C94CB6A182FD92FD62E7A0126
:10455000C22F422FB70186DF2FEF2C0FF701E20F9A
:10456000F11D8081803219F421500F5FF7CF2F5F4A
:1045700030E0F701E20FF31F80E280832F5F3F4FAF
:10458000A701420F531F202F6D2D812F9D2FFADE83
:10459000CDB7DEB7E7E00C94E76ACF93C82F87E08A
:1045A00091E0CE3FA1F0809106018C1771F08FE071
:1045B000C89FB00111246C547F4F4FE050E08BE650
:1045C0009DE00E94046BC09306018BE69DE0CF91B5
:1045D0000895E82F8091FF0D823059F4E23428F4D9
:1045E000F0E0EB5EF94F84910895E63640F08EEFEF
:1045F0000895E03720F4F0E0EB5AF94FF4CF8FEF55
:10460000089590E8980F903448F0813C08F08FEFBF
:10461000E82FF0E0EB5AFA4F849108958EEFF8CF2F
:104620000F93FC01962F622F202F36818181439FAB
:10463000800D112430813230B1F030F090E0333011
:10464000A1F08059904F13C04DE551E0949FF001C7
:10465000959FF00D1124462F682FCF018A5C9A4F49
:10466000CCD50F91089536DDFCCF8850924FFC01D8
:104670006083F7CFFC0196818181499F800D1124D1
:10468000208190E02230A1F028F02330A1F0805961
:10469000904F0BC04DE551E0649F9001659F300D38
:1046A00011242A5C3A4F820F931FFC0180810895E8
:1046B00082509B4FFACF8850924FF7CF2091010143
:1046C00030910201C90181709927919581959109D5
:1046D0008827947B3695279582279327909302010C
:1046E00080930101892F0895E62FF0E0EE0FFF1F60
:1046F000B096EF73E80FF92FF11D90898189692F2A
:104700006F77782F7F778078907808959C0185E087
:104710002633380709F186E02339380701F187E0AD
:10472000203F3807F9F089E02D343807F1F08AE0AE
:104730002A3A3807E9F027503C40E9F485E090E058
:10474000880F991F880F991FFC01E250FB4F808151
:10475000882391F08150089590E080E0F1CF81E0CE
:1047600090E0EECF82E090E0EBCF83E090E0E8CF06
:1047700084E090E0E5CF80E00895E82FF0E0E7588E
:10478000F04F108260E60C9428400895CF93DF9399
:10479000C62FD42F2091F90D213029F4B7DF4D2FEA
:1047A0006C2F806985DADF91CF910895CF93DF93E5
:1047B000C62FD42F2091F90D233029F4A7DF4D2FD8
:1047C0006C2F806975DADF91CF9108951F93CF9395
:1047D000DF93D62FC42F2091F90D223088F123309A
:1047E00029F46F3719F4443009F4C1E08FDF909158
:1047F000CE049F5F9093CE0420910501182F106B7B
:104800002D1302C0903280F04D2F441F4427441FC7
:1048100063E6812F4DDA4D2F4F7762E6812F48DA1C
:10482000D09305011092CE044C2F441F4427441FFF
:1048300066E0812F3DDA4C2F4F7766E2812F38DA20
:10484000DF91CF911F910895EF92FF921F93CF9325
:10485000DF93EC01FC01E65AFE4F81E0808310E01B
:104860007E018AECE80EF11CF7018081181750F4E4
:10487000FE01E10FF11DEC53FF4F80810E94584073
:104880001F5FEECF88EA91E60197F1F710E0F7019C
:104890008081181760F4FE01E10FF11DEC53FF4F0A
:1048A00040E7BE0180810E9497401F5FF0CFDF91FB
:1048B000CF911F91FF90EF9008959C01FC01E55866
:1048C000FF4FE081F0E0EC5FF74FE49127513F4F5D
:1048D000D901EC930895CF93DF93DC01EC01C05232
:1048E000DF4F9C01285E3F4F5D96EC915D97EF3066
:1048F00070F4F0E0EC5FF74FE491E88318962196AE
:104900000696A217B30781F7DF91CF910895EF5074
:10491000F0E0EE0FFF1FE959F34E45915491FC0171
:10492000E553FF4F51834083E9CF262F30E02F5FBF
:104930003F4F86539F4FFC0180818217130621F061
:104940001CF081E0860F089580E008951F93CF93B7
:10495000DF93EC01FC01E551FF4F108210E0FE01F6
:10496000E653FF4F8081181758F4FE01E10FF11D47
:10497000EC53FF4F68EF80810E9428401F5FEFCF0C
:10498000DF91CF911F9108950F931F93CF938C01C7
:10499000C0E0F801E653FF4F8081C81780F4F801AA
:1049A000EC0FF11DEC53FF4F8081E82FF0E0E7584A
:1049B000F04F108269EF0E942840CF5FEACFCF917D
:1049C0001F910F910895B0E0A0E0E9EEF4E20C949D
:1049D000C46A8C01862EFC01E951FF4F80819181D0
:1049E00001969183808358018AECA80EB11CF501D1
:1049F0008081882309F47BC06801E801C553DF4F3B
:104A00007801FDEDEF0EF11C912CF601848D2881CB
:104A100039814A815B81420F531F5B834A8391E056
:104A20004217530708F090E09C83652F823039F1DC
:104A300078F4752E770C7708811127C0440F452F25
:104A4000441F550B5195742E67FD1FC070941DC0F7
:104A5000752E8330D1F08450982F8D5E974FFC01D6
:104A6000E50FF11D442F85911590419DF001409572
:104A7000489FE00DF11D11248F2F782E06C042179C
:104A8000530710F41BDE8D837D80992011F0882060
:104A9000B9F0F7018681871589F0612CF5018081D5
:104AA000681660F4F801E60DF11DEC53FF4F472D39
:104AB000692D80810E948B406394F0CFF70176824C
:104AC000F601878D823041F48C81958D9F30A0F462
:104AD000F7018081882391F09394F8E0CF0ED11CE8
:104AE00026968FEFE81AF80AE3E09E128ECFCDB734
:104AF000DEB7EEE00C94E06A882371F3712CF501C7
:104B00008081781648F7F801E70DF11DEC53FF4F4F
:104B1000692D606880810E9428407394F0CFCF9304
:104B2000DF939C01DC01FC01E353FF4F90E080E048
:104B30005F964C915F97413049F442831182108215
:104B4000EC01C352DF4FC20FD31F18820196189693
:104B500036968330910561F7DF91CF910895CF9319
:104B6000DF939C01FC01EC5AFE4F80813296D90103
:104B7000AB5ABE4F813029F410821C92DF91CF9145
:104B80000895E901C451DF4F888181508C932758E3
:104B90003F4FD9018C9181508083F0CFCF93DF9329
:104BA000EC0143E050E070E060E0835B9E4F0E94C8
:104BB000446B43E050E070E060E0CE0183529F4FD1
:104BC0000E94446BFE01E651FF4FDE01A751BF4F2B
:104BD0008C918083EA59FF4F108231968FEF80834A
:104BE000319681E090E091838083EA5DF1098081D4
:104BF000813081F081E0FE01EC5AFE4F80833396D4
:104C0000DE01A958BF4F8C918083CE01A8DFDF91D0
:104C1000CF9108958FEFEFCFB0E0A0E0E2E1F6E2B0
:104C20000C94CB6AEC01FE01E451FF4FD080E457B5
:104C3000F1092081ED2CF12C8E010B5A1E4F2430EE
:104C400059F53CDDFE01EA5AFE4F982F9F70908384
:104C500090E024E0959587952A95E1F7D8018C930B
:104C6000C758DF4F9881292F30E08081482F082EC8
:104C7000000C550B421753071CF0891B8083F5CF9E
:104C8000F8018081282F082E000C330B2E153F05CC
:104C9000DCF18D198083F4CFFE01EC5AFE4F808148
:104CA000D8019C91980F492F092E000C550B4E15D9
:104CB0005F0534F11C92DE01AA5ABE4F9C91980FF9
:104CC0009C93492F092E000C550B8E0107581F4F3E
:104CD000D8013C913417150619F014F097FF14C051
:104CE0002230D9F481958083CE0139DFB1E0BD1542
:104CF00008F499CFF8018081823008F094CF04C085
:104D000097FD07C0F8019083CDB7DEB7E7E00C94BC
:104D1000E76A9FEF9D0D9C93CECFCE0120DFF4CFAD
:104D2000EF92FF920F931F93CF93DF938C01D62FB7
:104D3000F42EE22EC0E0F801E653FF4F8081C81741
:104D400068F4F801EC0FF11DEC53FF4F2E2D4F2DA1
:104D50006D2F80810E947A40CF5FEDCFCDB7DEB757
:104D6000E6E00C94E86A660F771F660F771F272F1F
:104D700040E160E4D5CF0895262F4FE060E4D0CF26
:104D800008950F931F93CF93DF938C01D42FFC01D1
:104D9000E158FF4FC081C13021F08DEF8C0F83307F
:104DA000B8F5C8018C5B9E4F0E94553FE82FD80193
:104DB000A85BBE4F8C91C43039F48695E81718F57E
:104DC000E00FF12FF11D17C0E817E8F4C330C1F769
:104DD000CE2FCC0FF801EC0FF11DEC53FF4F2D2F10
:104DE0004FE060E480810E947A406C2FC8019DDD15
:104DF000F801E80FF11DEC53FF4F2D2F4FE060E459
:104E000080810E947A40DF91CF911F910F91089588
:104E1000642FC801B1DFF7CF0F931F93CF93DF93B8
:104E2000FC0140A580E0442309F454C0C42FD0E025
:104E30008E010F5F1F4FD801AA0FBB1FA00FB11F1C
:104E4000AE0FBF1F5C919E01220F331FD901AC0F23
:104E5000BD1FAE0FBF1F11969C91961709F43FC05E
:104E6000842F452FE0CF90E00196DC01AA0FBB1FF5
:104E7000A80FB91FAE0FBF1F5C939081DF019996F9
:104E800080E09817B1F05D91541311C0A82FB0E0E5
:104E9000692F6150770BA617B7075CF4AE0FBF1FE1
:104EA0009A964C919A9799964C938F5FEFCF8F5F1C
:104EB000E8CFD801AA0FBB1FA00FB11FAE0FBF1FB5
:104EC0001C92C20FD31FCE0FDF1F8FEF89831A8270
:104ED00091509083DF91CF911F910F91089581118F
:104EE000C2CF50A7CACFFF920F931F93CF93DF93E8
:104EF000EC01162F042F90DF88818C3071F4FE01B5
:104F0000CE0184962681211101C0F4803396E817E2
:104F1000F907C1F76F2DCE017FDFFE0181E094819B
:104F20009F3F29F08F5F33968D30C9F780E0282F9F
:104F300030E0A9014F5F5F4FDA01AA0FBB1FA40F3A
:104F4000B51FAC0FBD1F98A59C93F901EE0FFF1F75
:104F5000E20FF31FEC0FFD1F1183028388A79881D6
:104F6000DE01999670E060E0062F691728F59B0135
:104F7000ED916F5F7F4F4E2F50E0FA01EE0FFF1F54
:104F8000E40FF51FEC0FFD1F4181141768F7FE01B8
:104F9000E90FF11D492F50A551A741503197041732
:104FA000D0F32C0F3D1FF90181A79F5F9883CDB7E8
:104FB000DEB7E5E00C94E96AFE01E90FF11DF4CFDC
:104FC000CF93DF93EC01188245E150E070E060E0A0
:104FD00004960E94446B47E050E070E060E0CE0130
:104FE0004B960E94446B198E8FEF89838C838F833D
:104FF0008A878D87888B8B8B8E8BDF91CF910895DD
:105000000F931F93CF93DF93EC018C0101581F4F37
:10501000F8019081892F8D7FAE014E5D5E4F811129
:105020000CC0CA01CDDFC55ADE4FF80180818883EC
:10503000DF91CF911F910F910895FE01E653FF4F2D
:1050400020819330E1F430E02F5F3F4F3695279574
:10505000FE01EC5BFE4F24834F5F5F4F5183408323
:105060009E01215D3E4F3383228381E0943009F419
:1050700080E081958583CF010E94413FD4CF953058
:1050800039F7220FE5CFCF93DF93EC01188244E28A
:1050900050E070E060E004960E94446B4CE050E009
:1050A00070E060E0CE018A960E94446B18A6CE01A3
:1050B00087962FEF29832396C817D907D1F7DF9159
:1050C000CF910895CF93DF93EC01FC01E551FF4FA1
:1050D000108284519F4FD7DFCE018E5D9E4F70DFCF
:1050E000DF91CF9108951F93CF93DF93EC01FC01E3
:1050F000E158FF4F80818D7FF9F4CE018E5D9E4F88
:105100005FDFCE0184519F4FBEDF10E0FE01E6530A
:10511000FF4F80811817B0F4FE01E10FF11DEC5331
:10512000FF4F8081E82FF0E0E758F04F108260E7F2
:105130000E9428401F5FEACFCE018C5B9E4F0E94E9
:10514000413FDFCFDF91CF911F910895EF92FF9202
:105150001F93CF93DF93EC01B0DBCE01BCDBFE01EC
:10516000E65AFE4F81E080837E0180E7E80EF11C65
:1051700010E0F70121917F01412F60E3CE01D0DDE6
:105180001F5F1730B1F7FE01E158FF4F9081E452E5
:10519000FF4F8081981721F0CE01A5DFCE0130DFCF
:1051A000DF91CF911F91FF90EF9008951F93CF93C0
:1051B000DF93EC01162F97DFDE01A653BF4F1C9241
:1051C00080E091E0212F292351F0EC9121E02E0F76
:1051D0002C93EC0FFD2FF11DEC53FF4F8083990FA3
:1051E0008F5F863079F7CE010BDFCE012DDBCE014C
:1051F000ADDFDF91CF911F910895B0E0A0E0E3E033
:10520000F9E20C94CB6AEC01162F042FFC01E60F97
:10521000F11DD08040837C0186EAE81A8EEFF80AFF
:10522000F701808181608083222331F0CE01CEDAC4
:10523000F701808182608083103768F4202F412F2E
:1052400060E2CE016DDD1851183130F1CDB7DEB717
:10525000E7E00C94E76A1737B0F4202F40E9410FDC
:1052600060E3CE015DDD183789F7FE01E858FF4F96
:1052700080818130A1F081E0FE01EC5AFE4F8083F5
:10528000CE016DDCE3CF1F3761F40D15F9F2CE01CD
:105290002ADFCE01B5DEDACFCE011DDBD7CF8FEF0F
:1052A000EBCF1B3701F7CE0108DBD0CFFF920F9376
:1052B0001F93CF93DF93082FF92ED62F142FC62FCD
:1052C0002D2F210F3327331FC217130674F48C2F91
:1052D00098D98F3F41F061D909D8482F20E06C2F31
:1052E000802F9F2D8ADFCF5FEBCFCDB7DEB7E5E014
:1052F0000C94E96ACF93DF93D82FC92F61110CC0AA
:1053000040E750E066E777E00E94046B8D2F9C2F0A
:105310009BDADF91CF91089540E760E0C7DFF6CFD9
:105320001F93CF93DF93EC01162FE4DF11110FC011
:1053300044E550E062E277E0CE0180599F4F0E9441
:10534000046BCE0103DFDF91CF911F91089544E5F7
:1053500060E7CE01ABDFF5CF611109C048E450E052
:105360006AE277E088589F4F0C94046B089548E4F4
:1053700068E79CCF0895CF92DF92EF92FF921F9340
:10538000CF93DF93EC01FC01E551FF4F1081111128
:1053900039C0EC56F10980818D7FD1F4CE018E5D4C
:1053A0009E4F0EDE7E018CEEE80EF11CC7016BDE17
:1053B000D12CFE01E653FF4F8081D81678F4FE0110
:1053C000ED0DF11DEC53FF4F8081D7D9D394F1CF70
:1053D000CE018C5B9E4F0E94373FE4CF6E01EFEA17
:1053E000CE1AEEEFDE0AF60160816F3F59F0E95DFB
:1053F000F1098081853071F040E0CE01C7D98FEF8F
:10540000F6018083DF91CF911F91FF90EF90DF90A5
:10541000CF900895F7018081181788F7E10FF11DEB
:10542000E1A58E2F90E0FC01EE0FFF1FE80FF91FA2
:10543000EE0DFF1D40E06181CE01A8D91F5FEACFCC
:10544000FC01E551FF4F108296CF0895FC018BE5DA
:1054500098E1892B79F0EE0FFF1FE55AF74E859101
:105460009491E62FF0E0EE0FFF1FE80FF91F8591F2
:10547000949108958BE598E108950F931F93CF932E
:10548000DF938C01862FF801EF58FF4F20813CE01D
:10549000230390011124260F311D2038310514F00B
:1054A0002FE730E037FD20E030E8239FE0011124B2
:1054B000F801EC58FF4F2081222349F06CE00E9454
:1054C000246A692F822F90E0C1DFC80FD91FF8012D
:1054D000EE58FF4F80819E01280F311D87FD3A95C0
:1054E000C901DF91CF911F910F9108958C589F4F63
:1054F000FC01208181E0222379F0862F6CE00E945C
:10550000246A692F822F90E0A1DF9C0181E02F3F68
:105510003F4711F480E0089508950F931F93CF93B0
:10552000DF93FC01418D80E0442309F454C0C42F73
:10553000D0E08E010F5F1F4FD801AA0FBB1FA00F35
:10554000B11FAE0FBF1F5C919E01220F331FD90107
:10555000AC0FBD1FAE0FBF1F11969C91961709F49B
:105560003FC0842F452FE0CF90E00196DC01AA0FC9
:10557000BB1FA80FB91FAE0FBF1F5C939081DF0147
:105580005A9680E09817B1F05D91541311C0A82F7E
:10559000B0E0692F6150770BA617B7075CF4AE0F28
:1055A000BF1F5B964C915B975A964C938F5FEFCFE2
:1055B0008F5FE8CFD801AA0FBB1FA00FB11FAE0F9E
:1055C000BF1F1C92C20FD31FCE0FDF1F8FEF898327
:1055D0001A8291509083DF91CF911F910F9108957E
:1055E0008111C2CF518FCACFB0E0A0E0EAEFFAE25A
:1055F0000C94C76AEC01162F042F78DF882309F476
:10560000A4C0402F612FCE01C1D86E012FE7C20E7A
:10561000D11CF60180818D7F09F0A0C07E01FEEDD6
:10562000EF1AFEEFFF0A612FC70177DFF7018081D4
:105630009E012A5D3E4F5901873079F4F901CE0170
:10564000855C9E4F2281211101C090803396E8171E
:10565000F907C1F7692DC70160DFF50181E090818D
:105660009F3F29F08F5F33968830C9F780E0282F5D
:1056700030E0A9014F5F5F4FDA01AA0FBB1FA40FF3
:10568000B51FAE0DBF1DF701918D9C93F901EE0F73
:10569000FF1FE20FF31FEE0DFF1D11830283F701C1
:1056A000818F9081DE01A45CBE4F50E040E0B42EBB
:1056B000491708F04FC09A01ED914F5F5F4F6E2F71
:1056C00070E0FB01EE0FFF1FE60FF71FEE0DFF1D51
:1056D0006181161760F7E92FF0E0E45CFE4FEC0FF4
:1056E000FD1F492FDF015E9150834150FD01B4162B
:1056F000C8F3F701E20FF31F828F81E0890FF701F2
:105700008083612FCE01B9DE5C01F7019080EE2429
:10571000E394E91408F0E12CF601F080FF2009F48D
:1057200061C02E2D402FB501FE01EC53FF4F80814B
:105730000E945B4031E0391508F08EC0FE01EB5845
:10574000FF4F8081882309F487C0CDB7DEB7EBE037
:105750000C94E36AF701E90FF11DCECF5E01FCEB7B
:10576000AF1AFEEFBF0A612FC5010E94693FF82EF4
:105770002FEF821305C0612FC5010E94A63FF82EAE
:10578000F6018081FE01E85BFE4F9081833009F0D5
:1057900045C0F916D0F6BF2CBB0C612FCE016DDED3
:1057A0006C01FE01EB0DF11DEC53FF4F20E0402F8B
:1057B000BC0180810E945B40FE01ED58FF4FE080FC
:1057C000EC0CFD2CF11C6B2DCE01AFD8FE01E80FC7
:1057D000F11DEC53FF4F20E0402FB70180810E9464
:1057E0005B403AC010E0FE01E653FF4F808118177E
:1057F00008F0A0CFB5016F0D711DFE01E10FF11D85
:10580000EC53FF4F2E2D402F80810E945B40FE0104
:10581000ED58FF4F8081F80E1F5FE5CF8530F9F41A
:105820009695F916A0F4612FCE0127DEFE01ED5802
:10583000FF4F2081BC01F29E600D711D1124FE01FD
:10584000EF0DF11DEC53FF4F20E0402FC7CF402F4D
:10585000612FCE010E94D623CE0161D976CFF916F1
:1058600008F073CFE0CFB0E0A0E0E9E3FCE20C94F5
:10587000C76AEC01162F6F3F09F49AC040E00E94FE
:10588000C6237E018FE7E80EF11CD7018C91882397
:1058900049F1823009F44DC0612FCE018C5B9E4FDF
:1058A0000E94F33FF7012081E753FF4F233009F0B7
:1058B00084C09081891708F07BC0182F110FFE015A
:1058C000E10FF11DEC53FF4F80810E94BD23612F3A
:1058D000CE012BD8C80FD11DCC53DF4F88810E9439
:1058E000BD2366C0FE01E653FF4FB0807E01FEED92
:1058F000EF1AFEEFFF0AD7015996EC918E2F90E038
:10590000FC01EE0FFF1FE80FF91FEE0DFF1DD18008
:10591000612FC70102DEF701008101110DC0CC53D8
:10592000DF4F0B1509F444C089910E94BD230F5F1E
:10593000F8CFBB24B394DACF1D113AC0E18D8E2F7E
:1059400090E0FC01EE0FFF1FE80FF91FEE0DFF1DA9
:105950006181CE0192DD8C016E01B4ECCB0ED11CC5
:10596000A12C912CBA14F1F0D7015996EC918E2FFD
:1059700090E0FC01EE0FFF1FE80FF91FEE0DFF1D79
:1059800042814F77B801690D711D21E0F6018191C7
:105990006F010E945B40FE01ED58FF4F8081980E21
:1059A000A394E0CFFE01EB58FF4F80818823A9F03C
:1059B000CDB7DEB7EBE00C94E36A9081253051F46B
:1059C0009695891708F486CF40E0612FCE010E949A
:1059D000D623EECF891760F77DCFCE01A0D8E8CFD0
:1059E000AF92BF92CF92DF92EF92FF921F93CF932D
:1059F000DF93EC01162F7ADD882321F17E018BEEF7
:105A0000E80EF11CF701808181112FC05E01F7E7DC
:105A1000AF0EB11CF5018081833038F56E01FCEECC
:105A2000CF0ED11C612FC601F7D9F50180818823E3
:105A300031F0813089F431968081853069F4612FAD
:105A4000CE0111DFDF91CF911F91FF90EF90DF909A
:105A5000CF90BF90AF900895F60180818111F2CF71
:105A6000F7011082CE0187DCEDCFFE01E051FF4F40
:105A7000CC5EDE4F8081811305C08181882311F0C7
:105A8000806881833396EC17FD07A1F7DBCFB0E088
:105A9000A0E0EDE4FDE20C94CB6AEC01062F142F9C
:105AA000663209F49AC068F5643009F466C008F5F6
:105AB000613009F457C0242F220F42E1623009F40B
:105AC00054C0802F0E94E9228F3F09F451C00E94E8
:105AD000CD227C01FC019581D12C9D1509F48EC04D
:105AE000F7018085801709F489C08681081BD3944B
:105AF000F4CF663031F7411110E8C65BDE4F1883F2
:105B000037C0623609F45BC018F56034D1F180EA21
:105B1000860F8230B0F6FE01E45BFE4FF0808F2DE1
:105B20000E9401238F3F21F10E94CD22EF2DF0E052
:105B3000063209F058C0612F0E941E21482F809123
:105B4000F80D20E06F2D82FD13C0CE0156DB10C092
:105B5000633609F0B6CF411110E8FE01E55BFE4F58
:105B6000108337C0242F220F41E160E4CE01D8D842
:105B7000CDB7DEB7E7E00C94E76A242F220F43E1AC
:105B8000F4CFFC01E551FF4F403418F081E08083F1
:105B9000EFCF10828C0100511F4F7C018CEEE81A70
:105BA0008EEFF80AF801818187FF03C06081CE0182
:105BB00017DF0D5F1F4FE016F106A1F7D9CFDC010B
:105BC000A45BBE4FFC01E55BFE4F2081122B1C93B2
:105BD0001082C65BDE4F1882CBCFFC01E65BFE4F26
:105BE0008081182B98CF4FEF003609F441E0EC0F7D
:105BF000FD1F20E060810E943021A0CF612FC701EE
:105C00000E94DB20482F8091F80D83FDB1CFF70172
:105C10008081823038F486816181D89E600D1124A4
:105C200020E093CF00E0212F4D2D60E0C7010E94BE
:105C300010239ECFEF92FF920F931F93CF93DF938A
:105C4000EC01162F042F52DC882329F0011108C023
:105C5000612FCE01C5DECDB7DEB7E6E00C94E86A71
:105C60007E0187E7E80EF11CF70180818330B1F4F3
:105C70009E0120513F4FBE016C5E7E4FCE0184518C
:105C80009F4F26173707D9F02D5F3F4FF901339704
:105C900040814113F3CF612FBFD8DDCF8430D9F2DB
:105CA000402F612FCE0184519F4F1DD9F701808174
:105CB0008111D1CF402F612FCE0196DCCCCF402F68
:105CC000612F11D9C8CFB0E0A0E0E9E6FEE20C9464
:105CD000C66AEC018C0100591F4FD8011C968C91AB
:105CE000882369F0FE01E35BFE4FE081EF71E00F76
:105CF000F12FF11D20894BE060E4CE0111D8F801AD
:105D00008585882379F0FE01E25BFE4FE081E05F4C
:105D1000EF71E00FF12FF11D20894CE060E4CE011E
:105D20000E9490266E01F7E7CF0ED11CD6018C9110
:105D3000823009F040C04E01BCEE8B0E911CF40184
:105D400080818823C9F0EE56F10980818823A1F073
:105D5000EF52FF4F6081C8010E947423F72E9E010D
:105D60002F5A3E4F5901911144C0D9016C91CE0177
:105D70007ADD8FEFF5018083FE01E35BFE4F90E05B
:105D800080818F5F8193923039F4D6012C91243039
:105D900019F4803108F086C0DF01A25DB1092C91B1
:105DA000821708F084C09F5F933051F7CDB7DEB7FC
:105DB000ECE00C94E26A8430F9F6FE01E258FF4F01
:105DC000A0809E01205B3E4F7901A11047C0CE010B
:105DD000D2DAD7018C918F5F8C93AA2069F2B4E05C
:105DE000AB9E500111248A151B0434F2F701108276
:105DF000C3CFD4019896EC91F0E09F01220F331F9E
:105E0000E20FF31FE80DF91D0181060F1127111F85
:105E10000C5311090038110514F00FE710E017FFBB
:105E200002C010E000E0E02EF501608181110AC09F
:105E3000CE0119DD4F2D4F77602FCE01D5DBF50157
:105E4000E0829ACF0617D9F34F2D4F77602FCE01FE
:105E5000CBDBD5016C91CE0106DDF1CFD9018C9160
:105E60006A2D0E94246AB92E9111B3CFCE0183DA34
:105E7000F70180816A2D0E94246A982E990C990C52
:105E8000692D6B0DC8010E947423472F992329F0B7
:105E90004F77CE0184519F4F26D8B394F4E0BF12C0
:105EA000EFCF97CFDE01A15BBE4F1C927CCFDF010D
:105EB0001197FBCFB0E0A0E0E0E6FFE20C94C86AE7
:105EC000EC01FC01E658FF4FE081F0E0EE0FFF1F10
:105ED000E559F64E859194917E012EEAE21A2EEF55
:105EE000F20AF701208131812823392381E0232B15
:105EF00009F480E0D82ED19410E0FE01E653FF4F64
:105F00008081181740F42D2D4DE060E4CE010E94F1
:105F100090261F5FF2CFFE01E958FF4F808181304C
:105F200019F0833008F472C05E01F8E7AF0EB11CBF
:105F3000F50180818E0104511F4FF8019081992352
:105F400011F0D11010C06E01FFEACF1AFEEFDF0A88
:105F5000F6016081853009F484C0CE0184DC8FEFC6
:105F6000F601808353C0D12C853009F45EC06E01E8
:105F7000FFEACF1AFEEFDF0AF6016081CE0173DC83
:105F8000CE010E940C26FE01EB5AFE4F2081F80143
:105F9000E20FF11D81A5F50190819330B1F0F3E09E
:105FA0008F9F000D111D1124F80131961081418140
:105FB0004F77FE01EA5AFE4F80812CE0829F100D40
:105FC000112417FF1EC01C50FCCFF80190A5808142
:105FD0008150821B40E0292F30E0841761F02F5F51
:105FE0003F4FF901EE0FFF1FE20FF31FE00FF11F0C
:105FF00090814F5FF0CFF3E09F9F000D111D1124A2
:10600000D3CF612FCE01F0DAF6011083F701808142
:106010009181880F991F009709F43DC09183808377
:10602000CDB7DEB7EAE00C94E46AF8018081D816B7
:1060300098F4ED0DF11DE1A58E2F90E0FC01EE0F1F
:10604000FF1FE80FF91FE00FF11F42814F776181B9
:10605000CE01CADAD394E9CFCF5ADE4F8CE38883DE
:10606000D5CF6F3F09F47BCFB12CF8018081B816F2
:1060700008F075CFEB0DF11DE1A58E2F90E0FC012E
:10608000EE0FFF1FE80FF91FE00FF11F6181CE0136
:10609000EADBB394EACF81E090E0C0CFB0E0A0E0CB
:1060A000E4E5F0E30C94CA6AEC01FC01E651FF4F11
:1060B00080818F5F8083DE01A751BF4F9C9189173C
:1060C000E0F01082E357F1092081E052FF4F808118
:1060D000082E000C990B2817190659F02083CE01C1
:1060E000AFD9CE010E94CE25CDB7DEB7E8E00C9443
:1060F000E66ACE01E8DDCE01DDDE7E019E0123529F
:106100003F4F8E0105531F4F6E0180EEC80ED11C0C
:10611000D7015D96EC91EF3088F5D9018C918F5FB6
:106120008C9313969C911397891708F01C92F0E0BA
:10613000EE0FFF1FEA51F84F85919491F9016081AC
:10614000689FA001699F500D112461E0D80112964B
:10615000ED91FC91E417F50708F460E0F801648321
:1061600053834283FE01E951FF4F608171810E9498
:10617000306AD8016D937C9311821082B8E0EB0EE7
:10618000F11C2F5F3F4F0A5F1F4F2C153D0509F093
:10619000BFCFAACF0F931F93CF93DF93EC018881DA
:1061A000823049F178F48823B1F049812DE531E05E
:1061B000429FC001439F900D11248A5C9A4F0E9418
:1061C000A62804C08330A1F0843079F3DF91CF9109
:1061D0001F910F91089549812DE531E0429FC00143
:1061E000439F900D11248A5C9A4F0E942424EECF85
:1061F0000E941D1FEBCF29810DE511E0209FC001FA
:10620000219F900D11248A5C9A4F0E942424298199
:10621000209FC001219F900D1124CFCF0E941940D3
:1062200085B1876085B92E9A80E58CBD81E08DBDF2
:106230008093780F0895FC019081933031F0218193
:10624000822F880F820F890F089582E1089580912F
:10625000B1039091B203891B8F77C9F7089583E743
:1062600091E09093D60D8093D50D0895282F80E06E
:10627000615038F0E22FF92F9191890F2E2F9F2F27
:10628000F7CF0895AF92BF92DF92EF92FF920F93F4
:106290001F93CF93DF937C01D62EEA01A62EB12C5B
:1062A00068817981A5010E94736B088119810A0DAB
:1062B0001B1D198308836D2DC701D8DF682FC80106
:1062C0000E947C6B88819981019699838883DF91F4
:1062D000CF911F910F91FF90EF90DF90BF90AF9003
:1062E0000895A2E0B0E0E7E7F1E30C94CE6A1A82E9
:1062F000198206E315E0AE014F5F5F4F64E5C80108
:1063000080599F4FBFDFAE014F5F5F4F60E7C8010D
:10631000B9DF035A1E4F8DE00436180761F7AE014E
:106320004F5F5F4F68E38EEF94E0ACDF2296E4E0CE
:106330000C94EA6AB0E0A0E0E0EAF1E30C94C86AE9
:106340007C01D62E8A01A62EB12CFA0160817181C2
:10635000A5010E945B6BF801C081D181CA0DDB1DD4
:10636000D183C083CE010E946B6BC82E2196F801A9
:10637000D183C0836D2DC70179DF982F81E09C11F7
:1063800080E0CDB7DEB7EAE00C94E46AA2E0B0E0CA
:10639000ECECF1E30C94CE6A1A82198206E315E064
:1063A00081E0811102C090E013C0AE014F5F5F4FEA
:1063B00064E5C80180599F4FBDDF8823A1F3AE017A
:1063C0004F5F5F4F60E7C801B5DF91E0882359F365
:1063D000892F035A1E4F2DE00436120711F7992317
:1063E00059F0AE014F5F5F4F68E38EEF94E0A2DF9C
:1063F00091E0811101C090E0892F2296E4E00C9495
:10640000EA6ADC01EC91E53028F4F0E0E55DFE4F4E
:106410008081089580E00895FC018081823039F008
:10642000833041F0CF01EDDF90E00C9608958CEDC4
:1064300090E008958CE695E00895FC01808183301A
:1064400059F138F4882391F08130D9F090E080E060
:1064500008958430D9F741812DE531E0429FC00194
:10646000439F900D11248A559A4F089541812DE53F
:1064700031E0429FC001439F900D11248A5C9A4FE6
:10648000089541812DE531E0429FC001439F900D69
:10649000112482559A4F08958EEF94E00895A6E056
:1064A000B0E0E5E5F2E30C94CA6A7C01C6DF6C015A
:1064B000C701A7DF082F8FE692E6AAE6B0E289833C
:1064C0009A83AB83BC839E012B5F3F4F44E050E037
:1064D000BE016F5F7F4F87ED9DE00E94FE1710E0C9
:1064E000C8010496092E000CAA0BBB0B89839A8362
:1064F000AB83BC839E012B5F3F4F44E050E0BE0165
:106500006F5F7F4F87ED9DE00E94FE1719821A8210
:106510001B821C82F70180818F5F898382818A833D
:106520009E012B5F3F4F44E050E0BE016F5F7F4F05
:1065300087ED9DE00E94FE179E012B5F3F4FA80153
:10654000B60187ED9DE00E94FE172696E8E00C94C8
:10655000E66AFC0180818330B1F48091D10490918E
:106560009006892B9091ED07892B90914A09892BF0
:106570009091A70A892B9091040C892B9091610D21
:10658000892B8270089521818DE591E0289FF0018B
:10659000299FF00D1124E057F94F8081F2CF089523
:1065A000A7E0B0E0E6EDF2E30C94CD6AFC018B01CC
:1065B00087E0DE01119601900D928A95E1F71B822A
:1065C00089818330B1F038F4823059F0CE010196E0
:1065D000F801099502C08430C9F32796E5E00C94D0
:1065E000E96A1982CE010196FB01099584E089834D
:1065F000EDCFCE010196FB010995F12CFA82F394BF
:10660000FB821982CE010196F801099584E0898305
:10661000CE010196F8010995F6E0FF12EFCFDDCF2C
:106620001F93CF93DF93182FD92FEBDEC82F88232A
:1066300059F0812F9D2F01DF4C2F50E06091D50D37
:106640007091D60D0E943B6BDF91CF911F91089501
:10665000B0E0A0E0EEE2F3E30C94C96AB82EC62ED7
:10666000EA01D22EF02EF3DD0AE11AE2F80184915C
:106670000E94641E0F5F1F4FFAE200321F07B1F73E
:106680008B2D0E94641E8C2D0E94641E10E0FF2042
:10669000E9F0ED2EF12C1C2F1D0FCE0124E0959575
:1066A00087952A95E1F78F700E94641E8C2F8F705A
:1066B0000E94641EC70134E0959587953A95E1F7ED
:1066C0000E94641E8D2F8F700E94641E7E01ED0C4F
:1066D000F11CCE15DF0569F08991180F82958F7036
:1066E0000E94641EFE01319780818F700E94641E9B
:1066F000F0CF812F82958F700E94641E812F8F7042
:106700000E94641E87EF0E94641EA1DDCDB7DEB734
:10671000E9E00C94E56A0F931F93CF93DF93EC01AC
:1067200070DE182FCE0189DEAC01888100E0212FB8
:106730006A818F5F8DDFDF91CF911F910F91089557
:10674000EF92FF921F93CF93DF93182F7B018FE27D
:1067500080938D0D87E69DE1892B79F0DB01EC912B
:10676000F0E0EE0FFF1FE75CFF4D6591749140E292
:1067700050E08EE89DE00E941F6B8EE89DE00E9435
:10678000526BEC01C257D24F8FEF810F823060F510
:1067900069E07AE2CE010E940D6BCE010E94526B3D
:1067A000C80FD91F8EE2888387E69DE1892B79F097
:1067B000D701EC91F0E0EE0FFF1FE75CFF4D659114
:1067C000749143E050E0CE0101960E941F6B12309D
:1067D00011F48EE789831C828DE89DE0DF91CF91D3
:1067E0001F91FF90EF9008951330D1F56FEF79E28C
:1067F000CE010E940D6BCE010E94526BC80FD91FB3
:10680000F7018081833031F08181805D88838FE260
:1068100089832296F7012481822F90E02223B9F107
:1068200020E0E22FF0E02F5FEC59F24F6AE070E0D9
:106830000E94446A8083CB01009799F7822F3C2FF6
:106840009D2F882349F18150E32FF92FA82FB0E025
:10685000AC59B24F9C91905D91933E2F9F2FF1CFF9
:106860001111D8CF68EF79E2CE010E940D6BCE01F5
:106870000E94526BFE01E80FF91FD70113968C910D
:106880008F5B8083EF0122968FE28183C3CFFE016D
:1068900080E38193108205C0FE01E20FF11D2330D9
:1068A000C9F740E363E0CE010E944E1723967ACFEA
:1068B000CF93792FC62F682F8DE89DE00E94186B2B
:1068C000EDE8FDE08191843219F4DF011197CC935A
:1068D0008DE0ED3CF807B1F7CF910895A7E0B0E067
:1068E000E4E7F4E30C94D06A1092D40D1092D30D27
:1068F00082E08093D10D8091CD0D8631F0F481310D
:1069000078F58630A0F48823A1F0FE01329696E057
:10691000DF011D929A95E9F781508983CE01019696
:1069200070DD90E09093D00D8093CF0D1DC08F301F
:1069300091F083E08093D10D17C08A3121F030F4BB
:1069400086518330B0F781E090E0ECCF8F3189F74A
:1069500082E090E0E7CF8091CE0D90E00296E2CF0A
:106960001092D00D1092CF0D2796E2E00C94EC6AB5
:106970002E980E94241B1092780F0895A6E0B0E094
:10698000E4ECF4E30C94C76AB82EF62E172FE42E2D
:10699000022F44DC87ED9DE00E94BB1785E08093C9
:1069A000D10D6E2D8F2D912F83DF2EEE32E041E041
:1069B0006DE87DE087ED9DE00E94C617182F8111DC
:1069C00020C020E1029F60011124A12CF12CE12CB8
:1069D0004091DE0D5091DF0D6091E00D7091E10D61
:1069E0008091E20D9091E30DA091E40DB091E50D41
:1069F000481759076A077B0751F487ED9DE00E940D
:106A0000BB17B6DF812F2696EBE00C94E36A06DC19
:106A10009E012B5F3F4F44E050E0BE016F5F7F4F10
:106A200087ED9DE00E94F317182FA2DF00E09A2C5B
:106A3000900E202F30E08D819E8128173907A0F419
:106A400081E090E08C0F9D1F280F391FF9016081B4
:106A50008B2D0E94B840891511F016E1D2CFFFEFBF
:106A6000EF1AFF0A0F5FE3CFEC14FD0459F486E937
:106A7000E82EF12C84EF91E00197F1F781E0E81A1C
:106A8000F108C1F7A92CA4CF1F93CF93DF93D82F80
:106A9000C92F162FC3DB87ED9DE00E94BB1785E051
:106AA0008093D10D612F8D2F9C2F02DF2EEE32E0CF
:106AB00041E06DE87DE087ED9DE00E94C617C82F9C
:106AC00087ED9DE00E94BB1753DF81E0C11180E09C
:106AD000DF91CF911F9108958F929F92AF92BF92B5
:106AE000EF92FF920F931F93CF93DF93CDB7DEB753
:106AF00061970FB6F894DEBF0FBECDBFB82E7B01F5
:106B0000142F0091CC0482E08093CC0487DBB70182
:106B10008B2D16DE5C0187ED9DE00E94BB1785E0A2
:106B20008093D10D2EEE32E041E0B50187ED9DE07E
:106B30000E94C617B82E81111BC09E01205F3F4FD7
:106B400044E050E0BE01645F7F4F87ED9DE00E940E
:106B5000F3178C859D85AE85BF8582359944A64403
:106B6000B644E1F087ED9DE00E94BB1795E1B92E98
:106B7000FFDE1B2D0093CC04812F61960FB6F89495
:106B8000DEBF0FBECDBFDF91CF911F910F91FF9060
:106B9000EF90BF90AF909F908F9008959E01205FDF
:106BA0003F4F44E050E0BE01685F7F4F87ED9DE0BE
:106BB0000E94F3179E01205F3F4F44E050E0BE016A
:106BC000645F7F4F87ED9DE00E94F3178C859D8564
:106BD000AE85BF858D349244AB44B34519F64091E0
:106BE000DE0D5091DF0D6091E00D7091E10D80910F
:106BF000E20D9091E30DA091E40DB091E50D4817E1
:106C000059076A077B0771F487ED9DE00E94BB1767
:106C1000AFDE112309F4AECF6AEC70E3C701C0DC2C
:106C200010E0A8CF9E01205F3F4F44E050E0BE013E
:106C3000645F7F4F87ED9DE00E94F3179E01205F08
:106C40003F4F44E050E0BE01685F7F4F87ED9DE01D
:106C50000E94F3178C859D85AE85BF858F36F2E641
:106C60009F07FAE6AF07F0E2BF0709F045C011231E
:106C700009F487C09E01205F3F4F44E050E0BE0111
:106C8000645F7F4F87ED9DE00E94F317FE0133960E
:106C900085E0DF011D928A95E9F78C858150898313
:106CA0008D85811126C0F70181818A83CE010196ED
:106CB000A8DBB82E482F50E070E060E08885998509
:106CC000AA85BB850497A109B109481759076A0726
:106CD0007B0709F056C0CE010196AFDBBC014B2DFE
:106CE00050E09E01205F3F4F87ED9DE00E94F3172B
:106CF00076CF8150990BD9CF8E369146AD46B546A9
:106D000009F03FC0D70115966D917C916115710511
:106D1000C1F188849984AA84BB84B0E18B16910464
:106D2000A104B10428F080E1882E912CA12CB12C73
:106D30009E01205F3F4FA40187ED9DE00E94F31765
:106D4000488559856A857B8584169506A606B7060B
:106D500008F045CF8091DE0D9091DF0DA091E00D00
:106D6000B091E10D840F951FA61FB71FAC01BD01A7
:106D7000481959096A097B0987ED9DE00E94B017FF
:106D80002ECF488559856A857B858091DE0D90914F
:106D9000DF0DA091E00DB091E10D480F591F6A1F62
:106DA0007B1FEACFA7E0B0E0E8EDF6E30C94CC6AF5
:106DB0008C0187E0F801DE01119601900D928A9511
:106DC000E1F7C80138DAE82FF0E0E658F24FE0804A
:106DD000EA94ED8241E0BE016F5F7F4F83E07CDE8D
:106DE000F82E811107C0C80126DAE82FF0E0E65836
:106DF000F24FE0828F2D2796E6E00C94E86AA7E038
:106E0000B0E0E5E0F7E30C94CC6A8C0187E0F80190
:106E1000DE01119601900D928A95E1F7C8010BDA17
:106E2000E82FF0E0E658F24FE080E394ED8241E095
:106E3000BE016F5F7F4F83E04FDEF82E811107C0E8
:106E4000C801F9D9E82FF0E0E658F24FE0828F2D23
:106E50002796E6E00C94E86AA7E0B0E0E2E3F7E307
:106E60000C94CD6AF090CC0485E08093CC048E0124
:106E70000F5F1F4F87E0F80111928A95E9F7609143
:106E8000CE0D8091730F662321F0262F2150330BF6
:106E9000C9018A838091CD0D8631C8F4813108F013
:106EA0005BC0863020F4811148C085E04DC08F3032
:106EB000E1F7E091D50DF091D60D462F50E0BF01DE
:106EC0006E5F7F4F808191810E943B6B3CC08A3115
:106ED00029F038F59AEE980F933038F78651898368
:106EE0006C83E091D50DF091D60D80818D838DEA74
:106EF0009DE09F838E836A31B0F14FE050E060E205
:106F000070E08DEA9DE00E94446B1092BC0D00E0A1
:106F100020E14DEA5DE06091CE0D8091CD0D98DBD2
:106F200012C08F3111F6E091D50DF091D60D408150
:106F3000518101E0262F8FE0F2CF81508983C80173
:106F40006FDBC80127D984E08093D10DF092CC0487
:106F50002796E5E00C94E96A815189836BE873E335
:106F6000C8011EDBF0CF40E0B80180E0B5DD811143
:106F7000C4CFCDCF282F803F09F51092D20D1092AB
:106F8000D40D1092D30D1092D10D8091D30D90910C
:106F9000D40DFC01E65EF54DE4912E132EC0019652
:106FA0009093D40D8093D30D069750F181E0809398
:106FB000D10D1092D40D1092D30D08958091D10D62
:106FC0008230F9F0B0F4882301F38091D30D9091D1
:106FD000D40DAC014F5F5F4F5093D40D4093D30D50
:106FE0008353924FFC0120834230510549F476CC03
:106FF0000895833009F445C0089583E08093D10D4E
:1070000008958091D30D9091D40DAC01569547957C
:10701000E091D50DF091D60DE40FF51F80FF2CC047
:107020002F708081282B20838091CF0D9091D00DDF
:107030004817590760F4E091D50DF091D60DE40F93
:10704000F51F8091D20D9081890F8093D20D2091F0
:10705000D30D3091D40D2F5F3F4F3093D40D20933B
:10706000D30D8091CF0D9091D00D0196880F991F6F
:107070002817390710F60895222F2295207F2083A4
:10708000E6CF273FA9F4E091D50DF091D60D809180
:10709000CF0D9091D00DE80FF91F90818091D20D06
:1070A000981306C08091F80D80FD02C0D5CE0895DA
:1070B00085E0A4CFA6E0B0E0E0E6F8E30C94CA6A6D
:1070C000182F6B01E090CC0483E08093CC04A6D809
:1070D000B601812F35DBF82E092F87ED9DE00E9448
:1070E000BB1785E08093D10D113031F0111124C010
:1070F0008091FC0D882301F11091CC0484E08093F1
:10710000CC046F2D702F8DEA9DE00E944B6B8DEAB1
:107110009DE00E94526BFC01E655F24F8EE78083A2
:107120008DEA9DE00E943C186DEA7DE08F2D902F46
:107130000E9468181093CC042EEE32E04AE06F2DC6
:10714000702F87ED9DE00E94C617182F853071F4CF
:107150008F2D902F0E943F182EEE32E04AE06F2DC7
:10716000702F87ED9DE00E94C617182F111179C06E
:1071700082E599E4A6E4B6E489839A83AB83BC8371
:107180009E012B5F3F4F44E050E0BE016F5F7F4F99
:1071900087ED9DE00E94FE17C6013ED94C96B0E0F7
:1071A000A0E089839A83AB83BC839E012B5F3F4F12
:1071B00044E050E0BE016F5F7F4F87ED9DE00E948D
:1071C000FE178DE492E4ABE4B3E589839A83AB8345
:1071D000BC839E012B5F3F4F44E050E0BE016F5FD8
:1071E0007F4F87ED9DE00E94FE178EE691E6ADE6AB
:1071F000B5E689839A83AB83BC839E012B5F3F4FA7
:1072000044E050E0BE016F5F7F4F87ED9DE00E943C
:10721000FE1780E190E0A0E0B0E089839A83AB8321
:10722000BC839E012B5F3F4F44E050E0BE016F5F87
:107230007F4F87ED9DE00E94FE17F6016581768104
:107240009E012B5F3F4F40E150E087ED9DE00E94A3
:10725000FE176FE472E3C601A3D987ED9DE00E949B
:10726000BB1786DBE092CC04812F2696E8E00C94D5
:10727000E66A87ED9DE00C94AD17089587ED9DE0DB
:107280000C94BF1708956FE088EF9DE00E9436319F
:107290008093070E40E150E06FEE77E088EF9DE0CD
:1072A0000C94736B0895CF93DF93C82F40E150E0A7
:1072B0006FEE77E088EF9DE00E945B6BD091070E48
:1072C0006FE088EF9DE00E943631D81302C0CC23D6
:1072D00041F040E150E060E27AE288EF9DE00E94F8
:1072E000046BDF91CF910895E0913B0FF0913C0F3B
:1072F00087FD03C080E00995089581E0FCCF282F29
:10730000822F8295807F880F880F6F73862B9091D4
:107310007303E92FF0E0EE0FFF1FEB58FC4F808363
:1073200041839F5F97709093730308953B98439AAE
:107330008FEF80934C0E3A98429A80934B0E399877
:10734000419A80934A0E089580917A0086FDFCCF81
:107350002091780080917900382F4091340F842F4C
:1073600090E0880F991FFC01EC5DF04F0190F081D7
:10737000E02DBF01621B730B77FF03C0B9016E1BC9
:107380007F0BFC01EC5EF04FA081B1816A177B0797
:1073900048F068E070E0718360838C5D904FFC0181
:1073A0003183208381E0840F473081F08093340F54
:1073B0008091340F877090910001892B80937C001D
:1073C00080917A00806480937A0008951092340F3F
:1073D000EFCF0E9490176093350F7093360F809314
:1073E000370F9093380F0895CF93DF93C82FD62F80
:1073F000823108F059C00E942A458091740380931D
:107400007303E7DF80E190E09093150F8093140FF2
:107410009093170F8093160F9093190F8093180F66
:1074200090931B0F80931A0F90931D0F80931C0F46
:1074300090931F0F80931E0F9093210F8093200F26
:107440009093230F8093220FCD3010F4C093760FCA
:10745000C093770F8EE0C89FB0011124615C754D19
:107460004EE050E081E59FE00E94046B6091520F76
:107470007091530F48E150E089E39FE00E94046B54
:10748000E0915D0FF0E0E15AF04FC083DD2339F069
:10749000E091390FF0913A0F81E59FE00995E09175
:1074A0004B0FF0914C0F0995DF91CF91089561E05A
:1074B0009BCF0895CF93C82F8091510F91EF980FD4
:1074C000923038F480915C0FF2DF8C2F0DDFCF917A
:1074D00008958D30E0F78C0F87FD04C08B30A4F346
:1074E00080E0F2CF8AE0F0CFCF93DF93C82FD09126
:1074F000510F60E08091770F77DFE0914F0FF091AF
:10750000500F6C2F8D2F0995DF91CF910895A8E032
:10751000B0E0EDE8FAE30C94CC6AF82E09831A8304
:107520002B833C834D835E836F83788780917403C4
:10753000809373034EDF48E150E06BEF7BE289E319
:107540009FE00E94046B88E0FE013196A4E5BFE055
:1075500001900D928A95E1F7F092510F09E31FE037
:10756000D801ED91FC9181E59FE00995E0927F0FB4
:10757000D8015296ED91FC9109952896E6E00C947D
:10758000E86A96B180914C0E880F93FB992790F989
:10759000892B80934C0E26B190914B0E990F22FBB4
:1075A000222720F9922B90934B0E803819F4292F23
:1075B000207F49F0903849F4807F91E009F090E015
:1075C000892F8195089581E0089580E0089584FDD4
:1075D0005B9A9BB18295807F9F70892B8BB95A9A59
:1075E00008958091090E9091080E8150891B8F7328
:1075F0000895CF93C82FF5DF8230A8F08091080E50
:10760000E82FF0E0E65FF14F9C2F92959F7090611C
:107610009083CF70C061C1838E5F8F738093080E9B
:1076200082E0CF91089580E0FCCFCF93C82FD9DFBF
:107630008230B8F09091080EE92FF0E0E65FF14F4C
:107640002C2F30E084E0359527958A95E1F720834B
:10765000CF70C1839E5F9F739093080E82E0CF919D
:10766000089580E0FCCFCF93BCDF843008F451C094
:107670008091350490913404891710F410923304EA
:1076800080913504809334048091710E90916C0E3A
:10769000482F50E089133FC090916D0E97FF3BC07B
:1076A000C0911601FA01EE58F14F8081082E000CAE
:1076B000990BC8171906B9F080916F0E20916E0EC4
:1076C00030E02F5F3F4F42175307D1F58823C1F1B8
:1076D0008C2F8FDF8091710EE82FF0E0EE58F14F84
:1076E000C08380936E0E80916F0E8F5F80936F0EBC
:1076F0009091710E9F5F9093710E883251F41092A9
:107700006F0E8091700E91E0980F813019F1909377
:10771000700ECF910895C0913304CC2361F088237B
:1077200011F0873241F4FA01EE53F14F8081C150DC
:10773000803209F4B7CFFA01EE53F14FC081B2CFD6
:107740002091700E90E4299F90011124822B806873
:107750006CDFBECF1092700E1092710EDACFA5E0E2
:10776000B0E0E5EBFBE30C94CC6AE090CC0481E064
:107770008093CC0478DF1D82809173039091740311
:10778000891B877009F486C080917403E82FF0E0AC
:10779000EE0FFF1FEB58FC4F008111818F5F877048
:1077A00080937403C80126E0959587952A95E1F7A3
:1077B0009A83898383708983902F9F739D83F12E91
:1077C00008DEA981A33049F4BD81BF3391F52FEFC5
:1077D00012132FC021E02D83CFCF3981323049F0F1
:1077E000313069F0E091430FF091440F612F8D81AA
:1077F00048C0E091410FF091420F0995EBCF8D8188
:10780000811107C0E0913D0FF0913E0F812F099546
:10781000E1CF2091730F210F822F022E000C990BC4
:10782000263014F085E090E097FD80E08093730FA0
:10783000D1CFE091450FF091460F8D8109958111CF
:10784000C9CF80915D0F9D8189131DC080915C0F10
:10785000833171F4E0913F0FF091400F6091730F0D
:1078600088E10995882309F4B5CF84E020DEB2CF02
:107870008431E1F7E0913F0FF091400F6091730F79
:1078800082E20995A7CFAD81EA2FF0E0E15AF04FEF
:107890008081ECCF0E94901769837A838B839C83CD
:1078A0008091350F9091360F29813A81281B390B31
:1078B000C9018132934050F08CDDE091490FF09185
:1078C0004A0F0995882311F081E08D830E940B45B2
:1078D000882311F091E09D839091D10480919006CE
:1078E000892B2091ED07822B20914A09822B209130
:1078F000A70A822B2091040C822B2091610D822BF0
:1079000080FF77C09E7F9093D104E0E9F6E080810C
:107910008E7F8083E35AFE4FAEE0EE3BFA07B9F765
:1079200040E550E060E270E082EC9EE00E94446B33
:1079300020E038E2239FF0011124EE53F14F8EEF47
:1079400087A38FEF80936C0EE0914B0FF0914C0F5B
:1079500009954FE050E070E060E08DE59EE00E9408
:10796000446BE091730FF0E0E05DF54DE491E85F6A
:10797000F0E0E35AF14F80EF8083E0E3FAE229E799
:107980003FE04FE75FE09491D9018D919D01A8E020
:10799000A90FB0E0A35AB14F8695869586959C9124
:1079A000892B8C9331964217530769F7E0914D0F5D
:1079B000F0914E0F09958091FE0D882361F0EDE561
:1079C000FEE02191822F8295DF0111978C93BEE01A
:1079D000EC36FB07B1F74FE050E06DE57EE08EE45A
:1079E0009EE00E943B6BE092CC042596E6E00C946E
:1079F000E86ABD81B11194CFACCF5B9808955A98D5
:107A00000895809135048F5F809335048091130F22
:107A1000882329F0F4DFF1DF1092130F089580918D
:107A2000080E9091090E891B8F7379F081E0809385
:107A3000130F8091090EE82FF0E0E65FF14F8F5FA2
:107A40008F738093090E8081C2CD0895C0DD88E8D0
:107A500093E10197F1F7D3DFD0DF88E99AE301974B
:107A6000F1F70895CF93C82F82958F70EFDF8C2F99
:107A70008F70ECDFCF910895CF93DF93539A529A92
:107A80008AB1806F8AB9B9DFBADF88EE93E0E4EF9C
:107A9000F1E03197F1F70197D1F783E0D7DFC0E14B
:107AA000D7E2CE010197F1F783E0D0DFCE01019755
:107AB000F1F783E0CBDF2197F1F782E0C7DF88E2BF
:107AC000D1DF8CE0CFDF86E0CDDF81E0CBDF82E06D
:107AD000C9DF1092130FDF91CF910895449A089552
:107AE00047980895CF93DF934498F8DFD8E0C0E03B
:107AF000CC0F86B186FB882780F9C82B479AF0DF28
:107B0000D150B1F7E6E3F4E090E88191880FDF010E
:107B100011972C2F292349F48C93969584E0EE330A
:107B2000F80799F7DF91CF9108958160F5CFEF9233
:107B3000FF920F931F93CF9344E050E070E060E01A
:107B400080E79FE00E94446B49E050E066E37AE200
:107B50008FE59FE00E94046BE9DB3F9A3C9A3E98D8
:107B6000BDDFBEDF48E050E06FEF70E086E394E0F9
:107B70000E94446B80917A00876080937A008091A4
:107B80007A00806880937A001092340F809100010F
:107B900080937C0080917A00806480937A0088E0F2
:107BA00090E09093150F8093140F9093170F80938C
:107BB000160F9093190F8093180F90931B0F8093BB
:107BC0001A0F90931D0F80931C0F90931F0F80939B
:107BD0001E0F9093210F8093200F9093230F80937B
:107BE000220F4ADF40E550E060E270E082EC9EE068
:107BF0000E94446B40E550E06FE370E082E79EE056
:107C00000E94446B1092710E1092700E10926F0EC3
:107C10008FEF80936E0E80936C0E10926D0E3F9AD4
:107C20003C9A3D9A5BDF4FE050E070E060E08DE50C
:107C30009EE00E94446BE0902901F0902A0188E4C4
:107C400011DF10E000E0F701E00FF11FC4918C2F6D
:107C500082958F708061FADE8C2F8F708061F6DEE6
:107C60000F5F1F4F0833110571F782E020DC10927F
:107C7000740FCF911F910F91FF90EF900895B0E096
:107C8000A0E0E5E4FEE30C94CB6AC0914D0E8C2F8E
:107C90008F70D82EC5FBCC27C0F98DE5E82E8EE07D
:107CA000F82EDC2F11E0DD0FF70182917F01CC234C
:107CB00011F0809582958F70D81610F08F3009F4EE
:107CC000D1601F5F183069F4459800E809DF8D2FF7
:107CD0008023B1F0459A0695479A1150B9F700DF15
:107CE000D0E0FEE4EF16FEE0FF06E9F680914D0ECF
:107CF0008F5F80934D0ECDB7DEB7E7E00C94E76A57
:107D00004598E9CF0F931F93CF93DF938091750F21
:107D10008F5F8093750F96B180914A0E880F96956C
:107D20009170892B80934A0E2CDC482F8823A9F070
:107D300080913604811106C0440F440F440F81E046
:107D40008093740F80913D0460E0811104C080E84D
:107D50008093740F61E081E0D2DA80914A0E8F3710
:107D600021F441E060E082E0CADAC091750FCF7182
:107D700009F457C08091750F877029F480916D0EBA
:107D80008F5F80936D0EE0DA6091340F662309F403
:107D90006CC06150E62FF0E0DF01AA0FBB1FAC5DA5
:107DA000B04F4D915C9193E0569547959A95E1F7C8
:107DB000E859F04F80818417150641F04083643004
:107DC00018F483E0861B682F80E099DA8091780FA1
:107DD0008823F1F006DC8430C0F08CED809333040E
:107DE0001092710E1092700E10926F0E80E81DDCD2
:107DF000809133048150FDDBE091710EF0E0EE588C
:107E0000F14F80913304815080838FE080935C0E2A
:107E1000449835DF63DEF5DDDF91CF911F910F913F
:107E2000089560DE06E314E0D1E0F80181918F014E
:107E30008F3741F48091740F982F9D2341F08D2747
:107E40008093740FDD0FCF5FC83079F793CF8091A7
:107E5000360467E0811104C081E08093740F6FE005
:107E60006C1B41E083E04BDAEDCF67E093CFFC0180
:107E7000448150E070E060E0808191810C94446B1B
:107E80000895CF93DF93EC01F2DF90E08C81981797
:107E900048F4EA81FB81E90FF11D8150891B808341
:107EA0009F5FF4CFDF91CF910895FC01448130E0D2
:107EB00020E0822F241758F4A081B181A20FB31FB4
:107EC0009C919F772F5F3F4F6913F3CF08958FEFFA
:107ED0000895FC01448130E020E0822F241770F4E3
:107EE000A081B181A20FB31F9C91592F5F775613C8
:107EF00002C097FD04C02F5F3F4FEFCF8FEF089573
:107F0000CF93DF93DC0114968C9114978150282F26
:107F1000082E000C330B982F1296ED91FC911397BD
:107F200097FD10C0EF01C20FD31F4881461731F0F3
:107F3000E80FF11D87FDFA95408381509150215043
:107F40003109EACF6083DF91CF910895FF920F93BB
:107F50001F93CF93DF93EC01062FFC801FEFFF20D0
:107F6000D1F18D818F3F49F5CE019FDF182F8F3FD3
:107F700049F590E080E08F1580F4EA81FB81E80FFD
:107F8000F91F20812F1538F4E881F981E20FF11DE6
:107F9000308137FF122F0196EECF1F3F99F490E00A
:107FA00080E08F1578F4EA81FB81E80FF91F2081CA
:107FB0002F1508F4122F0196F4CF8F5F8F1588F4D8
:107FC0008D831D81E881F981E10FF11D0068008337
:107FD000612FCE0195DF812FCDB7DEB7E5E00C94A0
:107FE000E96A1D82EECF0F931F93CF938C015DDF63
:107FF000C82FD80115968C9115978F3F89F4CF3FE4
:1080000051F0ED91FC91EC0FF11D80818F77808311
:108010006C2FC80175DF8C2FCF911F910F910895A0
:10802000CF3FC9F3ED91FC91EC0FF11D8FEF8083F1
:10803000F2CF8091800490918104891B8F71C9F7E0
:1080400080913E0490913F04891B8F7191F70895B0
:1080500080FF17C090913F0420913E049150921BE5
:108060009F71C1F390913E04E92FF0E0EE0FFF1FE6
:10807000E05CFB4F808361839F5F9F7190933E0420
:10808000089590918104209180049150921B9F71DA
:10809000C1F390918004E92FF0E0EE0FFF1FEE573F
:1080A000FB4F808361839F5F9F719093800408954D
:1080B00060E0CECF08950F931F93CF93DF93C82F27
:1080C000162F072FD42FE82FF0E0E758F04F40830A
:1080D00060E1620FBDDF602F8C2FBADF612F8C2F24
:1080E000B7DF6D2F660F8C2FB3DFDF91CF911F911C
:1080F0000F9108951F93CF93DF93C82F142FD22F82
:10810000A7DF612F8C2FA4DF6D2F8C2FA1DFDF91D4
:10811000CF911F910895CF93DF93C82FD42F60651F
:1081200097DF6D2F8C2F94DFDF91CF910895FF9211
:108130000F931F93CF93DF93C82FF62E072F142F83
:1081400078DF85B1887F8C2B85B9812F0E94961AA4
:10815000112349F0CF2DD02F89910E94961A1150EA
:10816000FC2E0D2FF5CFCDB7DEB7E5E00C94E96A14
:108170001F93162F95B1987F982B95B9862F8F70E6
:108180000E94961A812F82958F700E94961A8EB542
:108190001F910895CF93DF93D82FC62F4ADF88E829
:1081A00093E10197F1F785B1887F8D2B85B98C2FED
:1081B0000E94961A8EB5DF91CF910895CF93C0E0BB
:1081C0006AEF8C2FE7DFCF5FC630D1F7CF910895EC
:1081D000CF93DF93D82FC4E06FEF8D2FDBDFC1503B
:1081E000D9F7DF91CF910895CF93C0E08C2FF0DFC6
:1081F000CF5FC630D9F7CF9108950F931F93CF93D8
:10820000DF93C82FE5DF6CEF8C2FC4DF08EA11E69F
:10821000C8010197F1F76FEF8C2FBCDFD82F6DEFFE
:108220008C2FB8DFF8013197F1F76FEF8C2FB2DFA9
:10823000982F8D2FDF91CF911F910F910895CF939C
:10824000C82FC6DF6EEF8C2FA5DF88EA91E6019775
:10825000F1F76FEF8C2F9EDFCF91089584B1876087
:1082600084B90E94241B46E050E070E060E089E79A
:108270009FE00C94446B089510927F0F0895482F4F
:10828000E091CB0FF091CC0F8381833099F424815E
:1082900080917F0F042E000C550B840F952F911D9C
:1082A00097FD0AC02150330B821793070CF49C01F1
:1082B00020937F0F81E0089520E0FACFE091CB0F6B
:1082C000F091CC0F8381833039F42481660F269F8F
:1082D000612D112460937F0F81E00895863069F449
:1082E000E091CB0FF091CC0F8381823020F0809110
:1082F0007F0F8F5FF9D881E008958730E1F7E09133
:10830000CB0FF091CC0F81E09381923098F380E015
:10831000F1CF80917F0F8F5FE7D881E00895E091E2
:10832000CB0FF091CC0F8381813009F4DDD881E04F
:108330000895EF92FF920F931F93CF93DF9338E24C
:1083400020E0239FF0011124EE53F14FEF0121961D
:108350004091CB0F5091CC0FDA0113968C91823063
:1083600009F44FC0A0F42496811145C0CF01835B6E
:108370009F4F2FE6DC012C9301962BE6DC012C931A
:108380008FE2818381E2828386E0838303C019E1E7
:10839000833009F013E2FA01678170856115710578
:1083A000C1F1412F50E0CE010E941F6B612FCE0121
:1083B0000E947B17E090CB0FF090CC0FD70119965D
:1083C0008D919C91009769F10E94526BBC01AB01A9
:1083D0005527212F30E0C901841B950B01968C0F86
:1083E0009D1FDC01EC91E034B9F02C0F3D1FD90149
:1083F000EC931150ECCF8BE5818389E682838DE588
:10840000C4CF31838FE3828389E28383EF01259692
:10841000C1CF80E48883CECFF701618572850E9449
:108420003B6BA091CB0FB091CC0F13968C9113970F
:10843000833011F58BE5898F8E01055E1F4F87E62E
:108440009DE1892B99F0E0917F0F15968D919C917C
:10845000E80FF92FF11DEE0FFF1FE959F24E65915C
:1084600074914AE050E0C8010E941F6B6AE0C801A5
:108470000E9478178DE58EA321E038E2239FE0016A
:108480001124E091CB0FF091CC0F8381823060F00A
:10849000CE53D14F48E050E063E17CE2CE014F96ED
:1084A0000E941F6B87E08BA3CDB7DEB7E6E00C948C
:1084B000E86AE091CB0FF091CC0F8381823080F499
:1084C00080EF8093640E8093650E8093660E809398
:1084D000670E8093680E8093690E80936A0E0895EC
:1084E00080EF8093630E8FE0ECCFCF930E94ED502E
:1084F0001092800FC0E08C2F0E94CD22FC01808161
:10850000823030F48091800F9581890F8093800FA5
:10851000CF5FCF3481F7CF910895B0E0A0E0E3E9D9
:10852000F2E40C94CA6A0FEF18160CF401E0C09143
:10853000810FD0E06E01CC0CDD1CC6018C0F9D1F9D
:108540009C0122503B4F7901D9015D968C910E948C
:10855000CD22FC01D7015E968C915E97800F87FD3E
:1085600011C09581282F082E000C330B921713068B
:1085700049F044F05E968C9381E0CDB7DEB7E8E039
:108580000C94E66AF601EC0FFD1FE250FB4F158DCF
:10859000100F1F3488F7812F0E94CD22FC018081AB
:1085A0008230B0F7CC0DDD1DC250DB4F1D8F013086
:1085B00011F41E8EE1CF858181508E8FDDCF0F9318
:1085C0001F93CF93DF938093CE0F92E09093CD0FC4
:1085D0000091810F10E0843069F158F4813099F1F5
:1085E00068F4882339F181E0DF91CF911F910F91D9
:1085F0000895853041F186508230A8F7660F2091AA
:10860000800F629FC12D1124D0E08D2F0E94CD22BA
:10861000DC018C91823030F5F801EE0FFF1FE00F86
:10862000F11FE250FB4FD58F15968C91C817C8F4F7
:10863000C68FD9CF70E024E0759567952A95E1F74C
:108640006093810FD0CF660F26E0629F612D1124C9
:10865000F801EE0FFF1FE00FF11FE250FB4F648F98
:10866000C2CFC81BDF5FDF3481F6BDCFB0E0A0E032
:10867000ECE3F3E40C94CA6AE090810FF12CC7019B
:10868000880F991FE80EF91E970122503B4F790180
:10869000F901858D0E94CD226C01C8E200E02C2FEB
:1086A000029F800111240D53114F47E250E06BE20D
:1086B0007CE2C8010E941F6B67E2C8010E947B1721
:1086C00021E03C2F239FE0011124CE53D14F47E2FC
:1086D00050E06CE17CE2CE0101960E941F6B80911C
:1086E000810F8F5C8E8397E09F83F701848D8F5C71
:1086F0008D879E879E01215F3F4F09E1468D6FEF79
:10870000C6010E94512287E2BE01680F711DFB0164
:1087100032979081903211F48150F6CF48E2481B95
:10872000C6010E943222CDB7DEB7E8E00C94E66ABB
:10873000A7E0B0E0EEE9F3E40C94D06A1092BF0F2A
:1087400087E191E00E941B31E82FF0E0EE0FFF1F60
:10875000ED57F04F818180931A0187E191E00E94EB
:108760001B31E82FF0E0EE0FFF1FED57F04F808137
:1087700080931B018FEA9FE090931D0180931C0161
:108780001092CD0F81E08093CE0F8093AE0F87E0E3
:10879000E7E1F1E0DE01119601900D928A95E1F793
:1087A00040E0BE016F5F7F4F80E00E946C35882300
:1087B00041F040E150E068EF7CE28FEA9FE00E94E8
:1087C000046B2796E2E00C94EC6AA7E0B0E0EBEED5
:1087D000F3E40C94CB6A1092AB0F00911B01D09084
:1087E0001A01FD2CE02E87E191E00E941B31E82F59
:1087F000F0E0EE0FFF1FED57F04F808191818E1555
:108800009F0509F44EC0809117018230E9F4E09190
:10881000180184E0E89FF0011124E250FB4F108121
:10882000111111508091F90D843071F44D2D4F7755
:1088300060E2812F806B0E94581E602F6F774EEF91
:10884000812F806C0E94581E87E0E7E1F1E0DE0195
:10885000119601900D928A95E1F78091020E88237E
:1088600051F0CE0101960E94A932882321F0CE0159
:1088700001960E94CF3241E0BE016F5F7F4F80E0E2
:108880000E946C35882389F081E08093AE0F40E12F
:1088900050E068EF7CE28FEA9FE00E94046B0E9448
:1088A000E7182796E7E00C94E76A1092AE0FF7CF2F
:1088B000A7E0B0E0EEE5F4E40C94CE6A4091BF0F7F
:1088C000442329F09091CD0F913009F0A0C0E091A0
:1088D000CE0F282F082E000C330BE1112DC09091E4
:1088E0001A01290F311D97FD3A952A31310514F0EF
:1088F00029E130E037FD20E020931A01413009F0F2
:1089000041C09091CD0F911112C02091CE0F082E31
:10891000000C990B820F911D27FD9A9581319105CD
:1089200014F080E190E097FD80E08093CE0F81E02D
:108930002796E4E00C94EA6AE13071F490911B010F
:10894000290F311D2038310514F02FE730E037FDB5
:1089500020E020931B01D2CF0E2E000CFF0BE3551D
:10896000F04F9081290F311D97FD3A952038310540
:1089700014F02FE730E02032310514F420E230E02B
:108980002083BCCF4111D3CF80911A0100911B01EC
:10899000182F87E191E00E941B31E82FF0E0EE0FE5
:1089A000FF1FED57F04F808191818017910709F4E7
:1089B000BECF8091010E2AE0829FC0011124892B35
:1089C00011F403DFB4CF87E0E7E1F1E0DE011196B7
:1089D00001900D928A95E1F740E0BE016F5F7F4FF5
:1089E00080E00E946C35882341F040E150E068EF60
:1089F0007CE28FEA9FE00E94046B0E9490177093C4
:108A0000AA0F6093A90F81E08093AB0F90CF413004
:108A100009F477CF8CCFCF93DF93C091010E0E94E2
:108A20009017462F572F8091AB0F882381F08AE053
:108A3000C89FE00111242091A90F3091AA0F421B79
:108A4000530B80E04C175D0710F0BFDE81E0DF9133
:108A5000CF9108958091AB0F8111B7CE0895809189
:108A6000BF0F811108C08091CE0F8F5F81708093FE
:108A7000CE0F81E008950E94FB50FBCFCF93DF9390
:108A8000EC01E0911701E33039F464ED7CE20E94DF
:108A9000186BDF91CF91089587E69DE1892B61F0F6
:108AA000F0E0EE0FFF1FE15DFF4D659174914EE028
:108AB00050E0CE010E941F6B809118018F5C8B8368
:108AC000E8CFEF920F931F93CF93DF93CDB7DEB72D
:108AD00028970FB6F894DEBF0FBECDBF9091AD0FB3
:108AE000911180C0883038F5E82FF0E0E055F44966
:108AF0000C94956A80911701833051F510921701FB
:108B000087E191E00E941B31E82FF0E0EE0FFF1F9C
:108B1000ED57F04F818180931A0187E191E00E9427
:108B20001B31E82FF0E0EE0FFF1FED57F04F808173
:108B300080931B01FDDD81E028960FB6F894DEBF1F
:108B40000FBECDBFDF91CF911F910F91EF90089590
:108B50008F5F80931701D4CF8FEA9FE08FDF88E08B
:108B6000E1E2F1E0DE01119601900D928A95E1F7C4
:108B7000E090AC0F09811A812B813C814D815E818F
:108B80006F81788581E00E94873AD5CF6BE873E3E7
:108B900087E191E00E94D032CECF81E08093BF0F79
:108BA00092E09093CE0F8093CD0F4FE050E068EFAE
:108BB0007CE28FEA9FE00E94F76A892B09F0BBCF25
:108BC0004FE050E060E270E08FEA9FE00E94446B6B
:108BD000B2CF61E08EE00E94F439ADCF81E08093A6
:108BE000AD0FA9CF823029F128F481110CC061E0CA
:108BF0008FE0F1CF863001F1873009F09CCF61E042
:108C00008091760FE8CFFE01329687E0DF011D925A
:108C10008A95E9F78AED9CE2482F9E838D83E12CAB
:108C200002E01A812B813C815E816F81788583E02F
:108C3000AACF61E081E1CFCF81E098279093AD0F7B
:108C40007ACF8091730F90911801981304C090917E
:108C5000820F992329F0809318011092820F68CD1A
:108C600008950F931F93CF93DF93EBDF20E038E25B
:108C7000239FE0011124CE53D14F8E010F5F1F4F70
:108C8000C801FCDE6FE0C8010E947B178091AE0F27
:108C9000882331F08091BF0F811102C085EA8F8750
:108CA00080911A018F5B888B8E010F5E1F4F209180
:108CB0001B01822F90E0211106C0FE01729680E315
:108CC000898B108225C020E0E22FF0E02F5FEC5965
:108CD000F24F6AE070E00E94446A8083CB01009703
:108CE00099F7822F302F912F882369F08150E32F3D
:108CF000F92FA82FB0E0AC59B24F9C91905D9193A1
:108D00003E2F9F2FF1CFF801E20FF11D2330C9F65E
:108D100040E363E0C8010E944E1765964FE050E0C3
:108D20006FEA7FE0CE010E943B6B6FE0CE010E94B4
:108D30007B178091BF0F21E038E2239FE0011124CF
:108D4000CE53D14F811132C0CE0101962091AD0F8B
:108D500047E250E0222309F16CEA7CE20E941F6B9B
:108D600087E08D838A8787E08BA39091BF0F80E295
:108D7000913029F48091CD0F882349F18FE58093BC
:108D800016018091CE0F811124C080E180936C0E7A
:108D9000DF91CF911F910F91089564E87CE20E94CA
:108DA0001F6B87E08A878F878C8BDDCF47E250E08F
:108DB0006CE57CE2CE0101960E941F6B87E08D83FB
:108DC0008A878F878C8B898F9FE79E8BCDCF8FEF84
:108DD000D6CF813029F48FEF9130C1F683E1D6CF21
:108DE0008D5ED4CF80EF8093640E8FE08093630E0E
:108DF0008091BF0F81110EC08091AD0F81110BC00A
:108E000085E02DE53EE0F9019FE091939E2F921BB6
:108E10009817D0F3089583E0F4CFEF920F931F9348
:108E2000CF93DF93CDB7DEB728970FB6F894DEBFA8
:108E30000FBECDBF88E0FE013196DF011D928A95FD
:108E4000E9F78AE49CE2482F9E838D83E12C098117
:108E50001A812B813C815E816F81788582E00E943E
:108E6000873A28960FB6F894DEBF0FBECDBFDF91CC
:108E7000CF911F910F91EF900895883078F4E82FEB
:108E8000F0E0E854F4490C94956AE091CE0F0E2E70
:108E9000000CFF0BE355F04F81E4808381E00895DF
:108EA000E091CE0F0E2E000CFF0BE355F04F81E644
:108EB000F4CFE091CE0F0E2E000CFF0BE355F04FD8
:108EC00081E3EBCF8091CE0F082E000C990BFC01B3
:108ED000E355F04F20E22083019606C08091CE0F2B
:108EE000082E000C990B01978131910514F080E157
:108EF00090E097FD80E08093CE0FD0CF8091CE0F91
:108F0000082E000C990BE8CF67E171E080E00E9429
:108F10005A38811104C00E94E7180ADCBFCF7DDFF8
:108F2000BDCFCF93C82F8091BF0F811105C092DDB7
:108F30008C2FC7DDCF9108958C2F9FDFFBCFCF9370
:108F4000813029F0833009F44BC0CF910895662316
:108F500041F18FEF860F8093AC0FC1E0613009F0D3
:108F6000C0E087E191E00E94CF328091170182300A
:108F700041F190F490911801811115C04DE551E037
:108F8000949F9001959F300D11246C2FC9018A5C2C
:108F90009A4F0E947A2905C0833019F48C2F0E94C1
:108FA000251FC6DBD2CF4DE551E0949F9001959FE0
:108FB000300D11246C2FC9018A5C9A4F0E94AC2994
:108FC000F0CF409118012DE531E0429FC001439F51
:108FD000900D11246C2F8A5C9A4F0E949029E1CF4A
:108FE000662309F4B2CF8FE38093330410923504E3
:108FF000109234040E947131A8CFCF931092AD0F1C
:109000008091730F8093180114D885B1876085B95A
:109010002E9A80E58CBD81E08DBD8093780F8EEE19
:1090200092E00E940918C82F2E980E94241B1092CB
:10903000780FC111F2DE7CDB1092820F81E0809309
:10904000AC0FCF910895CF93C62F9A01009729F4C2
:10905000FA0180E3819310822FC097FF08C04DE290
:10906000F90141939F01C15091958195910940E08B
:10907000E42FF0E04F5FEC59F24F6AE070E00E949D
:10908000446A8083CB01009799F7842F522F932F46
:10909000882369F08150E52FF92FA82FB0E0AC5953
:1090A000B24F9C91905D91935E2F9F2FF1CFF9016C
:1090B000E40FF11D4C13CFCFCF910895CF93DF93E1
:1090C000D82FC92F81E080931E018D2F39D18D2F8C
:1090D0009C2F0E94ED50DF91CF91089580911E0149
:1090E00091E0811190E090931E01882341F08091DE
:1090F000CE0F9FEF980F953008F080E002D181E00D
:10910000089590911E01911102C01FC1089581E040
:10911000089590911E01992349F0873029F461E068
:109120008091760F0E94F43981E0089550C108952E
:1091300080911E01882321F080EF8093640E0895B2
:10914000FCC10895B0E0A0E0E8EAF8E40C94CA6A33
:10915000C091C00F8C2F73D8EC2FF0E0EF53F04F7D
:1091600080838091C00F8F5F863008F0B2C08093FB
:10917000C00F20E038E2239FE0011124CE53D14FED
:1091800044E050E065E47DE2CE010E94046B8E0174
:109190000C5F1F4F0E94FB1DA80165E054DF65E0D6
:1091A000C8010E94781744E050E060E47DE2CE01FF
:1091B0000A960E94046B065F1F4F0E941D1EA801A5
:1091C00065E041DF65E0C8010E94781744E050E0A7
:1091D0006BE37DE2CE0144960E94046B065F1F4F55
:1091E0008091D004A80163E090E02DDF63E0C80126
:1091F0000E94781744E050E066E37DE2CE014C9691
:109200000E94046B0E94F81D90E024E095958795DC
:109210002A95E1F78A3008F05FC0805D88A30E943C
:10922000F81D8F708A3008F059C0805D89A3809145
:10923000CB0460E0883010F46091CB0483E0689F39
:10924000B0011124635E724D43E050E0CE0184967C
:109250000E94046B21E038E2239FE0011124CE53E9
:10926000D14F44E050E068E17DE2CE010E94046B02
:1092700081ECE82E8FE0F82E8E010C5F1F4F6E01FF
:10928000ECE1CE0ED11CF70181917F018F3F41F5BA
:1092900043E050E064E17DE2C8010E94046B0C5F92
:1092A0001F4F0C151D0579F746E050E06DE07DE29B
:1092B000CE014D960E94046B44E050E068E07DE2F0
:1092C000CE0184960E94046BCDB7DEB7E8E00C9423
:1092D000E66A1092C00F4DCF895AA0CF895AA6CF07
:1092E000A80163E090E0AFDE63E0C8010E94781758
:1092F000D6CF80911E01882311F024CF0895A7C0F6
:109300000895CF93C82F1092C70F60E08EE99DE2B9
:109310000E944435882329F08091C70F8160809393
:10932000C70F61E36C0F82E99DE20E9444358823F8
:1093300029F08091C70F82608093C70FCF91089565
:109340001092CE0F80E0DDCF08952091CE0F082E31
:10935000000C990B820F911D27FD9A9597FD0AC06D
:109360008830910514F087E090E08093CE0FC9DF3C
:1093700081E0089580E0F9CFCF93DF93C82F8091EB
:10938000C70F81FF21C06BEF8C2F0E94CA4088EE6F
:1093900093E0E4EFF1E03197F1F70197D1F7DAEFDD
:1093A0006BEF8C2F0E94CA40282FD150C9F7882319
:1093B00059F041E34C0F66E87DE28C2F0E94BE34E9
:1093C0006BEF8C2F0E94CA40DF91CF910895CF930D
:1093D0008330C1F0873039F181111AC08091C70FF5
:1093E00080FF16C061E08FEF97E00E947C6B88E100
:1093F00098E00FB6F894A895809360000FBE909304
:109400006000FFCF8091CE0FC0E0863024F4B4DF3F
:1094100081E0CF9108958C2F74DF8C2FADDFCF5F6B
:10942000C630C9F7F5CF61E08091760F0E94F4391C
:10943000EFCFFC0186E78083862F82958F70805D59
:1094400081838EE282836F70605D638308950F93E2
:109450001F93CF93DF9320E038E2239FE001112494
:10946000CE53D14F48E050E06DE77DE2CE0101964A
:109470000E94046B86E78B8701E30C878EE28D8761
:1094800085E38E8741E150E06BE67DE2CE014096B8
:109490000E94046B8091CE0F0E94FD40692F182F0F
:1094A0009091CE0F9F5C9D8B113009F044C00E8FC0
:1094B000CE018496BEDF8091CE0F863041F443E02A
:1094C00050E067E67DE2CE014E960E94046B87E095
:1094D0008F8721E038E2239FE0011124CE53D14F42
:1094E0008091C70F80FF08C047E050E06FE57DE244
:1094F000CE0101960E941F6B87E08F878091C70F76
:1095000081FF0CC0CE01409647E050E067E57DE268
:10951000111102C06FE47DE20E941F6B44E050E035
:109520006AE47DE2CE0184960E941F6BDF91CF91A9
:109530001F910F91089510E0BECF80EF8093640ECD
:109540008091C70F80FF03C09FE090935D0E81FF65
:1095500003C08FE08093600E0895EF92FF920F9307
:109560001F93CF93DF93D82FC92F162FF42EE22EFF
:109570000E943A23682F202F4E2D8D2F9C2F0E9462
:109580003021282F01E04F2D612F8D2F9C2F0E941D
:109590001023CDB7DEB7E6E00C94E86AE82F8830F8
:1095A000C0F48091CB0F9091CC0FE80FF92FF11DF3
:1095B000838190E1980F983050F48F7090E0FC0117
:1095C000EE0FFF1FE80FF91FE250FB4F858D8F3420
:1095D00008F08FEF0895E091CB0FF091CC0FE80FDA
:1095E000F11D838190E1980F983058F48F7090E0CE
:1095F000FC01EE0FFF1FE80FF91FE250FB4F848DB7
:1096000008958091730F0895E091CB0FF091CC0FE6
:10961000E80FF11D838190E1980F983058F48F7016
:1096200090E0FC01EE0FFF1FE80FF91FE250FB4F27
:10963000868D0895883F60F40E94CD22DC01179644
:10964000EC91EF3F39F0F0E0E059F04F8081089560
:109650008FEF089580E00895FF920F931F93CF93AB
:10966000DF93D82FC091CE0F8091CD0F8823E1F0EA
:109670008C2F94DF182F8F3F71F08C2FC5DFF82EC1
:109680008C2FA9DFC82F812F0E94CD2200E02D2F23
:109690004F2D6C2F62DF81E08093CD0F81E0CDB73D
:1096A000DEB7E5E00C94E96ACD0F2091CB0F309145
:1096B000CC0FC83050F4F901EC0FF11DC7FDFA953D
:1096C00083818F3F41F4CD0FF4CF8FEFC7FF81E04F
:1096D0000E945A3AE3CFC093CE0FE0CF811106C06B
:1096E0008FEF8093CE0F81E0B7CF089588E080930D
:1096F000CE0F8FEFF9CF71D58FEF8093CE0F81E032
:10970000ABDF1092C80F08958091CE0F883090F48F
:10971000E091CB0FF091CC0FDF01A80FB11D87FDB9
:10972000BA9513969C91985F923030F461E08385EE
:109730000E94F43981E0089531DF8F3FD9F35BC592
:1097400008950F931F93CF93DF93162F0E94CD227E
:10975000EC0140E0612F0E943A239C81891768F058
:1097600001E020E040E0612FCE010E94102381E063
:10977000DF91CF911F910F91089500E021E040E02B
:10978000612FCE01EADE80E0F3CFB0E0A0E0EBECA9
:10979000FBE40C94CB6AC82FD62F883088F4E09174
:1097A000CB0FF091CC0FDF01A80FB11D13968C9158
:1097B00098E0980F923088F4883F41F4603540F487
:1097C00081E0CDB7DEB7E7E00C94E76A6033C0F71D
:1097D00061E083850E94F439F3CF8C2FDFDE8F3F69
:1097E00079F30E94CD227C018091FB0D882331F119
:1097F00001E010E00C2E02C0000F111F0A94E2F7E6
:109800008091C80F8023D1F48C2FFEDED82E8C2FB0
:10981000E2DE682F4D2DC7010E943A23682F4D2F9D
:10982000C7010E94F120811104C0F70180818430BA
:1098300039F68091C80F082B0093C80FC093CE0F44
:109840008C2FE2DE182F8091CE0FC5DEC82F6D2F32
:10985000C7010E94DB20282F01E0412F6C2FC70198
:109860000E94102382E08093CD0FAACFAF92BF92C7
:10987000CF92DF92FF920F931F93CF93DF9380914C
:10988000CD0F811170C092E0F92ED12CC12C0C2D7E
:1098900011E0F3E0FC1508F010E0F11661F1802F03
:1098A0007DDE902F93702AE0929F902D112428E264
:1098B000129FE0011124C90FD11DCE53D14F911138
:1098C000AAC097E09A87E091CB0FF091CC0FEC0DF6
:1098D000FD1D938146E050E061EB7DE2983F39F059
:1098E000993F09F09EC046E050E06AEA7DE2CE0171
:1098F00004960E941F6BFFEFCF1ADF0A28E0C21602
:10990000D10409F0C4CFA091CB0FB091CC0F90E05F
:1099100021E0943008F420E0F216B9F038E2239FF9
:109920009001112413968C9113978F3F71F4892F16
:109930008370EAE08E9FE02D1124E20FF32FF11DDA
:10994000EE53F14F80E2808382879F5F11969830BB
:10995000F9F6DF91CF911F910F91FF90DF90CF909B
:10996000BF90AF9008958091FA0D882309F48BCFB2
:10997000C091CE0F8C2F12DEFF24F394C4300CF470
:10998000F12C48E22F2D249FE00111248F3F09F490
:109990007ACF0E94CD226C01FC018081843009F4D1
:1099A00072CF1091CE0FE091CB0FF091CC0FE10F61
:1099B000F11D17FDFA958381807F803F41F5812F4E
:1099C0000ADEA82ECE53D14F812F1EDE482F9E01D6
:1099D0002F5F3F4F03E16A2DC6010E94512287E0AD
:1099E0008C8B8091CE0F10DE182F8091CE0FF3DD7F
:1099F000682F412FC6010E943A23682FAE014B5EAB
:109A00005F4F07E02BE0C6010E949E223ECFAA24B2
:109A1000AA94B12CD7CF27E028839E3109F453CFE5
:109A200050CF8F3F09F467CF0E94CD225C01802F79
:109A3000EBDD182F802FCFDD682F412FC5010E944D
:109A40003A23682FF501808102E026E0843011F08E
:109A500004E024E0AE014F5F5F4FC5010E949E22EB
:109A60008091CE0F082E000C990BC816D90609F06C
:109A700042CF89819FE9980F9A3108F03CCF8052FC
:109A8000898339CFCFD3E091CB0FF091CC0F808178
:109A90008330B9F44091730FE091700F2DE531E000
:109AA000429FC001439F900D11248A5C9A4FE80F9A
:109AB000F92FF11DED51FF4F8081807F80936B0E58
:109AC00008958091F3048823D9F38091F40483707E
:109AD000B9F780EFF3CF1F93CF93DF93182F8091C7
:109AE000F304811102C00E946C1FC6E3D5E044E676
:109AF000612FCE010E941A2EC35ADE4F8DE0C4366C
:109B0000D807A9F7DF91CF911F9108951F93CF93A5
:109B1000DF93182FC6E3D5E0612FCE010E94F02C11
:109B2000C35ADE4F8DE0C436D807B1F7DF91CF912D
:109B30001F910895CF93C82F8091C90F8823A9F052
:109B400080911F018F3720F41C1624F0882361F0C8
:109B5000C7FF0AC08C0FBFDF80911F01D7DF809144
:109B60001F01C80FC0931F0181E0CF91089580911C
:109B70001F019091C90F911106C0ADDF81E0809364
:109B8000C90F81E00895C2DF1092C90FFACF80EFAC
:109B90008093630E8091F304882369F0E091F404CC
:109BA000E83018F08FE080936B0EE770F0E0E35A36
:109BB000F14F83E0808308959B01009729F4FB0116
:109BC00080E38193108225C040E0E42FF0E04F5FF6
:109BD000EC59F24F6AE070E00E94446A8083CB0146
:109BE000009799F7842F522F932F882369F0815083
:109BF000E52FF92FA82FB0E0AC59B24F9C91905DA2
:109C000091935E2F9F2FF1CFF901E40FF11D4330A7
:109C1000C9F60895CF93DF93EC01FA0170E0660F67
:109C2000771F605E7F4F6F73862F90E0DE01A80F75
:109C3000B91F50964C9150970196C80FD91F309775
:109C400039F44F7750964C93188ADF91CF9108954D
:109C5000406850964C93E158E88BF7CF8091CD0F38
:109C6000882339F01092CD0F84E08093CE0F81E0ED
:109C7000089581E08093CD0FFACF9091730F2DE579
:109C800031E0929FF001939FF00D1124EA5CFA4FAE
:109C9000E60FF11DE458FF4F9081992321F08917B9
:109CA00018F0891BFCCF80E00895CF93DF93D82F65
:109CB000C62F8091CD0F8823A9F18091CA0F909172
:109CC000CE0F94300CF4815087FD2FC062E0D5DFB9
:109CD0009091730F282F30E0220F331F205E3F4FEB
:109CE0002F7330E04DE551E0949FF001959FF00D0A
:109CF0001124EA5CFA4FDF01A20FB31FA058BF4F37
:109D00009C9190789D2B9C93E20FF31FEF57FF4F90
:109D1000608160786C2B608362E08F5FAEDF809340
:109D2000CA0F81E0DF91CF91089580E0FBCFCF9300
:109D3000DF93D82FC62F8091CA0FD093CE0FD43087
:109D400068F4815087FD06C0D13009F445C040F465
:109D5000DD2319F181E0DF91CF910895D450F2CF46
:109D6000D250D230B8F76D2F88DF2091730F90E179
:109D7000D99FB0011124680F711D6F718DE591E0BD
:109D8000289FF001299FF00D1124EA5CFA4FE60F9D
:109D9000F11DE058FF4FCC0F1DC062E06EDF409117
:109DA000730FE82FF0E0EE0FFF1FB096EF732DE575
:109DB00031E0429FC001439F900D11248A5C9A4F6D
:109DC000E80FF92FF11DE058FF4FC695C85E60817E
:109DD0006078C62BC083BECF62E04FDF682F4C2F68
:109DE00050E0440F551F7091730F2DE531E0729FC5
:109DF000C001739F900D11248A559A4F0BDFAACF93
:109E0000CF93DF93C82F8091CA0F9091CD0F9111FE
:109E100040C08C0F87FD30C09091730F692F70E0A8
:109E20004DE551E0949F9001959F300D1124F9016B
:109E3000EE54FA4F2D543A4FD9019C9120812917A5
:109E400008F4292F4DE551E0649FF001659FF00D66
:109E5000749FF00D1124EC54FA4F9081921708F47E
:109E6000922F282F082E000C330B9217130659F04F
:109E700054F08093CA0F03C08FEF0E945A3A81E0DA
:109E8000DF91CF9108958FEF890F1C1694F781E031
:109E9000F4CF91E09093CD0FD091CE0FD43058F500
:109EA000815087FDECCFD13009F450C030F5D1118D
:109EB000E6CF62E0E2DE4091730FE82FF0E0EE0FB4
:109EC000FF1FB096EF732DE531E0429FC001439F25
:109ED000900D11248A5C9A4FE80FF92FF11DE0587C
:109EE000FF4F9081892F8F77C80FC7FDC8CF90781B
:109EF0009C2B9083C4CFD450D4CFD250D23008F012
:109F0000BECF6D2FBADE2091730F90E1D99FB001C3
:109F10001124680F711D6F718DE591E0289FF0018C
:109F2000299FF00D1124EA5CFA4FE60FF11DE0586D
:109F3000FF4F80810C2E000CDD0BC80FD11DCF3FD1
:109F4000D10511F008F09BCFC08399CF62E095DE78
:109F5000682F4091730FE42FF0E0282F30E0220F9C
:109F6000331F205E3F4F2F73ADE5B1E04A9FC00124
:109F70004B9F900D11248A5C9A4F280F392F311D69
:109F8000D901A058BF4F8C9150E040E087FF08C036
:109F90002F573F4FD9014C91405850E04F5F5F4FD2
:109FA0004C0F511DC7FD5A954130B1E05B0708F0D9
:109FB00066CF2DE531E0E29FC001E39F900DF29F57
:109FC000900D11248A559A4F25DE59CF06D184E091
:109FD0008093CE0F80E014CF0895811103C01092BA
:109FE000CA0F08958FE78093CA0F8FEF09CF0895A6
:109FF000CF92DF92FF920F931F93CF93DF9300E0F6
:10A0000028E2029FE0011124CE53D14F1091CA0FD4
:10A01000100FFF24FA94F10E48E250E060E270E085
:10A02000CE010E94446BF7FCC0C080E389831A30E4
:10A0300030F01A5089818F5FF9CF01E0E1CF105DD8
:10A040001A8362E08F2D19DE97E09B839A87811136
:10A0500003C095EA9B879C836091730F90E0880F03
:10A06000991F80968F734DE551E0649F9001659F25
:10A07000300D11242A5C3A4F820F932F911DFC0161
:10A08000E058FF4FD0808F579F4FFC011081D7FEC3
:10A0900085C0BE016B5F7F4F8D2D8F770E94A02101
:10A0A00080E28887D7FE7EC084E017FF81E08F873B
:10A0B0001F776E01F0E1CF0ED11CB601812F90E029
:10A0C0007BDD63E0C6010E94781760E08F2DD5DD4F
:10A0D0009091730FE82FEF714DE551E0949F90013F
:10A0E000959F300D11242A5C3A4FE20FF32FF11D9A
:10A0F000E058FF4F9081811102C085EA8D8B6E017F
:10A100002AE1C20ED11CB601892F90E055DD63E033
:10A11000C6010E94781787E08C8B61E08F2DADDD42
:10A120009091730FE0E1E80FEF714DE551E0949FDE
:10A130009001959F300D11242A5C3A4FE20FF32FC6
:10A14000F11DE058FF4F9081811102C085EA8F8F89
:10A150006E0184E2C80ED11CB601892F90E02CDD7F
:10A1600063E0C6010E94781787E08E8F013009F006
:10A1700064CF8091CD0F9FE5811101C09FEF909337
:10A18000160181111BC08FEF80936C0EDF91CF9170
:10A190001F910F91FF90DF90CF9008958DE28E83F5
:10A1A0008F837ECF85E08F8790CF45E250E068EBCC
:10A1B0007DE2CE0103960E94046BD8CF8091CE0F32
:10A1C00090E0843010F0845098E29C5FEAE08E9F2B
:10A1D000900D11248695890FD7CF9093CC0F809343
:10A1E000CB0F1092CD0F1092CE0F0895089581E0FD
:10A1F000089580E008958091CD0F882321F010927A
:10A20000CD0F81E0089581E08093CD0FFACF81E0FA
:10A2100008958091CD0F823011F41092CD0F81E01E
:10A2200008950895E091CB0FF091CC0F8585E485DA
:10A23000F0E0E35AF14F80830895AEE0B0E0E3E24E
:10A24000F1E50C94CF6A182F883008F484C082E0BE
:10A2500088871A861B861C861E861D868091730F32
:10A2600089870E94194085B1876085B92E9A80E55B
:10A270008CBD81E08DBD8093780F8EEE92E00E94C0
:10A2800009182E980E94241B1092780F1A3009F496
:10A2900048C048F41830A9F0193009F181E02E9631
:10A2A000E3E00C94EB6A1E30C9F78BE28093330431
:10A2B0001092350410923404CE0108960E94CF32D9
:10A2C000EDCF84E48093330410923504109234046B
:10A2D000BE01685F7F4F81E00E945A38DFCF84E57E
:10A2E00080933304109235041092340487E0FE0109
:10A2F0003896DE01119601900D928A95E1F7CE0114
:10A3000001960E94CF32BE016F5F7F4F81E00E94B5
:10A310005A3841E0BE016F5F7F4F82E00E946C358A
:10A32000BDCF81E58093330410923504109234043C
:10A3300087E0FE013896DE01119601900D928A9514
:10A34000E1F7CE0101960E94CF3241E0BE016F5F7E
:10A350007F4F81E0E3CFE091CB0FF091CC0F808174
:10A360008F50823010F40E94433980E098CF61E032
:10A370008091760F0C94F4390895A7E0B0E0E3ECF7
:10A38000F1E50C94D06A883008F03FC0E82FF0E087
:10A39000E054F4490C94956A67E171E081E00E9411
:10A3A0005A38E5DF32C087E0E7E1F1E0DE011196DF
:10A3B00001900D928A95E1F7CE0101960E94CF326D
:10A3C000BE016F5F7F4F81E00E945A3841E0BE01BD
:10A3D0006F5F7F4F82E00E946C35E3CF87E0E7E15B
:10A3E000F1E0DE01119601900D928A95E1F7CE0120
:10A3F00001960E94CF3241E0BE016F5F7F4F81E046
:10A40000EACF87E191E00E94D23681E02796E2E030
:10A410000C94EC6A87E191E00E94FF36F6CF87E169
:10A4200091E00E94CF32BDCF0F931F93CF93DF9364
:10A430000E94214620E038E2239FE0011124CE5300
:10A44000D14F8E010F5F1F4FC8010E943E456FE044
:10A45000C8010E947B1747E050E066E07EE2CE0133
:10A4600046960E941F6B9E01225E3F4F809117010E
:10A47000E2E1833031F090911801E92FEE0FE90FFE
:10A48000E80FF0E0E658F24F4081842F90E0411150
:10A4900006C0FE017F9680E38E8F108225C040E0CB
:10A4A000E42FF0E04F5FEC59F24F6AE070E00E9459
:10A4B000446A8083CB01009799F7842F522F932F02
:10A4C000882369F08150E52FF92FA82FB0E0AC590F
:10A4D000B24F9C91905D91935E2F9F2FF1CFF90128
:10A4E000E40FF11D4330C9F663E0C9010E947817FB
:10A4F00021E038E2239FE0011124CE53D14F47E2FF
:10A5000050E06EED7DE2CE0101960E941F6B87E068
:10A510008D838A87898F8E8F8BA3DF91CF911F9137
:10A520000F910895EDE5FEE080EF87838FE0808353
:10A5300081838283848385838683138208950E9426
:10A54000194085B1876085B92E9A80E58CBD81E080
:10A550008DBD8093780F8EEE92E00E9409182E98A0
:10A560000E94241B1092780F87E191E00E94CF3265
:10A5700087E191E00C94D23608959091CE0F20910E
:10A58000CD0F222321F0943014F466C80895890F6A
:10A5900087FF05C08FEF0E945A3A81E008958A3004
:10A5A00014F081E0F8CF8093CE0FF7CF811106C071
:10A5B0008FEF8093CE0F81E0E0CF089589E0809304
:10A5C000CE0F089598D88FEF8093CE0F81E0D5CF2E
:10A5D00008952091CE0F243014F496C80895245085
:10A5E00081E090E0AC0102C0440F551F2A95E2F7CC
:10A5F0009A01E091730F54E0E59FF0011124DF010F
:10A60000A250BB4F13968C91982F922381F4AEEFFA
:10A61000B4E013964C911397922F90959423139630
:10A620009C931397149695E0A631B90791F782276A
:10A63000E250FB4F9381981731F083838FEF0E9494
:10A640006E1E0E947F1E81E00895682F8091CD0FBD
:10A65000882361F08091CE0F9EEF980F923028F4FE
:10A6600094D81092CD0F81E0089580E008950F9363
:10A670001F93CF93DF93D82F853078F4C091CE0FFE
:10A6800084D8D11104C0C093CE0F1092CD0F81E0B9
:10A69000DF91CF911F910F910895D550DD0F8091DB
:10A6A000730F23E030E00D2E01C0220F0A94EAF769
:10A6B000209544E0849F8001112402501B4FF80133
:10A6C000C3812C2370E095E0759567959A95E1F725
:10A6D000AB0102C0440F551FDA95E2F7EA01C22B25
:10A6E0000E946E1E8C23F8019381981781F2838358
:10A6F0000E947F1ECCCF1F93CF93DF93B7D880E209
:10A70000809316018091CE0F84300CF43FC0082E48
:10A71000000C990B0497982F990F990F890F8B5C58
:10A7200080936C0EE091730F84E0E89FF001112498
:10A73000E250FB4F138121E038E2239FE001112416
:10A74000CE53D14F48E250E060E270E0CE010E946B
:10A75000446B49E050E06EE07EE2CE0101960E943B
:10A760001F6B87E08A8781E391E0212F292321F065
:10A770002BE52C872DE52E878D87990F8F5F2596EA
:10A78000873399F7DF91CF911F9108958FEFC8CF4D
:10A790009B01FC01460F571F2417350709F4089544
:10A7A000D9018D919D018193F7CF9C01480F591FCD
:10A7B0002417350709F40895F90161939F01F8CF33
:10A7C0004F925F926F927F92AF92BF92CF92DF9241
:10A7D000EF92FF920F931F93CF93DF93EC016A01E7
:10A7E0007B014AA45BA46CA47DA44C145D046E049C
:10A7F0007F0481F480E0DF91CF911F910F91FF9052
:10A80000EF90DF90CF90BF90AF907F906F905F9070
:10A810004F9008958C81811115C0C114D104E104B9
:10A82000F10441F301E0A7019601BE01625D7F4F93
:10A8300089810E941768811112C0CAA6DBA6ECA606
:10A84000FDA6D9CF5E018EE2A80EB11C01E0A301E6
:10A850009201B50189810E946168882311F081E02D
:10A86000CACF1C828E8D9F8DA8A1B9A14A8D5B8D08
:10A870006C8D7D8D840F951FA61FB71F4816590636
:10A880006A067B0650F61B81123038F28A8D9B8D4A
:10A89000AC8DBD8D480E591E6A1E7B1E01E0A301C2
:10A8A0009201B50189810E9461681150EDCF0F932B
:10A8B000CF93DF93EC019A01AB01BC01625D7F4F46
:10A8C00001E089810E941768811126C0FE01E45DC4
:10A8D000FD4F2081318125353A4A01F5E85CF14090
:10A8E00040815181628173817727463451446445A8
:10A8F000710571F0C058DF4F488159816A817B81B1
:10A90000772781E0463451446445710509F480E0BD
:10A91000DF91CF910F91089583E0FACF82E0F8CFD5
:10A92000A2E1B0E0E6E9F4E50C94C06ADC019B0129
:10A93000142FED91FC9111978081082E000C990B3A
:10A94000C0978A30910568F04091D10F5091D20F95
:10A950005A8B498BD9014D935C93452B61F41CE0D4
:10A960001AC041814A3381F73296ED93FC93892BCB
:10A9700059F31BE010C0E989FA898081882381F0AE
:10A9800081810E94106880FD0BC0112321F0182FD7
:10A99000147082FD1AE0812F6296E2E10C94DC6A69
:10A9A000A989BA891C9211961C9280E00E946F6757
:10A9B00080FD06C2112311F082FDECCF40E050E093
:10A9C000BA0189899A8973DF182F813009F0BAC1D9
:10A9D000E989FA89E051FE4F8081811102C01DE0B2
:10A9E000DACFE989FA89EC50FE4F80809180A2800D
:10A9F000B380B501A40189899A8959DF182F1330D2
:10AA000009F4E0C11111EBCFE989FA8981AD92AD6A
:10AA10008115924021F7E989FA89EC5BFF4F40806C
:10AA20005180712C612C4114510441F4E989FA8957
:10AA3000EE5AFF4F4080518062807380A989BA89A5
:10AA40005A964D925D926D927C925D97DE964C91F6
:10AA5000DE9713964C9313978FEF840F823008F094
:10AA6000BECFDB960C91DB9712960C9312970023C6
:10AA700009F4B5CF202F30E0C9010197802393233B
:10AA8000892B09F0ACCFFD01FF962080318019960B
:10AA90003C922E921897C1018F709927892B09F04B
:10AAA0009ECF3296C080D180F12CE12CC114D1040C
:10AAB00041F4E989FA89E25BFF4FC080D180E280EE
:10AAC000F380A989BA89DC96ED91FC91309709F45D
:10AAD00086CFA42FB0E0A30192010E94B66A6D87D1
:10AAE0007E878F87988B9F0150E040E029873A87C7
:10AAF0004B875C87C10164E0969587956A95E1F77D
:10AB0000280F391F411D511DDA01C9012D853E85D0
:10AB10004F855889280F391F4A1F5B1F2D833E839D
:10AB20004F835887C216D306E406F50608F457CFBC
:10AB3000D701C601821B930BA40BB50B89839A83A3
:10AB4000AB83BC83C02ED12CF12CE12CBC01CD01F8
:10AB5000A70196010E94576A89819A81AB81BC81C5
:10AB60008C159D05AE05BF0508F439CF263F9FE043
:10AB700039074105510508F4E9C0263FAFEF3A0710
:10AB80004105510508F4E5C0B3E0B98369017A01D4
:10AB900082E0C80ED11CE11CF11CA989BA89569625
:10ABA000CD92DD92ED92FC9259978D819E81AF817D
:10ABB000B885880D991DAA1DBB1DE989FA8986A350
:10ABC00097A3A0A7B1A789859A85AB85BC85880D79
:10ABD000991DAA1DBB1D868F978FA0A3B1A3F981D4
:10ABE000F33009F0B9C02114310409F0F8CEE98935
:10ABF000FA89E65AFF4F80819181A281B381E98968
:10AC0000FA8982A393A3A4A3B5A342E0CC0CDD1CD4
:10AC1000EE1CFF1C4A95D1F73FEFC30E31E0D31E67
:10AC2000E11CF11C89E0F694E794D794C7948A95C7
:10AC3000D1F74C145D046E047F0408F4D0CE8FEF7E
:10AC40009FEFDC01E989FA8986879787A08BB18B12
:10AC50001286138614861586B981B33009F058C060
:10AC60001582E25AFF4F80819181A5019401280F3E
:10AC7000391F411D511DA989BA8952962D933D93C3
:10AC80004D935C93559701E0BD01625D7F4F119636
:10AC90008C910E94176881113BC0E989FA89E45DB3
:10ACA000FD4F8081918185359A4A91F5E989FA892C
:10ACB00086A597A5A0A9B1A982359245A146B14420
:10ACC00039F5E989FA89EE5EFD4F80819181A28193
:10ACD000B38182379247A144B146D1F4E989FA8918
:10ACE000E65EFD4F80819181A281B381E989FA8975
:10ACF00082879387A487B587EA5EFD4F8081918123
:10AD0000A281B381E989FA8986879787A08BB18B65
:10AD1000E981A989BA89EC938091CF0F9091D00FE6
:10AD200001969093D00F8093CF0F17969C938E939C
:10AD300016979A961D921D921D921C929D9714969D
:10AD40001C9229CE812C912C540159CEE1E0E9834B
:10AD50001DCFF2E0F9831ACF2114310409F43FCE5C
:10AD60002D853E854F855889820F931FA41FB51FDF
:10AD7000E989FA8982A393A3A4A3B5A3F981F23048
:10AD800029F4CC0CDD1CEE1CFF1C46CFA3E0B0E088
:10AD9000A70196010E94B66A6D837E838F83988790
:10ADA000DC01CB01B695A7959795879521E0C22246
:10ADB000DD24EE24FF24C80ED91EEA1EFB1E2CCF74
:10ADC00013E0E9CD11E0E7CDFC01309789F0208157
:10ADD000222371F0268137812617370749F48181B4
:10ADE0000E941068982F817090FF03C083E008953F
:10ADF00089E00895EF92FF920F93CF93DF93EC01D8
:10AE000040E050E0BA01DCDC811155C0888183301C
:10AE100009F046C08D81882309F442C01AA61BA6FA
:10AE20001CA61DA640E052E070E060E07E018EE2CC
:10AE3000E80EF11CC701B9DC85E5FE01E45DFD4FBC
:10AE400080838AEA3196808382E58EA78FA781E688
:10AE500088AB91E499AB22E77B97208331962083DE
:10AE600031969083319680838E859F85A889B98994
:10AE7000319680839183A283B3838A859B85AC8539
:10AE8000BD85349680839183A283B3832A893B89CD
:10AE90004C895D8901E0B70189810E9461681D824A
:10AEA00050E040E060E089810E94C268982F81E014
:10AEB000911101C080E0DF91CF910F91FF90EF9051
:10AEC0000895A4E0B0E0E7E6F7E50C94D06AFC0151
:10AED0009A01AB01225031094109510986899789AC
:10AEE000A08DB18D0297A109B109281739074A072A
:10AEF0005B0700F5A281B0E00E94B66A69837A839D
:10AF00008B839C8386A197A1A0A5B1A529813A81B5
:10AF10004B815C81280F391F4A1F5B1F29833A83AD
:10AF20004B835C8369817A818B819C812496E2E0EA
:10AF30000C94EC6A19821A821B821C82F3CFAF92A6
:10AF4000BF92CF92DF92EF92FF921F93CF93DF9346
:10AF5000EC016A017B0182E0C816D104E104F1042E
:10AF600008F4BDC08E899F89A88DB98DC816D906F1
:10AF7000EA06FB0608F0B3C08881823009F452C0AB
:10AF8000833009F46FC08130A9F45A01B694A794B4
:10AF9000A40EB51EC501892F992786954E8D5F8D0C
:10AFA00068A179A1480F591F611D711DCE0108DCF0
:10AFB000882321F06FEF7FEFCB0128C0F501F170FE
:10AFC000EC0FFD1F16A58FEFA81AB80AC501892F2F
:10AFD000992786954E8D5F8D68A179A1480F591FDD
:10AFE000611D711DCE01ECDB8111E4CF81E0B8223F
:10AFF000CA0DDB1D8EA5782F612FC0FE11C0B4E0F5
:10B0000076956795BA95E1F790E080E0DF91CF9172
:10B010001F91FF90EF90DF90CF90BF90AF90089579
:10B020007F70F2CF77276F2D5E2D4D2D8E8D9F8DEA
:10B03000A8A1B9A1480F591F6A1F7B1FCE01C0DB11
:10B040008111B8CFCC0CDD1CEE1CFF1CE894C0F8BD
:10B0500081E0D822EE24FF24CC0DDD1D8FA56EA546
:10B06000782FD2CF8E8D9F8DA8A1B9A1E7E07695DC
:10B07000679557954795EA95D1F7480F591F6A1F6D
:10B080007B1FCE019DDB811195CF82E0CC0CDD1CB6
:10B09000EE1CFF1C8A95D1F78CEFC82281E0D822E4
:10B0A000EE24FF24F601BE96EC0FFD1F2381628182
:10B0B00070E090E080E0CB0177276627922BCC0DE3
:10B0C000DD1D2EA5622BC180D12CDC2CCC24F12CD3
:10B0D000E12C6C297D298E299F299F7097CF61E0F3
:10B0E00070E080E090E092CFA6E0B0E0EAE7F8E51B
:10B0F0000C94CC6A8C016D837E83ED81FE81DC0132
:10B100001596FC93EE93149716964D915D916D9163
:10B110007C911997413051056105710529F482E050
:10B120002696E6E00C94E86AED91FC918689978971
:10B13000A08DB18D481759076A077B0780F7411525
:10B1400051056105710509F041C08081833049F4E2
:10B1500042A153A164A175A1411551056105710575
:10B16000A9F5D8011A961D921D921D921C921D9749
:10B17000808591852D813E812817390780F682A12F
:10B1800093A1A4A1B5A144E0369527954A95E1F78E
:10B19000820F931FA11DB11DF80186879787A08B91
:10B1A000B18BD801808191818E96ED81FE81EF7007
:10B1B000FF2725E0EE0FFF1F2A95E1F7E80FF91FA3
:10B1C0005396FC93EE93529780E0AACFE280F0E191
:10B1D000EF9E70011124D8018D919C911197ED8102
:10B1E000FE81EE15FF05E8F41A964D935D936D937D
:10B1F0007C931D9766DE69837A838B839C838D8124
:10B200009E8134E0969587953A95E1F729813A81B8
:10B210004B815C81280F391F411D511DDA01C90185
:10B22000BBCF8DDE462F572FBC014F3F2FEF52076C
:10B2300062077207D1F0423051056105710508F4CB
:10B240006ECFD801ED91FC9186899789A08DB18D43
:10B25000481759076A077B0708F061CFED81FE8127
:10B26000EE19FF09FE83ED83B6CF81E059CFCF936E
:10B27000DF93EC016C817D8137DF811111C04E8538
:10B280005F8568897989888199819ADA811108C0F6
:10B29000EA89FB8995EE9083E881F98191E09483B6
:10B2A000DF91CF910895B0E0A0E0E9E5F9E50C94D5
:10B2B000C26AEC016A017B014801590122E0C21611
:10B2C000D104E104F10408F4D2C08E899F89A88DCD
:10B2D000B98DC816D906EA06FB0608F0C8C08881F1
:10B2E000823009F464C0833009F481C0813009F0F0
:10B2F000BCC08A0116950795040F151FC801892F38
:10B30000992786954E8D5F8D68A179A1480F591FA9
:10B31000611D711DCE0154DA81113BC0882DF801E9
:10B32000F170EC0FFD1F2601370191E049225524F1
:10B3300066247724C0FE07C086A58F70A0E18A9E90
:10B3400090011124822B86A70F5F1F4F81E08C8311
:10B35000C801892F992786954E8D5F8D68A179A1A7
:10B36000480F591F611D711DCE012ADA811111C0CC
:10B370001170FE01E00FF11F4114510461047104CA
:10B3800079F064E0B694A794979487946A95D1F77E
:10B3900086A691E09C83CDB7DEB7E0E10C94DE6A2F
:10B3A00096A5907FB92DBF708B2E892AF1CF772774
:10B3B0006F2D5E2D4D2D8E8D9F8DA8A1B9A1480FAB
:10B3C000591F6A1F7B1FCE01FBD98111E2CFCC0C24
:10B3D000DD1CEE1CFF1CE894C0F821E0D222EE2414
:10B3E000FF24FE01EC0DFD1D06A797A6D2CF8E8D82
:10B3F0009F8DA8A1B9A137E0769567955795479598
:10B400003A95D1F7480F591F6A1F7B1FCE01D8D933
:10B410008111BFCF92E0CC0CDD1CEE1CFF1C9A9575
:10B42000D1F79CEFC92291E0D922EE24FF24F60146
:10B43000BE96EC0FFD1F9381428150E070E060E00A
:10B44000BA0155274427792BCC0EDD1E44275527FA
:10B450006627707F842A952AA62AB72AD6019E9647
:10B460008C929182A282B38294CF82E092CF82E0CA
:10B4700092CFB0E0A0E0EFE3FAE50C94C26AEC01F1
:10B480004A015B0181149104A104B104B9F44A8416
:10B490005B846C847D84411451046104710449F01F
:10B4A0008E899F89A88DB98D481659066A067B0634
:10B4B00020F1412C512C320143941FC040DD6B011F
:10B4C0007C0122E0C216D104E104F10458F4C12C3D
:10B4D000D12C7601C394C701B601CDB7DEB7E0E148
:10B4E0000C94DE6A8E899F89A88DB98DC816D906FD
:10B4F000EA06FB0680F324013501730162018FEF38
:10B50000C81AD80AE80AF80A8E899F89A88DB98DC9
:10B51000C816D906EA06FB0678F022E04216510466
:10B520006104710420F4C12CD12C7601D4CF92E0B7
:10B53000C92ED12CE12CF12CB701A601CE01FFDCE4
:10B54000462F572FBC01411551056105710599F032
:10B550004F3F8FEF58076807780709F43FC0413025
:10B5600051056105710509F4B2CFC414D504E60490
:10B57000F70429F6D8CF0FEF1FEF2FEF3FE0B70109
:10B58000A601CE0190DE811126C081149104A10490
:10B59000B104C9F4CA86DB86EC86FD868E859F855C
:10B5A000A889B9898F3F2FEF9207A207B20709F444
:10B5B00092CF0197A109B1098E879F87A88BB98B7C
:10B5C00081E08D8388CF97018601B501A401CE016A
:10B5D0006ADE8823F9F2813009F079CFCC24CA944D
:10B5E000DC2C760178CFB0E0A0E0E9EFFAE50C942E
:10B5F000C56AEC016B010C811D810F5F1F4F31F497
:10B6000084E0CDB7DEB7EDE00C94E16A4E855F854E
:10B6100068897989411551056105710589F37801BA
:10B620008FE0E822FF24E114F104D1F488819981AC
:10B630004F5F5F4F6F4F7F4F4E875F87688B798B70
:10B640004A855B856C857D854115510561057105D0
:10B65000B9F4DC0118968D919C910817190780F6B2
:10B660001D830C83888199818E9625E0EE0CFF1C4A
:10B670002A95E1F7E80EF91EFB8AEA8A80E0C1CF3D
:10B68000FC0122812150330BF801A4E0F695E795E7
:10B69000AA95E1F72E233F23232B11F750DC4B0112
:10B6A0005C01F2E08F169104A104B10410F482E071
:10B6B000A8CF8FEF88169806A806B80611F481E087
:10B6C000A0CF88819981DC0156964D915D916D9155
:10B6D0007C91599784169506A606B70608F44DC0C6
:10B6E000C114D10409F48CCF4A855B856C857D85B6
:10B6F000C0DE4B015C0187E081149104A104B10418
:10B7000009F47FCFB1E08B169104A104B10479F262
:10B71000EFEF8E169E06AE06BE0689F240E050E0C0
:10B72000BA01888199814CD8782E8111C8CF88813F
:10B73000998140E052E070E060E08E9636D8C88093
:10B74000D980B501A401C601BCDBD6019A966D93E0
:10B750007D938D939C939D97E881F98182817816E2
:10B76000D0F082A593A5A4A5B5A587199109A10933
:10B77000B10982A793A7A4A7B5A78A869B86AC86A2
:10B78000BD86B501A401888199819BDB6E877F8787
:10B79000888B998B65CF81E0848340E050E0BA01CB
:10B7A000CF010ED881118BCFE881F98182A593A5B5
:10B7B000A4A5B5A50196A11DB11D82A793A7A4A715
:10B7C000B5A77394C9CFB0E0A0E0E9EEFBE50C9417
:10B7D000C76AEC018B01FB0180818F3211F08C353F
:10B7E00011F40F5F1F4F1E821F8218861986F80101
:10B7F0008081803208F098C070E060E0CE0174DC97
:10B800001B8A1A8ACDB7DEB7EBE00C94E36A7F019E
:10B810008CC04FEB4B0F4A3138F4A260F601E80FB1
:10B82000F91F908201969AC04FE94B0F4A31B0F749
:10B83000A16040EE942E9B0EF1CF060F171F40E043
:10B84000B13208F444E0892B09F4ACC0F6018081E0
:10B85000853E11F485E0808328303105A9F5AA0FD3
:10B86000AA0FAC70A43009F44860F601438770E079
:10B8700060E0CE0139DC811131C04E855F85688979
:10B880007989888199810E94E053811127C0EA89D2
:10B89000FB898081882309F19385892F887093FD26
:10B8A0000EC02C899D89AF01455F5F4F4E175F0722
:10B8B000A9F0A22FB92F21919D91291759F070E07D
:10B8C00060E0CE0190DED7CF8A2F8370813049F6B9
:10B8D0004061C7CF2A2F9B2FE9CF84E0EC89FD89F7
:10B8E0009385882339F0843009F08CCF92FD8ACF7C
:10B8F00085E088CF92FD86CFEA89FB89838584FF26
:10B90000F7CF84899589B0E0A0E0DC0199278827EA
:10B91000428D538D70E060E0842B952BA62BB72BC6
:10B920008E839F83A887B98778018701F70181916A
:10B930008F3209F46CCF8C3509F469CFCC88DD885F
:10B940004BE050E060E270E0C6010E94D55390E009
:10B9500080E070E060E028E030E0A0E06F5F7F4FC3
:10B96000F701B1917F019B2EB13208F466CFBF324F
:10B9700009F463CFBC3509F460CFBE32A9F0821759
:10B98000930780F4B7FD0EC0AB2EB12CE0E3F1E0DD
:10B990004191442309F43DCF042E000C550BA4160D
:10B9A000B506B1F786E02ECF28303105D9F7AA0FBA
:10B9B000AA0F88E090E02BE030E0D0CFEF92FF922A
:10B9C0001F93CF93DF93EC0170E060E08DDB182FC5
:10B9D000811136C04E855F85688979898881998112
:10B9E0000E94E053182F81112BC0EA89FB898081C6
:10B9F000853E39F0882329F061E070E0CE01F3DD67
:10BA0000E6CF4E855F8568897989888199810E9412
:10BA1000E053182F811114C0EA88FB8840E250E0FF
:10BA200070E060E0C7010E94D5536C897D894BE0CE
:10BA300050E0C7010E94C853E881F98181E0848306
:10BA4000812FDF91CF911F91FF90EF900895CF93B9
:10BA5000DF93EC0184E04E855F8568897989411523
:10BA600051056105710519F4882399F01CC088817E
:10BA700099810E94E053811116C0EA89FB89808177
:10BA80008823B1F0853E49F08E3239F0838583FDFD
:10BA900004C080E0DF91CF91089570E060E0CE01B6
:10BAA000A2DD8823C1F21E861F86188A198AF2CF6A
:10BAB00084E0F9CFB0E0A0E0E0E6FDE50C94C66AD2
:10BAC000EC016A017B0122E0C216D104E104F10419
:10BAD00008F450C08E899F89A88DB98DC816D906E3
:10BAE000EA06FB0608F046C046015701B701A60169
:10BAF000CE0125DA6B017C01C114D104E104F1040B
:10BB000031F480E0CDB7DEB7ECE00C94E26A81E07E
:10BB1000C816D104E104F10469F12FEFC216D20670
:10BB2000E206F20649F100E010E09801A401B50137
:10BB3000CE01B9DB8111E6CF8E859F85A889B989B1
:10BB40008F3F2FEF9207A207B20749F00196A11D80
:10BB5000B11D8E879F87A88BB98B81E08D838E89DD
:10BB60009F89A88DB98DC816D906EA06FB0608F488
:10BB7000BBCFC7CF82E0C6CF81E0C4CFFB0181112C
:10BB80000FC0A091D10FB091D20F109709F01C9265
:10BB9000309709F01082F093D20FE093D10F0895FF
:10BBA0008BE008954F925F926F927F928F929F9257
:10BBB000AF92BF92DF92EF92FF920F931F93CF93BA
:10BBC000DF93CDB7DEB7A4970FB6F894DEBF0FBEF4
:10BBD000CDBF8C017CA36BA3B42EDC011D921C9203
:10BBE000B42FBF71DB2E4E71BE016F5F7F4FCE0150
:10BBF00083960E9490549E01295E3F4F3E8B2D8B71
:10BC0000811105C06BA17CA1CE010196DCDDEB8822
:10BC1000FC88811104C0E114F10409F486E09B2D35
:10BC20009C7109F4DBC0882309F1843049F4CE010A
:10BC30000196C4DE6894D3F8EB88FC88882301F170
:10BC4000A4960FB6F894DEBF0FBECDBFDF91CF91A3
:10BC50001F910F91FF90EF90DF90BF90AF909F905A
:10BC60008F907F906F905F904F900895F70183853C
:10BC7000817109F0BEC088E0B2FCE2CFB3FE58C0CB
:10BC80000E94106AD7011E966D937D938D939C93AD
:10BC900051971B961C921B975C961C925C975D9625
:10BCA0001C925D975E961C925E975F961C925F97C2
:10BCB00054968D909C905597B12CA12C54019924A9
:10BCC00088245A968D919C91B0E0A0E0882A992A08
:10BCD000AA2ABB2AF701128E138E148A158A89812B
:10BCE0009A8121E0DC0114962C931497811491041D
:10BCF000A104B104E9F09A964D905D906D907C900E
:10BD00009D97B501A401D6DE81119ACF89819A81D0
:10BD1000B1E08B1A9108A108B108FC0182869386D4
:10BD2000A486B586B301A2010E94E053811188CF99
:10BD3000D3FE02C06894D5F8E981FA8142A553A5E3
:10BD400064A575A5D8015A964D935D936D937C9328
:10BD50005D975F96FC92EE925E971496DC92D70107
:10BD600054968D919C91B0E0A0E05C0199248824C8
:10BD7000D7015A964D915C9170E060E048295929AD
:10BD80006A297B29D8011E964D935D936D937C9310
:10BD90005197D7015C964D915D916D917C915F9724
:10BDA000D8011A964D935D936D937C931D971696CB
:10BDB0001D921D921D921C92199756961D921D92CE
:10BDC0001D921C9259971196FC93EE938681978150
:10BDD00013969C938E93129780E032CF811130CFCF
:10BDE000D7011B968C9184FD06C0B1FEA1CF80FFC8
:10BDF0009FCF87E025CF84E023CFA3E0B0E0E3E04E
:10BE0000FFE50C94C06A8A839B835B016A01190178
:10BE1000D9011D921C92EA81FB816281738180812C
:10BE200091810E94E456182F8111C3C0AA81BB8161
:10BE300014968C9187FD59C0B82FB170B98380FFDB
:10BE400030C1EA81FB8182859385A485B5854681D1
:10BE5000578160857185841B950BA60BB70BA601D6
:10BE600070E060E084179507A607B70708F46C0137
:10BE7000C114D10409F49DC0AA81BB8116964D91CD
:10BE80005D916D917C911997DB01CA019170AA2790
:10BE9000BB27892B8A2B8B2B09F0D5C0AA81BB81AC
:10BEA000ED91FC911197828181502A013B0109E0BB
:10BEB00076946794579447940A95D1F7082F0421F4
:10BEC00099F5452B462B472B91F41E964D915D918C
:10BED0006D917C9151974230510561057105A8F42F
:10BEE000EA81FB8184818068848312E062C0AA8138
:10BEF000BB8152964D915D916D917C915597CF018B
:10BF00001ED8462F572FBC01E6CF4F3FFFEF5F07EC
:10BF10006F077F0719F4AA81BB8144C0EA81FB81C6
:10BF2000428B538B648B758BAA81BB818D909C90C7
:10BF3000119752964D915D916D917C915597C401E9
:10BF40000E9461572B013C014114510461047104AA
:10BF500039F2400E511C611C711CC114F2E0DF0665
:10BF600008F46BC07601EF2CFF24E694D4011296FE
:10BF70006C91802F90E0AC014E0D5F1D262F30E0BC
:10BF80006417150618F47901E81AF90A0E2DA301B1
:10BF90009201B501F40181810E941768AA81BB81D9
:10BFA000882361F014968C911497806814968C9372
:10BFB0001981812F2396E2E10C94DC6AED91FC91CA
:10BFC00084818823E1F082A593A5A4A5B5A5841951
:10BFD0009509A609B709A70170E060E084179507E5
:10BFE000A607B70760F4BF01625D7F4F982F8827CF
:10BFF000990F40E052E08A0D9B1D0E94C853FE2C11
:10C00000EE24FF0CAE0CBF1CEA81FB818681978178
:10C01000A085B1858E0D9F1DA11DB11D86839783BF
:10C02000A087B187D1018D919C9111978E0D9F1D95
:10C030008D939C93CE18DF081BCFEA81FB81468A43
:10C04000578A608E718EAA81BB8116962D913C9184
:10C05000317080E092E0821B930B76018C159D0578
:10C0600008F47C01EA81FB8146895789608D718DD6
:10C07000808191810E94E05381114DCFEA81FB8143
:10C0800086819781A085B1859170AA27BB278E965E
:10C0900060817181680F791FA701C5010E94C85393
:10C0A000B1CF17E086CFB0E0A0E0E9E5F0E60C9470
:10C0B000C06AEC016B017A011901F9011182108249
:10C0C0006A817B81888199810E94E456182F8111B1
:10C0D0003AC08C8187FD14C181FF63C18A859B852D
:10C0E000AC85BD85AC01BD014E0D5F1D611D711D8F
:10C0F000481759076A077B0708F0B7C08E819F81F0
:10C10000A885B9854A855B856C857D854817590763
:10C110006A077B0708F440C18C8180628C8313C05E
:10C120004A895B896C897D89A4D9462F572FBC0128
:10C13000D8C04F3FFFEF5F076F077F0751F48C8137
:10C1400080688C8311E0812FCDB7DEB7E2E10C94DB
:10C15000DC6A4A8B5B8B6C8B7D8B88819981FC01BF
:10C1600082A493A4A4A4B5A44E895F89688D798D17
:10C1700084169506A606B70639F440E050E0BA01E9
:10C180000E94E0538111DBCFA880B9804A895B8986
:10C190006C897D89C5010E9461572B013C014114C6
:10C1A00051046104710409F4A8C0400E511C611CC3
:10C1B000711CE114F2E0FF0608F4A4C04701892CC9
:10C1C00099248694F5016281802F90E0AC01480D9E
:10C1D000591D262F30E06417150618F44901881AF6
:10C1E000990A082DA3019201B601F501818169D751
:10C1F0008111A5CF88819981FC0142A553A564A531
:10C2000075A544195509660977092401712C612C1B
:10C21000441555056605770570F4542F4427550FCE
:10C22000B601640F751F40E052E08E960E94C8531D
:10C23000E881F9811482982C8824990CC80CD91CA7
:10C240008E819F81A885B985880D991DA11DB11D7D
:10C250008E839F83A887B987F10180819181880DA2
:10C26000991D91838083E818F9084E815F81688564
:10C270007985E114F10409F441CFDB01CA01917021
:10C28000AA27BB27892B8A2B8B2B09F05AC08881C0
:10C290009981FC01028101504A015B01E9E0B694F9
:10C2A000A79497948794EA95D1F7082109F055CF80
:10C2B000452B462B472B09F033CF4E855F85688988
:10C2C0007989411551056105710589F440E050E017
:10C2D000BA01CFD8462F572FBC014E875F87688B96
:10C2E000798B411551056105710509F407CF41307E
:10C2F00051056105710509F01CCF8C8180688C8324
:10C3000012E021CF4E815F81688579858A859B8582
:10C31000AC85BD85481759076A077B0770F040E078
:10C3200050E0BA01C5010E94E053811108CFE881B5
:10C33000F98142A653A664A675A64E8A5F8A688EC6
:10C34000798E2E813F81317080E092E0821B930BC9
:10C3500047018E159F0508F44C014E895F89688D51
:10C36000798D888199810E94E0538111E8CE8E8178
:10C370009F81A885B9859170AA27BB278E962881B1
:10C380003981A401B601820F931F0E94C853E8812E
:10C39000F98181E0848352CF8A879B87AC87BD87F0
:10C3A000BBCE17E0D0CE0F931F93CF93DF93EC015A
:10C3B0006A817B81888199810E94E456811149C0FC
:10C3C0009C81892F807295FF44C04A8D5B8D6C8D56
:10C3D0007D8D888199810E94E05381113AC00E8D34
:10C3E0001F8DD8011B968C911B9780621B968C9396
:10C3F0001B978A855C968C935C978B855D968C9356
:10C400005D978C855E968C935E978D855F968C93F9
:10C410005F978E855A968C935A978F855B968C93EF
:10C420005B97888954968C935497898955968C93F9
:10C43000F7D7F801668B778B808F918F8C818F7DFA
:10C440008C838881998121E0DC0114962C930E94D1
:10C45000FA56DF91CF911F910F910895CF93DF93FB
:10C46000EC01A1DF811102C019821882DF91CF9106
:10C4700008952F923F924F925F926F927F928F9288
:10C480009F92AF92BF92CF92DF92EF92FF921F9353
:10C49000CF93DF93CDB7DEB72A970FB6F894DEBF00
:10C4A0000FBECDBF89879A876A017B01A985BA85AE
:10C4B00012966D917C9113978D919C910E94E456F8
:10C4C000182F811119C1E985FA85248127FD03C13F
:10C4D00082859385A485B5858C159D05AE05BF0520
:10C4E00020F421FD02C06C017D01E985FA85868179
:10C4F0009781A085B1851682178210861186C11496
:10C50000D104E104F10499F5C12CD12C7601E9851F
:10C51000FA8586819781A085B185AC01BD015170F6
:10C5200066277727452B462B472B69F04689578985
:10C53000608D718D4C155D056E057F0521F0C68AF5
:10C54000D78AE08EF18EE985FA8542855385648528
:10C550007585481759076A077B0708F0CDC08287A1
:10C560009387A487B587848180628483C5C0E98569
:10C57000FA8520803180F1018280912CB12CA12C90
:10C5800029E0880C991CAA1CBB1C2A95D1F700979E
:10C59000A105B10509F47EC09C01AD01215031090E
:10C5A0004109510929833A834B835C83D701C60132
:10C5B0000197A109B1098D839E83AF83B887BC0120
:10C5C000CD01A501940173D729013A0169817A81CE
:10C5D0008B819C81A50194016AD74216530664069B
:10C5E000750608F457C088279927DC01881999092E
:10C5F000AA09BB0929813A814B815C81822393235B
:10C60000A423B523E985FA8586839783A087B1871C
:10C61000C81AD90AEA0AFB0A4289538964897589CA
:10C62000411551056105710509F46ECF8C149D0407
:10C63000AE04BF0408F488C0E985FA858681978135
:10C64000A085B1858C0D9D1DAE1DBF1D8683978372
:10C65000A087B187D701C6019170AA27BB27892B74
:10C660008A2B8B2B09F450CF808191810E946157D6
:10C67000462F572FBC01411551056105710509F081
:10C68000B1C0A985BA8514968C91149780681496C8
:10C690008C9321C0A985BA851E964D915D916D91AF
:10C6A0007C915197411551056105710509F043C011
:10C6B00040E050E0BA01C1010E94395A462F572F7D
:10C6C000BC01413051056105710539F4E985FA85F0
:10C6D00084818068848312E00FC04F3FFFEF5F07C3
:10C6E0006F077F0711F5A985BA8514968C91149769
:10C6F000806814968C9311E0812F2A960FB6F894D7
:10C70000DEBF0FBECDBFDF91CF911F91FF90EF90A5
:10C71000DF90CF90BF90AF909F908F907F906F9061
:10C720005F904F903F902F900895E985FA85468756
:10C730005787608B718BA985BA8552964D935D930F
:10C740006D937C9355976CCFE985FA8580819181B3
:10C75000248121FF0DC00E94395A462F572FBC015A
:10C76000411551056105710541F47501640164CFFE
:10C770000E949F57462F572FBC014F3FFFEF5F0787
:10C780006F077F0709F4AFCF42305105610571058E
:10C7900008F49CCFA985BA85ED91FC91868997898B
:10C7A000A08DB18D481759076A077B0708F08ECF17
:10C7B000A985BA8552964D935D936D937C93559759
:10C7C000FD0186819781A085B185880D991DAA1DDF
:10C7D000BB1D86839783A087B187C818D908EA084C
:10C7E000FB0824CF89E0F694E794D794C7948A9500
:10C7F000D1F7C40ED51EE61EF71E89CECF92DF926A
:10C80000EF92FF92CF93DF93CDB7DEB7EA970FB6E3
:10C81000F894DEBF0FBECDBF9AAF89AF41E0BE0135
:10C82000695E7F4FCE01C9960E94905481112AC043
:10C83000CE018D969CA78BA769AD7AAD46970E94D5
:10C84000E35B81111FC0E9A5FAA586E03097D1F01E
:10C85000238520FD5BC0C488D588F12CE12C7601AE
:10C86000DD24CC24828D938DB0E0A0E0C82AD92AA3
:10C87000EA2AFB2A24FD13C0CE0147960E943759AD
:10C88000882381F1EA960FB6F894DEBF0FBECDBFC4
:10C89000DF91CF91FF90EF90DF90CF90089582E0ED
:10C8A000C816D104E104F10478F146E150E0BE017C
:10C8B000695E7F4FCE0101960E94C853CF82D88611
:10C8C000E986FA8662E070E0CE0101960E94745813
:10C8D0008111D8CFCE010196BAD88823B9F084301F
:10C8E00089F6CACFC114D104E104F10429F48F8977
:10C8F000988D0E94FA56C6CFB701A6018F89988DF0
:10C90000D9D88111BFCFF3CF82E0BCCF87E0BACFB7
:10C91000AEE2B0E0EDE8F4E633C69CA38BA380D58D
:10C920001B014C0141E0BE016F5F7F4FCE0183963A
:10C930000E949054082F8111F9C0CE0147969E8B1A
:10C940008D8B6BA17CA146970E94E35B082F882307
:10C9500009F4F0C0843009F0E9C040E050E0BA01C9
:10C9600089819A810E94395A6B017C01C114D104DA
:10C97000E104F10409F4D3C089819A8102E021E045
:10C98000C216D104E104F10409F4CAC001E0BFEF0A
:10C99000CB16DB06EB06FB0609F4C2C040E050E014
:10C9A000BA010E94E053082F8111BAC009811A818F
:10C9B000B701A601C8010E9461572B013C01580133
:10C9C0008EE2A80EB11C40E052E070E060E0C501CC
:10C9D0000E94D5534BE050E060E270E0C5010E9438
:10C9E000D553EEE2D8019E96EC939E9780E1D996BE
:10C9F0008C93F801EC5BFF4F20823182828293821C
:10CA00003496D182C082C701AA27BB278DA39EA3DB
:10CA1000AFA3B8A736978083ADA1BEA1AB2FBB272C
:10CA2000BAA7A9A73196A08340E250E0B501C8019A
:10CA3000825B9F4F0E94C853F801E15BFF4FBEE24B
:10CA4000B0834F81588569857A85E981FA81808133
:10CA5000833061F482A193A1A4A1B5A184179507A5
:10CA6000A607B70719F440E050E0BA01D801A85969
:10CA7000BF4F11965C934E93AB01662777271697AD
:10CA80004C9311965C93128111111FC0CE01019637
:10CA90000E94DE5C082F811143C0EB89FC8980E194
:10CAA0008387268A378A808E918ED38EC28EBDA1CF
:10CAB000B48B29A5258B89819A8121E0DC0114960C
:10CAC0002C930E94FA56082F31C0D301C20101965F
:10CAD000A11DB11D8BA79CA7ADA7BEA789819A8177
:10CAE000DC019A964D925D926D927C929D9721E029
:10CAF00014962C9340E050E0BA010E94E053082FB6
:10CB000081110EC040E052E070E060E0C5010E947B
:10CB1000D55311504BA45CA46DA47EA4B5CF07E0FF
:10CB2000B701A60189819A810E945A5D802FAE9635
:10CB3000E2E142C508E0FACFAFE4B0E0E1EAF5E6B1
:10CB40002BC560969FAF8EAF60978B0141E0BE0111
:10CB5000695E7F4FCE01825B9F4F0E94905481118E
:10CB6000BDC08F89988D9A838983CE018E5B9F4F3C
:10CB70009CA78BA760966EAD7FAD60978B970E9448
:10CB8000E35B8111ABC069A57AA584E061157105ED
:10CB900009F4A4C0655F7F4F45E150E0CE018D965A
:10CBA0000E94C85346E150E0BE01695E7F4FCE014E
:10CBB00001960E94C853B801CE0101960E94E35B22
:10CBC000882309F48FC0843009F088C0CE01019613
:10CBD0000E94DE5C811182C0EB88FC8843E150E05A
:10CBE000BE01615D7F4FC7010D960E94C8538DA5A0
:10CBF0008062F7018387EF89F88D81E084834D8D12
:10CC00005E8D6F8D78A18F819885A985BA8548172B
:10CC100059076A077B0709F457C0F701838584FF2A
:10CC200053C009811A814489558970E060E0BA01D6
:10CC300055274427828D938DB0E0A0E0482B592BD7
:10CC40006A2B7B2BC8010E946157462F572FBC01CE
:10CC500082E0411551056105710509F43FC0C80125
:10CC60000E94E05381113AC009811A81D801A15B69
:10CC7000BF4F8C918E3241F58F819885A985BA85F9
:10CC8000F8012081233061F442A153A164A175A170
:10CC9000481759076A077B0719F480E090E0DC0128
:10CCA000980128593F4FF90191838083CD01AA272C
:10CCB000BB2726503109F90180832F5F3F4FF901CF
:10CCC000908381E0F8018483CE0147960E94375912
:10CCD000811104C08F89988D0E94FA56C15BDF4F85
:10CCE000E6E076C488E0FACF8FEF8EBD0DB407FE84
:10CCF000FDCF8EB5089582E38093D40FF5DFF4DF86
:10CD00008F3F39F08091D40F8111F9CF90E080E00E
:10CD1000089581E090E008952C9AE6CF0895CF938E
:10CD2000DF932C98E8DFEC01892B29F4F5DFCE01A5
:10CD3000DF91CF910895C1E0D0E0F9CFCF92DF929B
:10CD4000EF92FF92CF93C82F6A017B0187FF09C042
:10CD500040E050E0BA0187E3F1DF823008F03CC0E8
:10CD6000CF77DADFDCDF892B09F43CC0BDDF8C2F05
:10CD700080648EBD0DB407FEFDCF8F2D9927AA27A5
:10CD8000BB278EBD0DB407FEFDCFC701AA27BB2769
:10CD90008EBD0DB407FEFDCFBB27AF2D9E2D8D2D73
:10CDA0008EBD0DB407FEFDCFCEBC0DB407FEFDCF8A
:10CDB00085E9CC2321F087E8C83009F081E08EBDF9
:10CDC0000DB407FEFDCFCC3009F48EDFCAE08CDF56
:10CDD00087FF02C0C150D9F7CF91FF90EF90DF904D
:10CDE000CF9008958FEFF8CF0F931F93CF93DF93DA
:10CDF0008C01EB0184E18093D50F76DF8F3F39F40E
:10CE00008091D50F8111F9CF90E080E027C08E3F4F
:10CE1000D9F7F8018FEF8EBD0DB407FEFDCF8EB5AB
:10CE200080838FEF8EBD0DB407FEFDCF8EB581835D
:10CE30008FEF8EBD0DB407FEFDCF8EB582838FEFD1
:10CE40008EBD0DB407FEFDCF8EB583832497349637
:10CE5000209701F749DF48DF81E090E0DF91CF9133
:10CE60001F910F9108951F93CF93DF93182FD92F00
:10CE7000C62F41DF9C01892B69F1CEBD0DB407FEA1
:10CE8000FDCF21E030E0CD3F29F1E12FFD2FCF0193
:10CE90009E5F20812EBD0DB407FEFDCF21812EBDEA
:10CEA0000DB407FEFDCF3296E817F90791F78FEF23
:10CEB0008EBD0DB407FEFDCF8FEF8EBD0DB407FE06
:10CEC000FDCF12DF8F7141E090E0853009F040E046
:10CED000242F392FC901DF91CF911F910895A4E02C
:10CEE000B0E0E4E7F7E656C3811198C080912001D5
:10CEF00081FF05C0809120012496E8E067C382E0AD
:10CF00008093D50F8091D50F8111FCCF82E58CBD28
:10CF10001AE0EADE1150E9F740E050E0BA0180E0A3
:10CF20000DDF082F813009F067C084E68093D50FAC
:10CF30004AEA51E060E070E088E000DF813009F00B
:10CF40003BC08E010F5F1F4F6E0185E0C80ED11CE4
:10CF50007801CADEF70181937F01EC15FD05C9F761
:10CF60008B81813009F048C08C818A3A09F044C035
:10CF70008091D50F882341F040E050E060E070E4FC
:10CF800089EADCDE8111F4CF8091D50F8823A1F1ED
:10CF900040E050E0BA018AE3D1DE81112DC0A4DE69
:10CFA000F80181938F01EC15FD05C9F7898114E023
:10CFB00086FF23C01CE021C040E050E0BA0189EAAE
:10CFC000BDDE11E0823010F412E009EA8091D50F45
:10CFD000882339F040E050E0BA01802FAFDE8111A4
:10CFE000F5CF8091D50F882339F040E052E060E022
:10CFF00070E080E1A3DE811110E01093D30F8CDE8E
:10D0000080912001112331F08E7F8093200180E5F3
:10D010008CBD70CF8160809320016CCF81E06CCF9C
:10D02000811103C080912001089581E008950F933C
:10D03000CF93DF93EB01E42F952FA9016E2F792F6A
:10D0400081113BC0002309F438C08091200180FD8C
:10D0500036C08091D30F83FD07C089E0440F551F70
:10D06000661F771F8A95D1F70130A1F481E166DE52
:10D07000811107C060E072E0CE01B6DE892B09F0B5
:10D0800000E04ADE81E0011101C080E0DF91CF9134
:10D090000F91089582E152DE8111F3CF60E072E0DA
:10D0A000CE01A2DE892B19F0DE5F0150B9F740E016
:10D0B00050E0BA018CE042DEE4CF84E0E7CF83E0C9
:10D0C000E5CFCF92DF92EF92FF920F93CF93DF9352
:10D0D000EB0169017A0181114FC0002309F44CC0B2
:10D0E0008091200180FD4AC08091200182FD48C0CE
:10D0F0008091D30F83FD07C099E0CC0CDD1CEE1CA2
:10D10000FF1C9A95D1F70130C9F4B701A60188E157
:10D1100015DE81112FC06EEFCE01A5DE892B09F03F
:10D1200000E0FADD81E0011101C080E0DF91CF91E4
:10D130000F91FF90EF90DF90CF900895867031F0BF
:10D14000402F50E070E060E087E9F8DDB701A6010C
:10D1500089E1F4DD8111E5CF6CEFCE0184DE892B0E
:10D1600019F0DE5F0150C1F76DEF90E080E07BDEEB
:10D17000892BB9F601E0D5CF84E0D8CF83E0D6CFB4
:10D1800082E0D4CFA0E1B0E0E7ECF8E601C2062FE0
:10D190007A0114E0811113C080912001182F1170C1
:10D1A00080FD28C16F3008F023C1E62FF0E0E8537E
:10D1B000F449BBC1B4DD892B31F411E0ADDD812F21
:10D1C0006096EAE001C2A8DD102FF8CF40E050E001
:10D1D000BA0189E0B3DD182F8111EFCF60E170E073
:10D1E000CE01019601DE892B41F3998192959695A6
:10D1F0009695937089853A859130C1F490E0982F87
:10D200008827232F30E02F5F3F4F820F931FB0E01E
:10D21000A0E0EAE0880F991FAA1FBB1FEA95D1F78B
:10D22000F70180839183A283B383C8CF82958695CB
:10D23000869583704885F4E04F9FA0011124840FE8
:10D24000952F911D01964F8150E0542F4427550F83
:10D25000550F44275C70840F951FB0E0A0E02E812D
:10D260002F704B85441F4427441F240F2E5F330F1C
:10D270003670230F2950330B04C0880F991FAA1F43
:10D28000BB1F2A95D2F7CCCF80E092E0FA019183C0
:10D29000808394CF0091D30F40E050E0BA0102FFA9
:10D2A00019C08DE84BDD811188CF1EDD60E170E093
:10D2B000CE01019699DD892B09F47FCF10E314DDAF
:10D2C0001150E9F72B8522952F7080E190E0A0E0C6
:10D2D000B0E0D2CF89E032DD182F81116ECF60E14E
:10D2E00070E0CE01019680DD892B09F466CF8B8535
:10D2F00090E02C8501FF1BC0880F991F8E7799271E
:10D30000221F2227221F30E02F5F3F4F820F931FE3
:10D310002E8522952695269523702150330B02C029
:10D32000880F991F2A95E2F7B0E0A0E079CFF8E0E6
:10D330002F9FA0011124487155272295269527700B
:10D34000240F352F311D2F5F3F4F9595879595956C
:10D3500087958F7199270196289FA001299F500DCD
:10D36000389F500D112470E060E0F7014083518335
:10D370006283738323CF8091D30FFA0180831ECF02
:10D3800040E050E0BA0189E0D9DC60E170E0811151
:10D3900014CFC70129DD11E0892B09F40FCF10E06C
:10D3A0000DCF40E050E0BA018AE0EECF40E050E01F
:10D3B000BA018AE3C3DC182F8111FFCE6701F4E0C4
:10D3C000CF0ED11C57013FEFE31AF30A8DDCF501B4
:10D3D0008083CE14DF04B1F7F1CE40E050E0BA0113
:10D3E0008DE8ACDC8111E9CE7FDC60E470E0D1CF68
:10D3F00014E0E4CE13E0E3CE8091D50F882319F03A
:10D4000081508093D50F8091D40F882319F08150DB
:10D410008093D40F80912001897F8093200108950B
:10D4200060EC78E08FE89EE30895DB018F939F9393
:10D430009DD0BF91AF91A29F800D911DA39F900D94
:10D44000B29F900D11240895991B79E004C0991F93
:10D45000961708F0961B881F7A95C9F7809508954E
:10D46000AA1BBB1B51E107C0AA1FBB1FA617B7070A
:10D4700010F0A61BB70B881F991F5A95A9F7809526
:10D480009095BC01CD01089597FB072E16F40094EA
:10D4900006D077FD08D0E4DF07FC05D03EF4909578
:10D4A00081959F4F0895709561957F4F0895A1E2F2
:10D4B0001A2EAA1BBB1BFD010DC0AA1FBB1FEE1F0E
:10D4C000FF1FA217B307E407F50720F0A21BB30B59
:10D4D000E40BF50B661F771F881F991F1A9469F7D5
:10D4E00060957095809590959B01AC01BD01CF0131
:10D4F0000895052E97FB16F400940FD057FD05D024
:10D50000D6DF07FC02D046F408C050954095309510
:10D5100021953F4F4F4F5F4F08959095809570959F
:10D5200061957F4F8F4F9F4F0895EE0FFF1F05901E
:10D53000F491E02D099405D0332312F48A1B9B0B40
:10D5400010C0A29FB001B39FC001A39F700D811DA9
:10D550001124911DB29F700D811D1124911D0895FC
:10D56000F0DFB7FF0895821B930B0895EADFA59FB4
:10D57000900DB49F900DA49F800D911D11240895CE
:10D580002F923F924F925F926F927F928F929F92D3
:10D59000AF92BF92CF92DF92EF92FF920F931F93C1
:10D5A000CF93DF93CDB7DEB7CA1BDB0B0FB6F89472
:10D5B000DEBF0FBECDBF09942A88398848885F84B2
:10D5C0006E847D848C849B84AA84B984C884DF8023
:10D5D000EE80FD800C811B81AA81B981CE0FD11D07
:10D5E0000FB6F894DEBF0FBECDBFED010895FB016D
:10D5F000DC0104C08D910590801921F44150504008
:10D60000C8F7881B990B0895FB01DC0102C0059047
:10D610000D9241505040D8F70895FB01DC010D9068
:10D620000020E9F7119705900D920020E1F7089589
:10D63000FB01DC0105900D920020E1F70895FB014C
:10D64000DC014150504048F005900D920020C9F790
:10D6500001C01D9241505040E0F70895FC01415037
:10D66000504030F001900616D1F73197CF01089560
:10D67000882799270895FB01DC0102C001900D92D3
:10D6800041505040D8F70895DC0101C06D934150DE
:10D690005040E0F70895FB01DC0101900D9200205D
:10D6A000E1F70895FC0101900020E9F7809590953D
:10D6B0008E0F9F1F0895DC01CB01FC01F999FECF6D
:10D6C00006C0F2BDE1BDF89A319600B40D9241500A
:10D6D0005040B8F70895F999FECF92BD81BDF89AF0
:10D6E000992780B50895DC01CB0102C02D9105D0AA
:10D6F00041505040D8F70895262FF999FECF1FBA10
:10D7000092BD81BD20BD0FB6F894FA9AF99A0FBE6A
:10D710000196089517E1CEE0D7E103C0FE0105DFD1
:10D720002196CF30D107D1F7F894FFCF411C5B1C75
:10D73000DA1B751C8F1CA21CDA1BDA1B0222E721E4
:10D7400015221B22E721E721E721E721E7212822F3
:10D750002122E721E721E721E7212C22E721FD21F2
:10D760007A45AC45C645CD45E9459B45EE45FF4567
:10D7700045475047594762476E477E4784478D4724
:10D78000CC51D351EE51055201520A520F52D15190
:10D79000DA68E66844694A69F869F869F869F86915
:0ED7A000F869F869BB69C069D169D669ED699D
:10D7AE00402100FFFFFFFF01000100FF000000000D
:10D7BE00000000000000FF02000000000000013C1D
:10D7CE0001030267010000AF0F23187048C43854DC
:10D7DE00222A2B2C3A3B3C3D3E3F5B5D7C7F00007A
:00000001FF
