:100000000C94EE160C9415170C9415170C941517E8
:100010000C9415170C9415170C9415170C941517B0
:100020000C9415170C9415170C9415170C94A81A0A
:100030000C9415170C9415170C9415170C947C1927
:100040000C9415170C9415170C9415170C94151780
:100050000C9415170C9415170C9415170C94151770
:100060000C9415170C9415170C9415170C94151760
:100070000C9415170C9415170C94151701007F1587
:1000800002007F2A03007F0004007F0005007F003C
:1000900006007F007800000400010000100001014C
:1000A00000011000001600002A00011600012A00BD
:1000B00000000000000005002A0100FF1000000001
:1000C000005801000100007F0100FF110100010044
:1000D0005801000203DC240100FF0E020002005858
:1000E00001000303C0400100FF0F0300030058019B
:1000F000000405002A0100FF120000000059010061
:100100000500007F0100FF130100010059010006F6
:1001100003DC240100FF1402000200590100070360
:10012000C0400100FF150300030059010008010051
:100130003F0100FF16C30004005A01000906000534
:100140000100FF17C40006005A01000A01003F0128
:1001500000FF18460008005A01000B07000A0100C2
:10016000FF19000000005A01000C01003F0100FFD0
:100170001A050005005A01000D01003F0100FF1B98
:10018000610061005A01000E01003F0100FF0CC731
:1001900000C7005A01000F01001F0100FF0DC80039
:1001A000FC005A01001000007F0100FF4AFD00FD25
:1001B000005C01001101003F0100FF470900090038
:1001C0005C0100120800020100FF1C0A000A005C2A
:1001D00001001300007F0100FF1DFD00FD005D0117
:1001E000001401003F0100FF1E090009005D01002D
:1001F000150800020100FF1F0A000A005D01001639
:1002000001003F0100FF030B000B005C0100170120
:10021000003F0100FF090C000C005C01040002001B
:10022000020100FFFF150015000000001800007F0C
:1002300003080049CB000F005E01001900007F0396
:1002400008004B100010005E01001A00007F030838
:100250000046110011005E01001B00007F03080032
:1002600048120012005E01001F0900020308002C62
:10027000130013005B01001D0A008E0308002D14FB
:100280000014005B01001C0B00130308002E00008B
:1002900000005B01003100007F0100FF2F140014FB
:1002A00000160000300B00030100FF3000000000CA
:1002B0001600040102000D0100FFFF1C001B0000DE
:1002C0000000320C00180E0301FF470017001B004E
:1002D00000330D00140E0301FF180018001B00006E
:1002E0003403C13F0E0301FF460008001B00040257
:1002F0000200030100FFFF1F001E000000005C0C55
:10030000001E040302FF190019001E00005D0C000E
:100310001E040302FF1A001A001E00005E0E000AEF
:10032000040302FF070007001E00017000007F01A8
:1003300000FF07200020002A00017103FE020100D7
:10034000FFFF4B0021002A00017203817F0100FFA3
:100350005E030003002A0001730100280100FF5F13
:10036000490022002A0001740F001F0100FFFF2630
:100370000026002A0001750400010100FF4423004B
:1003800023002A00017601003F0100FF052400241C
:10039000002A0001771000040100FF664A002500D2
:1003A0002A0001781100050100FF67270027000ED1
:1003B0000101790301040100FF68020002000E013F
:1003C000017A02001D0100FF69280028000E0101CA
:1003D0007B15000E0100FF6A300030000E01017C29
:1003E0000101200100FFFF340031003A01017D01CD
:1003F00001200100FFFF350032003A01017E0101BA
:10040000200100FFFF360033003A01017F12000592
:100410000100FF6B0A000A002A0004030200050124
:1004200000FFFF2A002A0000000200190010060445
:1004300003FF290029002A00020113007F0604039C
:10044000FF2E002E002A00020213007F060403FF85
:100450002F002F002A0002181427F00100FFFF2BA5
:10046000002B00610102191600050100FFFF370093
:1004700037006101021A00007F0100FFFF460008FB
:10048000006101021B0100080100FFFF2C002D008C
:100490006101030017000F0100FFFF3F003F00381C
:1004A0000003011800040100FFFF40004000380075
:1004B00003020400010100FFFF3A003A0063010358
:1004C000030400010100FFFF390039006301030448
:1004D0000400010100FFFF3B003B00630103050432
:1004E00000010100FFFF3C003D0063010306040022
:1004F000010100FFFF3E003E006301006803C13FB1
:100500000100FF6C0D000D005C01006903C13F019B
:1005100000FF6D0E000E005C0103071A00020100CF
:10052000FFFF42004200630103080400010100FFD5
:10053000FF41014300630103091B00C80100FFFFE5
:100540008F0190016301030A0400010100FFFF9184
:100550000192016301000102030405060708090A6C
:100560000B0C0D0E0F1011121314151617191A1B60
:100570001C1F1EFF1D191A1B1C1F1EFF1D191A1BF5
:100580001C1F1EFF1D212023242523242523242571
:10059000232425232425232425232425232425231C
:1005A000242523242523242523242523242523240B
:1005B00025272829272829272829272829494AFFA4
:1005C000FFFFFFFFFF2A2B2C2D2E2F30313233342B
:1005D0003536373839000000000000000000000008
:1005E000000000000000000000000000000000000B
:1005F00000000000000000000000000000000000FB
:1006000000000000000000000000000000000000EA
:100610000000000000FFFFFFFFFFFFFFFFFFFFFFE5
:10062000FFFFFFFFFFFFFFFFFFFF1011160106078F
:100630001E30FFFFFF1CFFFFFFFFFFFFFF1C200816
:100640000C0D191A1B1CFFFFFFFFFF1A1B1CFFFFDD
:1006500031FFFF1A1BFFFFFF16FF30FF2AFF17FFB6
:10066000FF0E0F020300010405060708090A0B0C20
:100670000D12131415FFFFFFFFFFFFFFFFFFFFFF2A
:10068000FF1D1E1F2021FFFFFF1D1E1FFFFFFFFF7D
:10069000FF1D1E1FFFFFFFFFFF2FFF1B111C191067
:1006A0001AFFFF1BFF1C19FF1AFFFF1BFF1C19FF7E
:1006B0001AFFFF2C2DFFFFFFFFFFFF3132333435D0
:1006C00039494AFFFF2D3031323334353637383926
:1006D0000020434323204444232045204646232032
:1006E0004747232041412320420000000000000032
:1006F00000004C004E008D00930006010A012A0103
:1007000079009E00BD0012016E010D0123011D0143
:10071000000000002A0152014201390100003E019F
:10072000000078000000000000000001000A101026
:100730001001FFFF8080CCCC20200020406080A0F2
:10074000C0FF0010204080FF8040202020200000BB
:100750008040BC643C64B0643064BC643C64B0649D
:100760003064BC643C64B064B0E4BC643C64B064B9
:10077000306400000000010000000220F40C2000A2
:100780001F000000000060000000000018000028AA
:10079000143C0027000000280028002F000000283B
:1007A0006428003F00000048000000000100030230
:1007B00000030300040000040100050600060C000D
:1007C0000B0C000C060002123F0E12101004200643
:1007D0000410030400040500050B000B0C000000CE
:1007E000000000000000AB028E03000455051C074A
:1007F0000008AB0A001055150020AB2A00405555E3
:100800000080FFFF60484030242018100C080604C8
:10081000030201808386898C8F9295989B9EA1A468
:10082000A7AAADB0B3B6B8BBBEC1C3C6C8CBCDD006
:10083000D2D4D7D9DBDDDFE1E3E5E7E9EAECEEEF9F
:10084000F0F2F3F4F6F7F8F9F9FAFBFCFCFDFDFD24
:10085000FEFEFEFEFEFEFEFDFDFDFCFCFBFAF9F9D0
:10086000F8F7F6F4F3F2F0EFEEECEAE9E7E5E3E1AE
:10087000DFDDDBD9D7D4D2D0CDCBC8C6C3C1BEBB98
:10088000B8B6B3B0ADAAA7A4A19E9B9895928F8C41
:10089000898683807C797673706D6A6764615E5B3C
:1008A0005855524F4C494744413E3C393734322F1A
:1008B0002D2B28262422201E1C1A18161513111061
:1008C0000F0D0C0B090807060605040303020202BC
:1008D00001010101010101020202030304050606F0
:1008E0000708090B0C0D0F1011131516181A1C1EF2
:1008F00020222426282B2D2F323437393C3E4144E8
:1009000047494C4F5255585B5E6164676A6D70731E
:1009100076797C8080858A8F94999DA2A7ACB1B5A9
:10092000BABEC2C7CBCFD2D6DADDE0E3E6E9ECEE61
:10093000F1F3F5F6F8F9FBFCFCFDFEFEFEFEFEFD14
:10094000FDFCFBFAF9F8F6F4F3F1EFEDEAE8E6E383
:10095000E0DEDBD8D5D2CFCCC9C6C3C0BDB9B6B3F3
:10096000B0ADAAA7A4A19F9C999794928F8D8B89D3
:1009700087858382807F7D7C7B7A797878777776AC
:10098000767676767676767777787879797A7B7BED
:100990007C7D7E7F80808182838484858686878734
:1009A00088888989898989898989888887878685C6
:1009B000848382807F7D7C7A78767472706D6B68B8
:1009C0006663605E5B5855524F4C4946423F3C3926
:1009D0003633302D2A2724211F1C19171512100E0B
:1009E0000C0B0907060504030202010101010102C3
:1009F0000303040607090A0C0E111316191C1F2203
:100A000025292D3034383D41454A4E53585D6266A4
:100A10006B70757A8080878F969EA5ACB4BAC1C77B
:100A2000CDD3D9DEE3E7EBEFF2F5F8FAFBFDFEFEFE
:100A3000FEFEFDFCFAF9F7F4F2EFECE8E5E1DDD9B2
:100A4000D5D1CDC9C6C2BEBAB7B3B0ADAAA8A5A309
:100A5000A2A09F9E9E9E9E9E9FA0A2A3A5A8AAAD77
:100A6000B0B3B7BABEC2C6C9CDD1D5D9DDE1E5E8CC
:100A7000ECEFF2F4F7F9FAFCFDFEFEFEFEFDFBFAE8
:100A8000F8F5F2EFEBE7E3DED9D3CDC7C1BAB4ACEA
:100A9000A59E968F8780787069615A534B453E3882
:100AA000322C26211C1814100D0A0705040201011E
:100AB000010102030506080B0D1013171A1E22264A
:100AC0002A2E3236393D4145484C4F5255575A5CD3
:100AD0005D5F606161616161605F5D5C5A57555245
:100AE0004F4C4845413D3936322E2A26221E1A17D0
:100AF00013100D0B08060503020101010102040594
:100B0000070A0D1014181C21262C32383E454B5371
:100B10005A6169707880808890989FA7ADB4B9BEFB
:100B2000C3C6C9CBCCCCCCCBC9C7C4C0BCB8B3AE90
:100B3000A9A4A09B97938F8C8A88878787888A8DA2
:100B40009094999EA4AAB0B7BEC5CCD3D9E0E5EBEA
:100B5000F0F4F7FAFCFEFEFEFCFAF7F4F0EBE5E049
:100B6000D9D3CCC5BEB7B0AAA49E9994908D8A88DB
:100B7000878787888A8C8F93979BA0A4A9AEB3B8E8
:100B8000BCC0C4C7C9CBCCCCCCCBC9C6C3BEB9B41E
:100B9000ADA79F98908880776F676058524B464109
:100BA0003C3936343333333436383B3F43474C518A
:100BB000565B5F64686C7073757778787877757258
:100BC0006F6B66615B554F48413A332C261F1A14F0
:100BD0000F0B0805030101010305080B0F141A1F71
:100BE000262C333A41484F555B61666B6F727577BF
:100BF000787878777573706C68645F5B56514C4792
:100C0000433F3B3836343333333436393C41464B3B
:100C1000525860676F7780010101010102030305EB
:100C200006080A0D1013171B20252B31383E464DA0
:100C3000555D666E778089919AA3ACB4BCC4CCD361
:100C4000DAE0E6EBEFF3F7FAFCFDFEFEFDFCFAF866
:100C5000F4F1ECE7E2DCD5CEC7BFB8B0A79F968E23
:100C6000857D746C645C544C453E37312B25201BCC
:100C700017130F0C09060402010101010101010112
:100C80000101010101010101010101010101010154
:100C90000101010101010101010101010101010243
:100CA00002020203030304040505060606070707FC
:100CB000070606050403020101010101010101010A
:100CC0000101010101010101010101010101010114
:100CD0000101010101010101010101010101010104
:100CE00001010101010101010101010101010101F4
:100CF00001010101010101010101010101010101E4
:100D000001010101010101010101010101010101D3
:100D100001010101010101010101010102030507B6
:100D2000090D11161B2229313A434D58636E7A86FC
:100D3000919DA9B4BFC9D3DCE4EBF1F6F9FCFEFE4A
:100D4000FDFBF8F4EFEAE3DCD4CCC3BBB2A9A19974
:100D5000928B847F7A777473727374777A7F848BC3
:100D60009299A1A9B2BBC3CCD4DCE3EAEFF4F8FBBF
:100D7000FDFEFEFCF9F6F1EBE4DCD3C9BFB4A99D9E
:100D800091867A6E63584D433A3129221B16110D14
:100D9000090705030201010101010101010101012E
:100DA0000101010101010101010101010101010133
:100DB0000101010101010101010101010101010123
:100DC0000101010101010101010101010101010113
:100DD0000101010101010101010101010101010103
:100DE00001010101010101010101010101010101F3
:100DF00001010101010101010101010101010101E3
:100E000001010101010101010101010101010101D2
:100E1000010101010101010101403D3A3734312E48
:100E20002B2825221F1C191613100D0A0704010276
:100E300005080B0E1114171A1D202326292C2F32FA
:100E400035383B3E4144474A4D505356595C5F62EA
:100E500065686B6E7174777A7D808285888B8E91E0
:100E600094979A9DA0A3A6A9ACAFB2B5B8BBBEC1DA
:100E7000C4C7CACDD0D3D6D9DCDFE2E5E8EBEEF1CA
:100E8000F4F7FAFDFEFBF8F5F2EFECE9E6E3E0DD5E
:100E9000DAD7D4D1CECBC8C5C2BFC2C5C8CBCED19C
:100EA000D4D7DADDE0E3E6E9ECEFF2F5F8FBFEFD9E
:100EB000FAF7F4F1EEEBE8E5E2DFDCD9D6D3D0CDFA
:100EC000CAC7C4C1BEBBB8B5B2AFACA9A6A3A09DEA
:100ED0009A9794918E8B888582807D7A7774716ED3
:100EE0006B6865625F5C595653504D4A4744413EBA
:100EF0003B3835322F2C292623201D1A1714110EAA
:100F00000B0805020104070A0D101316191C1F22F5
:100F100025282B2E3134373A3D40807C7874706C14
:100F20006864605C5854504C4844403C3834302C21
:100F30002925211D1915110D09050105090D111589
:100F4000191D2125292C3034383C4044484C50543C
:100F5000585C6064686C7074787C8083878B8F9336
:100F6000979B9FA3A7ABAFB3B7BBBFC3C7CBCFD331
:100F7000D6DADEE2E6EAEEF2F6FAFEFAF6F2EEEAA9
:100F8000E6E2DEDAD6D3CFCBC7C3BFBBB7B3AFABD6
:100F9000A7A39F9B97938F8B87838083878B8F9348
:100FA000979B9FA3A7ABAFB3B7BBBFC3C7CBCFD3F1
:100FB000D6DADEE2E6EAEEF2F6FAFEFAF6F2EEEA69
:100FC000E6E2DEDAD6D3CFCBC7C3BFBBB7B3AFAB96
:100FD000A7A39F9B97938F8B8783807C7874706C7B
:100FE0006864605C5854504C4844403C3834302C61
:100FF0002925211D1915110D09050105090D1115C9
:10100000191D2125292C3034383C4044484C50547B
:10101000585C6064686C7074787C80010102020323
:1010200003030404050506060607070809090A0A5A
:101030000B0B0C0C0D0E0E0F1010111213131415B8
:1010400016171718191A1B1C1D1E1F2021222324D6
:10105000252628292A2B2D2E2F3132343537383AA0
:101060003B3D3F40424446484A4C4E5052545658ED
:101070005A5D5F626467696C6F7174777A7D808393
:10108000878A8D9194989B9FA3A7ABAFB3B7BCC041
:10109000C5C9CED3D8DDE2E8EDF3F8FEF8F3EDE80C
:1010A000E2DDD8D3CEC9C5C0BCB7B3AFABA7A39F51
:1010B0009B9894918D8A8783807D7A7774716F6C09
:1010C000696764625F5D5A58565452504E4C4A48A4
:1010D000464442403F3D3B3A3837353432312F2E7B
:1010E0002D2B2A2928262524232221201F1E1D1CC2
:1010F0001B1A191817171615141313121110100FA5
:101100000E0E0D0C0C0B0B0A0A0909080707060640
:1011100006050504040303030202010101070C1183
:10112000161B2024292D3034383B3E4144474A4D7C
:101130004F525456585A5C5E606263656668696ACD
:101140006C6D6E6F7071727374757676777878796E
:101150007A7A7B7B7C7D7D7D7E7E7F7F80808081B7
:101160008182828283848485858687878889898A2B
:101170008B8C8D8E8F90919293959697999A9C9D3A
:101180009FA1A3A5A7A9ABADB0B2B5B8BBBEC1C462
:10119000C7CBCFD2D6DBDFE4E9EEF3F8FEF8F3EE0F
:1011A000E9E4DFDBD6D2CFCBC7C4C1BEBBB8B5B292
:1011B000B0ADABA9A7A5A3A19F9D9C9A9997969521
:1011C000939291908F8E8D8C8B8A89898887878660
:1011D000858584848382828281818080807F7F7EF6
:1011E0007E7D7D7D7C7B7B7A7A7978787776767563
:1011F00074737271706F6E6D6C6A69686665636234
:10120000605E5C5A585654524F4D4A4744413E3BEB
:101210003834302D2924201B16110C0701F1E5D993
:10122000CDC2B8AEA49B938A827B746D66605A541B
:101230004F4A45403C3733302C292623201D1B18AC
:10124000161412100E0D0B0A0908070605040403F4
:101250000302020101010101010101010202020375
:1012600003040405050606070809090A0B0C0D0D01
:101270000E0F1011121314151617191A1B1C1D1E10
:101280001F21222324252728292A2C2D2E303132D4
:1012900033353637393A3B3D3E4041424445464876
:1012A000494B4C4D4F505253545657595A5C5D5E02
:1012B000606163646667686A6B6D6E707173747584
:1012C00077787A7B7D7E808182848587888A8B8D02
:1012D0008E909193949597989A9B9D9EA0A1A3A47C
:1012E000A6A7A9AAACADAEB0B1B3B4B6B7B9BABCF3
:1012F000BDBFC0C2C3C5C6C7C9CACCCDCFD0D2D36B
:10130000D5D6D8D9DBDCDEDFE1E2E3E5E6E8E9EBE0
:10131000ECEEEFF1F2F4F5F7F8FAFBFDFEF10B1449
:101320001D262E363E454D535A60666C72777D827F
:10133000868B9094989CA0A3A7AAAEB1B4B7BABC70
:10134000BFC1C4C6C8CACCCED0D2D4D5D7D9DADCB6
:10135000DDDEE0E1E2E3E4E5E6E7E8E9EAEBECEC38
:10136000EDEEEFEFF0F0F1F2F2F3F3F4F4F5F5F562
:10137000F6F6F7F7F7F8F8F8F8F9F9F9F9FAFAFAEA
:10138000FAFBFBFBFBFBFCFCFCFCFCFCFCFDFDFDA1
:10139000FDFDFDFDFDFDFDFEFEFEFEFEFEFEF4EB91
:1013A000E2D9D1C9C1BAB2ACA59F99938D88827D8B
:1013B00079746F6B67635F5C5855514E4B4845437A
:1013C000403E3B39373533312F2D2B2A2826252314
:1013D00022211F1E1D1C1B1A191817161514131372
:1013E000121110100F0F0E0D0D0C0C0B0B0A0A0A28
:1013F0000909080808070707070606060605050580
:1014000005040404040403030303030303020202A8
:1014100002020202020202010101010101010BFEAE
:10142000F8ECDCC7B0977D644D3725160B0401023C
:10143000060D1723313F4E5C6A76818A9196999901
:101440009895918B857E78716B65605D5A58585977
:101450005A5D6064686D72767B7F8285888A8B8C2A
:101460008C8B8B8A88878584838181808080808132
:101470008283848688898B8D8F909293949596979A
:101480009798989898989899999999999A9A9B9BCE
:101490009C9D9E9FA0A1A2A3A4A5A6A7A7A8A9A919
:1014A000AAABABACACADADAEAEAFAFB0B0B1B2B25B
:1014B000B3B4B5B5B6B7B8B8B9BABBBBBCBDBDBEA1
:1014C000BFBFC0C1C1C2C3C3C4C4C5C6C6C7C8C8E4
:1014D000C9CACACBCCCCCDCECECFD0D1D1D2D3D32A
:1014E000D4D5D5D6D7D7D8D9D9DADADBDCDCDDDE6E
:1014F000DEDFE0E1E1E2E3E3E4E5E5E6E7E7E8E9B2
:10150000E9EAEBEBECEDEDEEEFEFF0F1F1F2F3F3F6
:10151000F4F5F5F6F7F7F8F9F9FAFBFBFCFDFDFE3B
:101520004348515D6C7D8FA2B4C5D5E2EDF6FBFE5C
:10153000FEFBF7F0E8DFD5CBC1B8B0A9A39E9B9A1C
:101540009A9B9EA1A6ABB0B5BABFC4C8CBCDCFCF36
:10155000CFCFCDCCC9C7C4C1BEBCB9B7B5B4B3B386
:10156000B3B3B4B5B6B8B9BBBCBEBFC0C1C1C2C2CB
:10157000C2C2C2C1C0C0BFBEBDBCBCBBBBBABABA8E
:10158000BABABABBBBBBBCBCBDBDBDBEBEBEBEBE97
:10159000BEBEBEBEBEBEBDBDBDBDBDBCBCBCBCBC7A
:1015A000BCB7AEA29382705D4B3A2A1D12090401AA
:1015B0000104080F17202A343E474F565C616465CA
:1015C0006564615E59544F4A45403B373432303090
:1015D0003030323336383B3E414346484A4B4C4C20
:1015E0004C4C4B4A494746444341403F3E3E3D3DBB
:1015F0003D3D3D3E3F3F40414243434444454545D8
:1016000045454544444443434242424141414141AE
:1016100041414141414142424242424343434343AB
:101620004301010101010101010101010101010168
:1016300001010101010101555555555555555555A6
:10164000555555555555555555555555555555554A
:10165000555555555555555555555555555555553A
:1016600055AAAAAAAAAAAAAAAAAAAAAAAAAAAAAA2F
:10167000AAAAAAAAAAAAAAAAAAAAAAAAAAAAAAAACA
:10168000AAAAAAAAAAAAAAAAAAAAAAAAFEFEFEFE6A
:10169000FEFEFEFEFEFEFEFEFEFEFEFEFEFEFEFE6A
:1016A000FEFEFEFEFEFEFEFEFEFEFEFEFEFEFEFE5A
:1016B000FEFEFEFEFEFEFEAAAAAAAAAAAAAAAAAA3E
:1016C000AAAAAAAAAAAAAAAAAAAAAAAAAAAAAAAA7A
:1016D000AAAAAAAAAAAAAAAAAAAAAAAAAAAAAAAA6A
:1016E000AAAA555555555555555555555555555500
:1016F000555555555555555555555555555555559A
:1017000055555555555555555555555501010101D9
:1017100001010101010101010101010101010101B9
:1017200001010101010101121212121212121223FF
:1017300023232323232323233434343434343434F1
:1017400044444444444444444455555555555555E2
:1017500055666666666666666666777777777777D4
:1017600077778888888888888888889999999999C6
:1017700099999999AAAAAAAAAAAAAAAABBBBBBBBC9
:10178000BBBBBBBBBBCBCBCBCBCBCBCBCBDCDCDCC6
:10179000DCDCDCDCDCDCEDEDEDEDEDEDEDEDFEFEBD
:1017A000FEFEFEFEFEFEFEEDEDEDEDEDEDEDEDDC03
:1017B000DCDCDCDCDCDCDCDCCBCBCBCBCBCBCBCBF1
:1017C000BBBBBBBBBBBBBBBBBBAAAAAAAAAAAAAAE0
:1017D000AA999999999999999999888888888888CE
:1017E00088888877777777777777776666666666AB
:1017F0006666666655555555555555554444444499
:10180000444444444434343434343434342323237B
:101810002323232323231212121212121212010164
:1018200001010102030302020E1E0C000004040E5B
:101830001F1F000000081502000000010101030342
:1018400000120C00191B0602040408001008040210
:101850000100000400040004000400671C4F1C3752
:101860001C1F1C071CEF1BD71BBF1BA71B8F1B7745
:101870001B5F1B471B2F1B171BFF1A2F1BE71ACFC2
:101880001AB71A9F1A871A6F1A571A3F1A271A0F70
:101890001AF719DF19C719AF199719471B6B194B9D
:1018A000192B190B19EB18CB18AB184600ACFF54C9
:1018B0000090FF54009EFF70009EFF3600BAFF7F2D
:1018C00000ACFF7F0090FF5400ACFF58009BFF6B03
:1018D00000A1FF5800A8FF3200DAFF4100A8FF6511
:1018E00000A1FF650081FF3F00E1FF13002C005DB8
:1018F00000FCFF2000CBFFA6FF81FF750020009AAF
:10190000FFCBFF6900CBFF5D00CBFFC1FFC1FF7FB5
:1019100000000081FF000000005800000000005897
:1019200000CEFFA8FF0000580000007F0081FF7F6D
:101930000081FF7F0081FF7F0081FF7F0081FF7FAB
:101940000081FF7F0081FF7F0081FF7F007F00819A
:10195000FF81FF7F007F0081FF81FF7F007F00818B
:10196000FF81FF7F007F0081FF81FF5555F5F5B5B1
:10197000B5D5D555AB55599595090949924952495F
:101980004919D56B6B5B5B7777B76D57576F6FDF17
:101990007611A9C16F01D10000FF7FFF7FF9FFEF32
:1019A000FFFEFFFF7FFF7FFF7FECFFFBFFFF7F005E
:1019B00000FF7FFF7FF9FFFF7FFEFFF4FFFF7FF651
:1019C000FFFF7FFF7FFF7F0000FF7FFF7FF9FFFFAB
:1019D0007FFEFFFF7F0200FF7FFF7FFBFFFF7F0097
:1019E00000F4FFFF7FF9FFFF7FFF7FFF7F0200FF13
:1019F0007FFF7FFBFFFF7F0000F4FFFF7FFF7FFF84
:101A00007FFEFFFF7F0200FF7FFF7FFBFFFF7F0066
:101A100000FF7F0500FF7F0A00FEFFFF7FFF7FF6CC
:101A2000FFFF7FFBFFFF7F0000FF7F0500FF7FEFD1
:101A3000FFFEFFFF7F0200F6FFFF7FFF7FF1FF0049
:101A400000FF7F0500F9FFFF7FFEFFFF7F0200FF21
:101A50007F0700FBFFFF7F0000FF7F0500FF7FFF88
:101A60007FFF7FF4FF0200FF7FECFFFBFFFF7F00A3
:101A700000FF7FFF7FFF7FEFFFFEFFFF7F0200F68B
:101A8000FFFF7FFBFFFF7F0000FF7F0500F9FFFFE7
:101A90007FFEFFFF7F0200FF7FFF7FFF7FF1FF00E0
:101AA00000F4FFFF7FF9FFFF7FFEFFFF7FFF7FFF57
:101AB0007FECFFFBFFFF7F0000FF7F0500F9FFFFCA
:101AC0007FFEFFFF7F0200FF7FECFFFBFFF1FF00C7
:101AD00000FF7F0500FF7FEFFFFEFFFF7F0200FF9B
:101AE0007F0700FBFF0C000000FF7F0500FF7FEF7A
:101AF000FFFEFFFF7F0200FF7FECFFFBFFFF7F0089
:101B000000FF7F0500F9FFFF7FFEFFFF7F0200F669
:101B1000FFFF7FFBFFFF7F0000FF7F05001400FF3A
:101B20007FFEFFFF7F0200FF7F07001600FF7F00A0
:101B300000FF7FEAFFF9FFFF7FFEFFFF7F0200FF4C
:101B40007FECFFFBFFFF7F0000FF7F0500FF7F0AA8
:101B500000FF7F0F000200FF7F0700FF7F0C0000E7
:101B600000FF7F0500FF7FEFFFFEFFFF7F0200FF0A
:101B70007F0700FF7FF1FF00000F00FF7FFF7FEF77
:101B8000FFFF7FF4FF02001100FF7FFF7FF1FF00E6
:101B900000F4FFFF7FFF7FEFFFFF7FF4FF0200F6FF
:101BA000FFFF7FFF7FF1FF00000F00FF7FFF7FEF50
:101BB000FFFF7FF4FFFF7FFF7FECFFFF7FF1FF0060
:101BC000000F00FF7FFF7FFF7FFEFFFF7F020011FE
:101BD00000FF7FFF7FFF7F0000F4FFFF7FFF7FEFAD
:101BE000FFFEFFFF7F0200F6FFFF7FFF7FF1FF0098
:101BF00000000000000000C0FF0000000000000026
:101C000000C0FF000000000000000000000000C055
:101C1000FF000000000000000000000000000000C5
:101C200000000000000000C0FF00000000000000F5
:101C30000000000000C0FF00000F000500F9FF0ACF
:101C400000FEFFF4FF02001100ECFFFBFF0C0000A0
:101C5000000F0005001400EFFFFEFFF4FF0200116B
:101C600000ECFFFBFFF1FF0400040004000400058A
:101C70000005000500060006000700070007000831
:101C8000000800090009000A000B000B000C000D01
:101C9000000E000E000F00100011001200140015BD
:101CA000001600170019001A001C001E001F00215A
:101CB000002300250028002A002D002F00320035C7
:101CC0000039003C004000430047004C00500055E4
:101CD000005A00600065006C007200790080008886
:101CE0000090009900A200AC00B600C100CC00D961
:101CF00000E600F300020111012201330145015900
:101D0000016E0184019B01B301CD01E901060225A9
:101D100002460269028E02B502DF020B0339036B31
:101D2000039F03D603110450049204D804220570C3
:101D300005C4051C067906DD064607B5072B08A86D
:101D4000082D09B9094E0AEC0A930B450C010DC880
:101D50000D9B0E7A0F671063116D128713B214EF8B
:101D6000153F17A3181C1AEF29E529DF29DA29D214
:101D700029C929BF29B629AF29A529A02997298EC4
:101D80002985297C2975296F2967295F29572952B7
:101D9000294B2941293A292E292A2926291B291488
:101DA000291B290B290429FD28F628EF28E828DD1E
:101DB00028D528D028C628BE28B628B128AD28A8FE
:101DC00028A2289E28992894288B2882287928746C
:101DD000286F286A2863285E2859285428482843F1
:101DE0002839282D282128172813280C28FE27F900
:101DF00027F427EF27EA27E627E127DC27D727D391
:101E000027D027CB27C727C027B727B227AD27A6BC
:101E1000279F279827912788277F2776276D276375
:101E2000275F275C27562752274C27462741273A0A
:101E30002734272C27262720271A2715270E27087F
:101E4000270227FA26F226EA26E126DC26D226CB2E
:101E500026C626C126BC26B426B026AC26A826A3B4
:101E600026B2279E26992694268F268A26852680A6
:101E7000267B26762671266C26672662265D2658E6
:101E800026D32753264B26472642263D263826337F
:101E9000262E26292624261F26192612260D260739
:101EA000260326FE25F925F425EF25EA25E525E07C
:101EB00025DB25D625D125CC25C725C225BE25B9AC
:101EC00025B425AF25AA25A525A0259B25962591D6
:101ED000258C25872582257E257A257625732570F4
:101EE000256B25662561255C25572552254E2549FC
:101EF000259125452540253B25362531252C2527AF
:101F0000252225E0251E25192514250E2508250244
:101F100025FC24F624F024EA24E324DC24D524CE72
:101F200024C724C024BE25B925B924B224AB24A4D7
:101F3000249E249B2596254C27972491248B248628
:101F40002481247C24782474246C2464245E245802
:101F500024502448244E2549254C27412440253B24
:101F6000243124312575296F295F29EA241E252A69
:101F700024232420241D241A24172412240A240292
:101F800024F923F023BE28A228E623D327E223DD69
:101F900023D823D423D0234726CD23CA23C623C244
:101FA00023BD23B823B323A923A2239C23992394DD
:101FB000238C23852397247F237B23772373236F0D
:101FC000236B23672363235F235B23572352234D14
:101FD00023482343233E23392334232A2320239CCD
:101FE000231B2314230A230023FB22F622F122ECD5
:101FF00022E722E222DD22D822D322CE22C922C425
:1020000022BF22BA22B522B022AB22A5229D22985D
:1020100022C22392228B227E2271226B2267225EB1
:102020002255224C2240223A2234222822212216F2
:10203000220822FB21F121EC21E621DD21D521CF4F
:1020400021CB21C521C021B421AD21A721A02198F8
:102050002190218A2184217E21762170216B215EAD
:102060002156214C2142213B21342127211B210FC4
:10207000210421FB20F020E820E020D920CD20C041
:1020800020B520AF20AA209F209A208D20756E6455
:102090006F20686973746F727900756E646F006C7D
:1020A0006F61642064656C6179006C646C790072A6
:1020B00061736961006A6F6765736877617269004F
:1020C0006B61757368696B20746F64690063686124
:1020D0006E6472616465657000622E746F6469007D
:1020E00062616972616769006D2E6B61756E730064
:1020F0006E6174626861697261760070612E206B36
:10210000616669006B616D6573687761726900670C
:10211000616E67657368776172690072616E676589
:1021200073687761726900706172616D6573687759
:10213000617269006D69276D616C006B68616D612A
:102140006A007261676573687265650062616765E0
:1021500073687265650064617262617269006268C9
:10216000696D70616C6173726565006B61666900B1
:1021700079616D616E0062696C6177616C00707588
:10218000727669007368726565006D6172776100CF
:1021900067756E616B726900626861697261760071
:1021A000312F3420656100312F34206500312F3408
:1021B000206562007079746861676F7265616E0096
:1021C0006A75737400657175616C005F5F5F004DC7
:1021D000554C54490050524F4752414D00534551C0
:1021E00055454E434500504154434800696E69745B
:1021F0000072616E646F6D697A650070742058209A
:1022000070726F6772616D00707420582073657111
:1022100075656E6365007074205820706174636822
:102220000073797374656D00706572666F726D61AD
:102230006E636500636C6F636B006D756C74690031
:102240006172706567676961746F7200656E76654B
:102250006C6F70650066696C746572203200666927
:102260006C7465722031006C666F006D6978657200
:10227000006F7363696C6C61746F722032006F73EE
:1022800063696C6C61746F722031006D6F6E6B6589
:10229000790068756D616E0070757368007368759C
:1022A00066666C65007377696E6700636E707300B5
:1022B000636E702E00636E2E7300636E2E2E0063AD
:1022C0002E707300632E702E00632E2E7300632E0B
:1022D0002E2E002E6E7073002E6E702E002E6E2E1F
:1022E00073002E6E2E2E002E2E7073002E2E702E4A
:1022F000002E2E2E73002E2E2E2E006C6B65790074
:102300006C61756E63686B6579007368727574686B
:1023100069585400616D62696B610066756C6C0090
:10232000636F6E74726F6C6C720073657175656E3D
:10233000636572007468727500312F393600312F71
:10234000343800312F333200312F323400312F3105
:102350003600312F313200312F3800312F36003125
:102360002F3400312F3300332F3800312F32003219
:102370002F3300332F3400312F3100322F310063DF
:10238000686F726400706C617965640075702664B2
:102390006F776E00646F776E0075700063686169B7
:1023A0006E006379636C696300327820756E6973BF
:1023B0006F6E00736F6C6F00706F6C79006D6F6E75
:1023C0006F006C61670071747A003C3D003E3D0017
:1023D0006D696E006D6178006174746E0070726F6B
:1023E00064006164640063686F72642073657100E7
:1023F000617270656767696F0073746570207365DB
:1024000071006C666F7E656E7600656E767E6C66BA
:102410006F0066726565006E74006870006270001F
:102420006C70006472756D2032006472756D2031BD
:10243000006672657175656E6379006372757368A5
:10244000007375626F7363007669627261746F0006
:102450006F736320312B32006F73632032006F7310
:1024600063203100706172616D20320070617261B1
:102470006D2031003D2034003D2038003D203136B4
:10248000003D203332003D203634003D20313238CB
:10249000003D203235360072616E646F6D007065EC
:1024A00064616C00776865656C32006D776865659E
:1024B0006C0062656E6465720061667474636800C6
:1024C0007365712E2032007365712E2031006D6F9F
:1024D000642E2034006D6F642E2033006D6F642EE7
:1024E0002032006D6F642E2031006C666F20340046
:1024F0006C666F2033006C666F2032006C666F2054
:102500003100656E76203300656E76203200656E90
:102510007620310064726D320064726D3100766332
:10252000610072656C650064656361006174746B61
:10253000007265736F006672657100637273680084
:1025400066757A7A0073756200786D6F64006D69E4
:102550007800766962720003312B32006F73633248
:10256000006F7363310070726D320070726D3100F4
:102570003D34003D38003D3136003D3332003D36BC
:1025800034003D313238003D3235360072616E64C0
:10259000006E6F69730067617465006E6F7465002B
:1025A0007064616C0077686C32006D77686C0062F3
:1025B000656E6400616674720076656C6F006172AE
:1025C0007000736571320073657131006D6F643432
:1025D000006D6F6433006D6F6432006D6F643100A5
:1025E0006C666F34006C666F33006C666F32006C23
:1025F000666F3100656E763300656E763200656E0B
:10260000763100706F70006D6574616C00626C6F84
:102610007700676C6974636800636C69636B007052
:10262000756C3200747269320073717532007075A6
:102630006C310074726931007371753100626974B4
:102640007300666F6C6400786F720072696E676DFC
:102650006F640073796E630073747032007374700A
:102660003100727371720072736177006C737172F2
:10267000006C7361770073706B320073706B3100A4
:1026800062617432006261743100677267320067A0
:102690007267310068726D350068726D3300687260
:1026A0006D320072616D7000732668007371720084
:1026B00074726900766F77656C203200637361779E
:1026C00000666D6662007170776D006F6C64736197
:1026D00077007761767175656E63650062656C6C15
:1026E000006D6574616C6C69630064726F6E652067
:1026F000320064726F6E65203100646967697461CD
:102700006C007761766573006F7267616E0065704B
:1027100069616E6F00736C61700076696265730049
:1027200063656C6C6F00626F7765640074616D70D7
:102730007572610063686F69720066656D616C65D2
:10274000006D616C6500766F77656C006E6F697304
:10275000650070776D00386269747300666D007093
:102760006164007A747269616E676C650068707A82
:1027700070756C73650062707A70756C736500704B
:102780006B7A70756C7365006C707A70756C7365BC
:102790000068707A7361770062707A736177007095
:1027A0006B7A736177006C707A736177007A73610A
:1027B000770073696E6500747269616E676C65009D
:1027C00073717561726500736177006E6F6E65007D
:1027D0006F6E006F6666006F63747600612F7371B1
:1027E0000073707264006F637400737263650061DC
:1027F0006D6E74006F6D6E69006C736571006C6155
:10280000756E63686B657920736571006363206D15
:10281000617000657874006F757470206D6F646509
:1028200000696E70742066696C74657200737761FC
:102830007020636F6C6F72730063617264206C65EB
:102840006473006C656473006175746F206261630A
:102850006B75700068656C7000736E6170006D69F7
:1028600064690067726F6F7665006C656E70006CEE
:10287000656E32006C656E310070617474206C6539
:102880006E0073657132206C656E00736571312066
:102890006C656E00677269640068696768006C6FD8
:1028A00077006C61746368006C7463680062706DBB
:1028B0000070617274006368616E6E656C007061B7
:1028C000747465726E00646972656374696F6E001A
:1028D00072616761006172702F73657100706F7251
:1028E00074616D656E746F006C656761746F007301
:1028F0007072656164006F637461766500766F6CF9
:10290000756D65006D6F6469662E006D6F64696634
:10291000696572006D6F64756C2E006D6F64756C07
:102920006174696F6E00696E3200696E31006465B2
:102930007374696E6174696F6E00736F757263652D
:1029400000766F696365206C666F006C666F2F653B
:1029500067007261746500747269676765720072FE
:10296000656C65617365007375737461696E00648D
:10297000656361790061747461636B006B65796292
:102980007E7663660076656C6F7E766366006C6645
:102990006F327E76636600656E76327E76636600A1
:1029A0006D6F6465007265736F6E616E6365006163
:1029B0006D6F756E74006F70657261746F72006315
:1029C000726F73736D6F642E00737562206F736323
:1029D0002E006F7363206D69780074756E650072E8
:1029E000616E676500706172616D65746572007714
:1029F000617665666F726D002F42414E4B2F002F3E
:102A0000484953544F52592F002F434C495042527A
:102A1000442F434C495042524400F000210200042C
:102A2000000001000101010000000000000000049E
:102A30000003010402050002030506090B0D0F0047
:102A40009B2B00010203040506070100F0019B2BEC
:102A5000080D0C0B090A0E0F00000F029B2B101122
:102A6000FF121617494A0201F0039B2B181E1F1D67
:102A7000191A1B1C1302F0049B2BFF2021FFFFFFE0
:102A8000FFFF03020F059B2B22232425262728293D
:102A90001403F0069B2B2A392F302B2C2D2E0704E4
:102AA000F0079B2B313233343536373808040F08A2
:102AB0006B2B00000000000000000604FF093B2B08
:102AC0003A3B3C3DFFFFFFFF0A05F00A9B2B3E3FD0
:102AD0004041FFFFFFFF09050F0B832BF0F1F2F3DD
:102AE000F4F5F6F70C06F00CE32B000000000000F4
:102AF00000000B060F0DCB2B0000000000000000B3
:102B00000D07F00E532B00000000000000000D0820
:102B1000F00F9B2B42434748444546F81008F010FD
:102B20009B2B4B4C4DFFFFFFFFF90F08F011B32B10
:102B300000000000000000001108F0E850DC50C365
:102B400050A749EF503D51234F2B510F4F81514812
:102B50004B174FA550FC4EFD4EFF4E014F0D4FC37E
:102B60004F00000F4F1A509850174FEC4DF34D0681
:102B70004DFF4E344C9D4C234F5B4C0F4FFE4D1878
:102B80004F174F81497449A04BFF4EBD4BCB492392
:102B90004F00000F4F3C4ACD4B174F8149744932CB
:102BA00049A7498A49CB49234F00000F4F3C4A4867
:102BB0004B174FA948FC4EAB48FF4E014F0D4FAD90
:102BC0004800000F4FAF48B148174F5B47FC4EB667
:102BD00043FF4E8D440D4FEF4600000F4F8F455081
:102BE00046FD46D341FC4EEB41FF4E014F3D422393
:102BF0004F00000F4F9442184F174F9A40FC4E9DC4
:102C000040FF4EE740BC40CC400000ED40F740B7ED
:102C100041174F796573207C206E6F006B6E6F6279
:102C200020787C70617274207A7C00706572666FA7
:102C3000726D616E63652070616765206375737482
:102C40006F6D697A6174696F6E00534420636172BD
:102C50006420492F4F206572726F7200204120203E
:102C60007C206120207C203120207C205F20207C63
:102C7000207E20207C207E202020736176657C656C
:102C800078697400207C202020696E69747C7365EB
:102C90006E647C736176657C76657273696F6E7342
:102CA00020206D6F72657C6578697400707265664E
:102CB0007C7E696E697C4669726D7761726520758C
:102CC000706461746520202020206D6F72657C65C2
:102CD000786974006D756C7469007573652063752F
:102CE0007272656E74206D756C74692061732064F6
:102CF000656661756C743F0028656D707479292074
:102D000020202020202000006578697400696E73FF
:102D100074616C6C007570677261646500757067D2
:102D20007261646500414C4C00706F7274203120F8
:102D3000646576696365203F2020004B5A616D62AF
:102D4000696B61002F564F494345242E42494E007E
:102D50002F564F494345242E42494E002F414D42A4
:102D6000494B412E42494E003C2D6261636B006D20
:102D70006F72652D3E0007206E6F746520077665C3
:102D80006C6F636974792007737465707365712063
:102D9000310773746570736571203200636F7079E9
:102DA0007C737761707C70617374652020202020B3
:102DB000203C3C207C203E3E207C6B6565707C6521
:102DC0007869740076657273696F6E00766F6963F7
:102DD0006563617264000220AE38B33811241FBEEF
:102DE000CFEFD0E1DEBFCDBF11E0A0E0B1E0EAEB74
:102DF000F3ED02C005900D92AC33B107D9F72FE087
:102E0000ACE3B1E001C01D92A83CB207E1F716E1C6
:102E1000CDEED6E104C02197FE010E949B68CB3E17
:102E2000D107C9F7FDD50C9490690C9400000F935D
:102E30001F93CF93DF938C01EB01AB0170E060E057
:102E40000E943469009719F0EC01C01BD10BCE0130
:102E5000DF91CF911F910F910895EF92FF920F9301
:102E60001F93CF93DF937C01162F042FC62FD0E042
:102E7000BE01DDDF282F1817A9F02197CE0DDF1D29
:102E80008E0D9F2D911DFE013C2F3E1B311750F4DE
:102E90000197321728F4DC013C9130833197F4CF4D
:102EA0000083FCCFCDB7DEB7E6E00C94EE6840E2DD
:102EB000D4CF08951F93CF93DF93EC01162F70E0CA
:102EC000B6DFFE01E80FF11D8E2F8C1B811718F461
:102ED00080E28193F9CFDF91CF911F910895A4E013
:102EE000B0E0E5E7F7E10C94D6688FB7F89420914D
:102EF0003D0130913E0140913F01509140012983B5
:102F00003A834B835C838FBF69817A818B819C81FB
:102F10002496E2E00C94F268FC0110820895FC0112
:102F20008081882329F0CF0101960C943F60089599
:102F300084E1089501960C9434600895FC01808129
:102F4000882311F0CF01F6CF0895B0E0A0E0EBEABE
:102F5000F7E10C94CF68EC018B01B42E79018881E4
:102F6000882311F0CE01E6DF6E018FEFC81AD80A70
:102F70004B2DB801C6010E94D85B813051F4E11499
:102F8000F10439F0C70124D04B2DB801C6010E94CD
:102F9000D85B91E0811190E09883CDB7DEB7E9E08E
:102FA0000C94EB68FC018081882329F0CF01019605
:102FB0000C94035D089584E10895FC0180818823C9
:102FC00029F0CF0101960C94595E089584E108958B
:102FD000CF92DF92EF92FF92CF93DF9300D000D099
:102FE000CDB7DEB77C0161E471E080E00E94C45B94
:102FF00076DFDC01CB018E0D9F1DA11DB11D6C0183
:103000007D016DDF6C157D058E059F0590F480E0D8
:103010000E947565982F817090FDF3CF0F900F90EF
:103020000F900F90DF91CF91FF90EF90DF90CF90B6
:10303000089581E0F3CF0C9404620895CF92DF925B
:10304000FF920F931F93CF93DF93EC016C018FEFEF
:10305000C81AD80AF601F1906F01FF20B1F0FFE223
:10306000FF12F8CFF60112928F01CE010E948E62FC
:10307000F801F082982F977F69F3DF91CF911F912C
:103080000F91FF90DF90CF90089580E0F6CF0C94E1
:10309000A2630895982F882349F070E06F5F7F4FF7
:1030A00081E09617170619F080E0089581E00895F1
:1030B0000F931F93CF938C01C42FFC018081EADF13
:1030C0008823B1F0F80191812281291738F0C917BE
:1030D00018F081E02C1738F480E005C081E02C174F
:1030E00010F4C917C8F38170CF911F910F91089503
:1030F00080E0FACFEF92FF920F931F93CF93DF936D
:10310000082F162FC7EFD4E08FE2E82E85E0F82EC7
:10311000412F602FCE01CCDF882321F0612FC70122
:103120000E94702C249683EAE81A8EEFF80A85E054
:10313000CF30D80769F7CDB7DEB7E6E00C94EE687C
:10314000A7E0B0E0E6EAF8E10C94D66829833A8378
:103150004B835C836D837E838F838091FB0D8823FB
:1031600051F0CE0101960E942932882321F0CE0130
:1031700001960E944F3241E0BE016F5F7F4F80E0B9
:103180000E94EC342796E2E00C94F26890911801CA
:103190008091190120911501E2E1233031F0309145
:1031A0001601E32FEE0FE30FE20FF0E0EE0FFF1F2B
:1031B000E458F04F918380830895B0E0A0E0E3EEFF
:1031C000F8E10C94D168D82EC62FD42F82E08093DA
:1031D0002F041092310410923004E091400FF091CE
:1031E000410F309701F1642F8C2F09958823D9F076
:1031F00023E0822F8295807F880F880F8F639091C4
:103200006F03E92FF0E0EE0FFF1FEF58FC4F8083B4
:103210008FEF81839F5F977090936F03CDB7DEB779
:10322000E7E00C94ED688091EC04811101C0D4D5E5
:1032300007EF14E08FE2E82E85E0F82E4C2F6D2D7D
:10324000C80136DF882329F04D2F6C2FC7010E945B
:103250009A2D0C5F1F4F83EAE81A8EEFF80A85E07B
:103260000F30180759F7DACFCF93C82F8091F20D9E
:103270008350823028F440E070E060E08C2F86D4E8
:103280008C2F0E942D37CF9108958091A3039091A8
:10329000A403891B877091F08091C00085FF0DC049
:1032A0008091A403E82FF0E0EB55FC4F90818F5FF5
:1032B00087708093A4039093C60008958091AD0316
:1032C0009091AE03891B8F779091C904981710F4E1
:1032D0008093C904882389F38091C00085FFEDCFD6
:1032E0008091AE03E82FF0E0E155FC4F90818F5FB5
:1032F0008F778093AE03DFCF1F920F920FB60F929E
:1033000011242F933F934F935F936F937F938F93EA
:103310009F93AF93BF93EF93FF938091BF0481116D
:1033200036C081E08093BF0478948091C00087FF0D
:1033300015C09091C6008091820320918103815035
:10334000821B8F7159F080918103E82FF0E0ED57D7
:10335000FC4F90838F5F8F718093810396DF0E9473
:10336000EF3D9091BE04892F837041F480913C0120
:1033700026E6280F2D37E0F420933C0181E0890FE9
:103380009F32A1F18093BE04F8941092BF04FF9184
:10339000EF91BF91AF919F918F917F916F915F91CD
:1033A0004F913F912F910F900FBE0F901F90189546
:1033B000875180933C0120913D0130913E012F5F68
:1033C0003F4F30933E0120933D0120913D013091CC
:1033D0003E01232B99F620913F01309140012F5F50
:1033E0003F4F3093400120933F01C8CF1092BE045D
:1033F0000E940268C9CF78941092C1001092C9004F
:1034000014BE80916000886180936000109260001B
:10341000389A80E00E94C8388091C0008D7F8093E8
:10342000C0001092C50087E28093C4008091C10063
:1034300088608093C1008091C10080618093C10049
:1034400080918100887F82608093810080918000DC
:103450008C7F8160809380008091B100887F816043
:103460008093B1008091B0008C7F81608093B00028
:10347000809170008160809370000E94043D809173
:103480006F00816080936F000E948C400E946140B9
:103490008091F60D811102C00E944B408091390449
:1034A000811103C081E00E94C83881E09091390405
:1034B000911180E067D40C94AF3008952C9A089550
:1034C0002C988EBD0DB407FEFDCFF8CF08959091D6
:1034D000C60481E089278093C60480917C042091F2
:1034E0007D04821B8F71A9F0913099F090917D0439
:1034F000E92FF0E0EE0FFF1FE258FB4F20818181A2
:103500009F5F9F7190937D0495B1987F922B95B9A1
:10351000D7DF80913A0490913B04891B8F71B9F0F9
:103520008091C604811113C090913B04E92FF0E013
:10353000EE0FFF1FE45CFB4F208181819F5F9F7135
:1035400090933B0495B1987F922B95B9B9CF08958C
:103550001F920F920FB60F9211242F933F934F9308
:103560005F936F937F938F939F93AF93BF93EF93EB
:10357000FF938091F5049091F60401969093F604E0
:103580008093F5042091F3043091F4042F5F3F4FB2
:103590003093F4042093F3042091EF043091F0046D
:1035A0008217930748F08091F1048F5F8093F104B4
:1035B0001092F6041092F5048ADFFF91EF91BF910B
:1035C000AF919F918F917F916F915F914F913F91BB
:1035D0002F910F900FBE0F901F901895279A259A44
:1035E0002698249A6BDF249A69DF8DB58E7F8DBD76
:1035F0008DB581608DBD81E58CBD0895B0E0A0E002
:10360000E4E0FBE10C94D168D82EC62F8091F10D37
:1036100081FD6FC012E05091C8045A3108F04CC0CF
:1036200087EFE82E84E0F82ED0E000E06D2DF70162
:10363000808130DD882391F082E080931501109223
:103640001B0110921A01D09316015091C804509397
:103650001801C0931901002309F101E0DF5FF4E0D4
:10366000EF0EF11CD63011F7002309F43FC00E9481
:10367000863F95B1976095B92E9A80E58CBD81E023
:103680008DBD8093710F8EEE92E0A2DC2E98A6DFA6
:103690001092710F113069F111E0BDCF22E03D2F82
:1036A000409117016C2F70911A0180911B0148DD28
:1036B0008111D3CF6BDDD2CF83E0809315011092BF
:1036C0001B0110921A01109216015A5150931801C1
:1036D000C093190123E030E0409117016C2F70E096
:1036E00080911B012DDD8111C2CF50DD81E08093DF
:1036F0007B0FCDB7DEB7E7E00C94ED68B0E0A0E05B
:10370000E4E8FBE10C94CF688C01862FC62FCF70C4
:10371000603F09F47DC1673FB9F0D62FD07FF80133
:103720004481B8016F5F7F4F9091F20D943089F41E
:103730002DD2D03B09F463C0D0F4D03981F0D03A17
:1037400009F43BC0D038A1F1CDB7DEB7E9E00C9465
:10375000EB68933071F7D03859F1D03949F7F80157
:10376000428161818C2F442331F127DDEDCFD03DA3
:1037700009F4ECC038F4D03C39F7F80161818C2FA2
:103780003DDFE2CFD03E09F4FEC0D03FE9F6CC30B9
:1037900008F026C1CA3008F03FC1CC2309F438C173
:1037A000C83091F680910F05883270F660D3CCCF87
:1037B000F80161818C2F9EDCC7CFF801B280D181E6
:1037C00007EF14E06FE2E62E65E0F62E7FE0C72EED
:1037D00075E0D72E4D2F6C2FC8016ADC882329F0A5
:1037E0004B2D6D2FC7010E9441260C5F1F4FF3EA3E
:1037F000EF1AFEEFFF0AC016D10661F7A5CFF80158
:10380000D181E8E8ED0FE83008F076C0F0E0E4564A
:10381000F6490C949B6807EF14E05FE2E52E55E053
:10382000F52E6C2FF801808135DC882319F0C70153
:103830000E94F3270C5F1F4FF3EAEF1AFEEFFF0A17
:1038400025E00F30120769F77FCF07EF14E04FE252
:10385000E42E45E0F42E6C2FF80180811BDC8823D8
:1038600011F0C701F3D70C5F1F4FF3EAEF1AFEEF19
:10387000FF0A25E00F30120771F766CF07EF14E05B
:103880003FE2E32E35E0F32E6C2FF801808102DC5D
:10389000882319F0C7010E943B290C5F1F4FF3EAF0
:1038A000EF1AFEEFFF0A25E00F30120769F74CCF41
:1038B00007EF14E06C2FF8018081ECDB882321F006
:1038C00081E08C0FF80180830C5F1F4FF5E00F3013
:1038D0001F0781F739CF07EF14E06C2FF8018081C3
:1038E000D9DB882311F0F80110820C5F1F4FF5E03F
:1038F0000F301F0791F728CFF801D280D11103C0F4
:10390000D092C80421CF84E080932F041092310418
:103910001092300407EF14E02FE2E22E25E0F22EA1
:103920006C2FF8018081B6DB882329F04D2D6D2F97
:10393000C7010E94C72C0C5F1F4FF3EAEF1AFEEF7E
:10394000FF0A25E00F30120759F7FECEF801D181AA
:1039500007EF14E09FE2E92E95E0F92E6C2FF801B5
:10396000808198DB882321F06D2FC7010E943C26BF
:103970000C5F1F4FF3EAEF1AFEEFFF0A25E00F304E
:10398000120761F7E1CEF801C280F0E8CF9EC001D6
:103990001124F801C180C80ED92ED11C83E0809378
:1039A0002F04109231041092300407EF14E08FE2DC
:1039B000E82E85E0F82E6C2FF80180816BDB8823E0
:1039C00021F0B601C7010E9433260C5F1F4FF3EAB6
:1039D000EF1AFEEFFF0A25E00F30120761F7B4CEB1
:1039E000CC30E1F0CF3009F0AFCE8FE295E04CD78C
:1039F0008CE896E049D789EE97E046D786E499E0CF
:103A000043D783EA9AE040D780E09CE03DD79CCE44
:103A1000F801818129DC98CEDFD196CE07D294CEF1
:103A2000EADC8091700380936F0380918103909111
:103A30008203891B8F7109F48DC080918203E82F66
:103A4000F0E0ED57FC4F60818F5F8F7180938203B0
:103A50008091F20D81110BC08091AD03E82FF0E051
:103A6000E155FC4F60838F5F8F778093AD03683F94
:103A700020F080EC94E042DED8CF67FF60C0862F54
:103A8000807F1092C40491E09093C504803B09F4B8
:103A900042C050F4803A09F43EC0862F807E8038C0
:103AA000D1F16093C0041AC0803EA9F1803F71F14A
:103AB000673F09F03CC08091C004803F69F487EF04
:103AC000D3DB8091CA0D843081F58CE280932F0482
:103AD00010923104109230041092C0049091C404EA
:103AE0008091C504981708F4A0CF6091C00480ECC1
:103AF00094E004DE1092C4048091C004813F08F475
:103B000094CF1092C5041092C0048FCF862F8F706F
:103B10008150823020F482E08093C504C9CF862F83
:103B20008C7031F21092C504C3CF84E2CFCF603FD6
:103B300009F0B7CF6093C00480EF96DBCFCFE09160
:103B4000C40481E08E0F8093C404F0E0E054FB4F86
:103B50006183C4CF0CD20E94243B67CF9091A30312
:103B6000E92FF0E0EB55FC4F80839F5F97709093B7
:103B7000A30308959091AD03E92FF0E0E155FC4FC8
:103B800080839F5F9F779093AD0308951F93CF939A
:103B9000DF93EB01142FEEDF112331F08881EADF90
:103BA000113011F08981E6DFDF91CF911F910895E7
:103BB000CF93DF93D62FC42FDDDF8D2FDBDF8C2F4C
:103BC000D9DFDF91CF9108959091AE032091AD039D
:103BD0009150921B9F77C1F3CDCF0895382FE7EF17
:103BE000F4E020E08FEF321729F09381982393833C
:103BF000909589232F5F34962630A9F708950F9367
:103C00001F93CF93DF9307EF14E0CFE2D5E0F801E5
:103C10006381CE010E9456280C5F1F4FC35ADE4FAE
:103C2000FDE0CD35DF0799F7DF91CF911F910F911F
:103C300008958FE295E032D78CE896E02FD789EE91
:103C400097E02CD786E499E029D783EA9AE026D733
:103C500080E09CE023C70895A6E0B0E0E2E3FEE147
:103C60000C94CC6820910F0530E0C901880F991F92
:103C7000092E000CAA0BBB0BAC01BD0144525440F1
:103C80006A4F7F4F49835A836B837C83220F331F94
:103C9000220F331F032E000C440B550B69817A81D0
:103CA0008B819C810E947F68790150911005652F5E
:103CB00070E0660F771F6156774E7E836D8380902C
:103CC0001105912CB12CA12CFBECCF2EF4E0DF2EB2
:103CD00010E000E08BE598E1ABE5B8E1892B49F015
:103CE000ED81FE8185919491FC01E00FF11FA5917A
:103CF000B49197010E94A168A50194010E941B68DC
:103D000069837A838B839C838B819C818E0D9F1D1D
:103D1000F601819391936F010E5F1F4F00321105E1
:103D2000C9F68091CB049091CC049093F0048093D9
:103D3000EF042696ECE00C94E8688EDF8FEF4EDF00
:103D40005EDF81E08093CA0408951F93CF93DF93D1
:103D5000182F48E350E06CE770E087EF94E00E9492
:103D60000A69CFE2D5E0612FCE010E941029C35A23
:103D7000DE4F8DE0CD35D807B1F7DFDFDF91CF9192
:103D80001F910895CF93C82F8FE295E00E94E227FC
:103D90008CE896E00E94E22789EE97E00E94E227F5
:103DA00086E499E00E94E22783EA9AE00E94E227F3
:103DB00080E09CE00E94E227CC2341F080E0C5DF58
:103DC0000E94F1301092EC04CF9108950E94463188
:103DD0008823A1F3B2DFF6CF8091F20D813011F488
:103DE0008AEFBCDE1092EE041092ED041092EB0408
:103DF0008FE295E053D68CE896E050D689EE97E0B6
:103E00004DD686E499E04AD683EA9AE047D680E028
:103E10009CE044D68091CB049091CC049093F00424
:103E20008093EF0481E08093EC0408958091F20D7B
:103E3000813011F48CEF92DE8FE295E00E94A02990
:103E40008CE896E00E94A02989EE97E00E94A029C4
:103E500086E499E00E94A02983EA9AE00E94A029C2
:103E600080E09CE00E94A0291092EC040895EF925B
:103E7000FF921F93CF93DF938091EE0491E0980F10
:103E8000853009F44CC09093EE048091EC048823B3
:103E900009F43FC0E6EAF5E0CFE2D5E02081DF019A
:103EA000A052BF4F8C91082E000C990B28171906B1
:103EB00009F450C0BEDE8091F20D813011F488EF1C
:103EC0004DDE8DE5E82E8DE0F82E11E0CE010E944A
:103ED000CE2FFE01E451FF4F8081811110E0C35AC3
:103EE000DE4FEC16FD0691F780910F05883288F0C1
:103EF000209112051123B1F18091EB048F5F809323
:103F0000EB0438E1239F900111248217130609F076
:103F100060F5DF91CF911F91FF90EF90089510927F
:103F2000EE048091ED0491E0980F8F3081F0909332
:103F3000ED04E091ED04F0E0EE0FFF1FE553FB4FC1
:103F4000808191819093F0048093EF049ECF109232
:103F5000ED04EFCFE35AFE4F8DE0E43DF80709F0A2
:103F60009DCFA9CF1092EB04D4CF60DFD2CFCF93F7
:103F7000DF938091F3049091F40488329105C0F0AE
:103F80002091F2042F5F2093F20488979093F40419
:103F90008093F304CFE2D5E06091F2046170CE012A
:103FA00092D4C35ADE4F8DE0CD35D807A9F7E1CFC3
:103FB0008FB7F894C091F1041092F1048FBF8091F3
:103FC0000F05883220F0C15010F051DFFCCFDF9197
:103FD000CF910895E82FF0E0E950FB4F90819617BC
:103FE00081F060839091CA0492609093CA048831F2
:103FF00028F48370833029F4A0CE08958B3108F41F
:104000002BCE08958FE295E0FC01E059FF4F24E5A7
:10401000DF011D922A95E9F7835A9E4FBDE08D3549
:104020009B0791F70895CF93C62F9A01009741F40B
:10403000FA0180E38193C150C1111082CF9108959C
:1040400097FF08C04DE2F90141939F01C15091953E
:104050008195910940E0E42FF0E04F5FE35AF24F81
:104060006AE070E00E944A688083CB01009799F76C
:10407000842F522F932F882369F08150E52FF92F39
:10408000A82FB0E0A35AB24F9C91905D91935E2F00
:104090009F2FF1CFF901E40FF11DC41BCDCFFC011F
:1040A000CB01EE0FFF1FE959F24E6591749150E07C
:1040B0000C9425690895FC01862F9281992381F043
:1040C000238164816F5F621B880F382F639F812D6E
:1040D0001124820F943121F48F3E08F080EF8E7FFF
:1040E00008951F93CF93DF93EC01162F642FE3DF26
:1040F0009A819330F1F4612F110F770B681B7109CE
:1041000087FD73952C818B81281B30E085E03595E8
:1041100027958A95E1F777FF03C07195619571093D
:1041200081E0261737070CF480E0DF91CF911F91D3
:104130000895212F281B330BB901E4CFFC018381A3
:104140009281933031F4681754F08481861734F4E7
:104150000895681720F08481681708F4862F089561
:10416000FC01862F922F042E000C550B23813281E7
:10417000333021F5460F511D67FD5A95992381F083
:104180008481682F082E000C770B6417750764F183
:10419000022E000C330B421753077CF0842F089536
:1041A000022E000C330B421753073CF02481022EE1
:1041B000000C330B241735078CF70895460F511D5B
:1041C000992349F084818417150674F02417150685
:1041D00009F09CF7E3CF2417150609F074F79481D2
:1041E0009417150654F3DACF822FE7CFFC017481C0
:1041F000838161E0670FE62FE81B40910101509138
:1042000002019A0121703327319521953109222726
:10421000347B569547952427352730930201209308
:104220000101932F681304C0781749F0832F089574
:104230009E1720F0282F261B920FFACF890F089582
:10424000DB0190E08C3018F09F5F8C50FBCF880F23
:10425000E82FF0E0EF52F94FE491EC938F5FE82FF5
:10426000F0E0EF52F94FE4911196EC931197E92F9A
:10427000F0E0EB53F94FE4911296EC9312971396FA
:104280001C920895B0E0A0E0E8E4F1E20C94CC6860
:104290006C01C62F4A01D22FFC018281E82FF0E089
:1042A000EE0FFF1FE651F94FA590B4907501062F50
:1042B00010E0823049F08A50823148F4E82FF0E073
:1042C000EC55F6490C949B68CF5F0F5F1F4FA1140C
:1042D000B104D9F087E69DE1892B31F04D2FB4016F
:1042E000C7018C0F911DDBDE6D2FC4010E94571793
:1042F000CDB7DEB7ECE00C94E868FAE06F9F800180
:104300001124E5CF6F3018F3CF50F601828183314D
:1043100059F3833019F40C2FCC0F110BDD2321F34B
:10432000A4016D2FC8017FDEDFCF263080F232ED91
:10433000E32EF12CCFCF263050F221EFE22EF12CDC
:10434000C9CF683220F691E4E92EF12CC0E0C2CF4B
:10435000B4018C2F75DFBBCF6111B9CF85E4E82E96
:10436000F12CB8CF1F93CF93DF93FC01162FD72FDB
:10437000C42F473098F48185928527E63DE1232BB1
:1043800021F04C2F612F7D2F8ADE6C2F812F9D2FE6
:104390000E945A17DF91CF911F91089583859485CC
:1043A000ECCFA4E0B0E0E7EDF1E20C94D0686C0152
:1043B000142F79016F3F71F080E7F901808384E762
:1043C000818380E282836F5C638384830550C901AB
:1043D00005967C0187E69DE1892B31F0402FB701DE
:1043E000F601858596855BDEF60187818F3FF1F0CA
:1043F00080E289831C82812F90E0AE014E5F5F4F87
:1044000062E0019610DE602F70E0C7010E9417176E
:10441000982FDE011196F701E80FF11D8D5F9017BF
:1044200028F42D919F5F21939813F9CF602FC70136
:104430000E945A172496E8E00C94EC68B0E0A0E0E3
:10444000E4E2F2E20C94D168182FD92FD62E7A012B
:10445000C22F422FB70186DF2FEF2C0FF701E20F9B
:10446000F11D8081803219F421500F5FF7CF2F5F4B
:1044700030E0F701E20FF31F80E280832F5F3F4FB0
:10448000A701420F531F202F6D2D812F9D2FFADE84
:10449000CDB7DEB7E7E00C94ED68CF93C82F85E089
:1044A00091E0CE3FA1F0809104018C1771F08FE074
:1044B000C89FB00111246C547F4F4FE050E084E658
:1044C0009DE00E940A69C093040184E69DE0CF91BB
:1044D0000895E82F8091F80D823059F4E23428F4E1
:1044E000F0E0EB5EF94F84910895E63640F08EEFF0
:1044F0000895E03720F4F0E0EB5AF94FF4CF8FEF56
:10450000089590E8980F903448F0813C08F08FEFC0
:10451000E82FF0E0EB5AFA4F849108958EEFF8CF30
:104520000F93FC01962F622F202F36818181439FAC
:10453000800D112430813230B1F030F090E0333012
:10454000A1F08759904F13C04DE551E0949FF001C1
:10455000959FF00D1124462F682FCF01815D9A4F52
:10456000CCD50F91089536DDFCCF8F50924FFC01D2
:104570006083F7CFFC0196818181499F800D1124D2
:10458000208190E02230A1F028F02330A1F087595B
:10459000904F0BC04DE551E0649F9001659F300D39
:1045A0001124215D3A4F820F931FFC0180810895F1
:1045B00089509B4FFACF8F50924FF7CF2091010136
:1045C00030910201C90181709927919581959109D6
:1045D0008827947B3695279582279327909302010D
:1045E00080930101892F0895E62FF0E0EE0FFF1F61
:1045F000B096EF73E80FF92FF11D90898189692F2B
:104600006F77782F7F778078907808959C0185E088
:104610002F32380709F186E02C38380701F187E09E
:10462000293E3807F9F089E026343807F1F08AE0AE
:10463000233A3807E9F020503C40E9F485E090E067
:10464000880F991F880F991FFC01E950FB4F80814B
:10465000882391F08150089590E080E0F1CF81E0CF
:1046600090E0EECF82E090E0EBCF83E090E0E8CF07
:1046700084E090E0E5CF80E00895E82FF0E0EE5888
:10468000F04F108260E60C94953F0895CF93DF932E
:10469000C62FD42F2091F20D213029F4B7DF4D2FF2
:1046A0006C2F806985DADF91CF910895CF93DF93E6
:1046B000C62FD42F2091F20D233029F4A7DF4D2FE0
:1046C0006C2F806975DADF91CF9108951F93CF9396
:1046D000DF93D62FC42F2091F20D223088F12330A2
:1046E00029F46F3719F4443009F4C1E08FDF909159
:1046F000C7049F5F9093C70420910301182F106B8C
:104700002D1302C0903280F04D2F441F4427441FC8
:1047100063E6812F4DDA4D2F4F7762E6812F48DA1D
:10472000D09303011092C7044C2F441F4427441F09
:1047300066E0812F3DDA4C2F4F7766E2812F38DA21
:10474000DF91CF911F910895EF92FF921F93CF9326
:10475000DF93EC01FC01E65AFE4F81E0808310E01C
:104760007E018AECE80EF11CF7018081181750F4E5
:10477000FE01E10FF11DEC53FF4F80810E94C53F08
:104780001F5FEECF88EA91E60197F1F710E0F7019D
:104790008081181760F4FE01E10FF11DEC53FF4F0B
:1047A00040E7BE0180810E9404401F5FF0CFDF918F
:1047B000CF911F91FF90EF9008959C01FC01E55867
:1047C000FF4FE081F0E0EC5FF74FE49127513F4F5E
:1047D000D901EC930895CF93DF93DC01EC01C05233
:1047E000DF4F9C01285E3F4F5D96EC915D97EF3067
:1047F00070F4F0E0EC5FF74FE491E88318962196AF
:104800000696A217B30781F7DF91CF910895EF5075
:10481000F0E0EE0FFF1FE959F34E45915491FC0172
:10482000E553FF4F51834083E9CF262F30E02F5FC0
:104830003F4F86539F4FFC0180818217130621F062
:104840001CF081E0860F089580E008951F93CF93B8
:10485000DF93EC01FC01E551FF4F108210E0FE01F7
:10486000E653FF4F8081181758F4FE01E10FF11D48
:10487000EC53FF4F68EF80810E94953F1F5FEFCFA1
:10488000DF91CF911F9108950F931F93CF938C01C8
:10489000C0E0F801E653FF4F8081C81780F4F801AB
:1048A000EC0FF11DEC53FF4F8081E82FF0E0EE5844
:1048B000F04F108269EF0E94953FCF5FEACFCF9112
:1048C0001F910F910895B0E0A0E0E9E6F4E20C94A6
:1048D000CA688C01862EFC01E951FF4F80819181CD
:1048E00001969183808358018AECA80EB11CF501D2
:1048F0008081882309F47BC06801E801C553DF4F3C
:104900007801FDEDEF0EF11C912CF601848D2881CC
:1049100039814A815B81420F531F5B834A8391E057
:104920004217530708F090E09C83652F823039F1DD
:1049300078F4752E770C7708811127C0440F452F26
:10494000441F550B5195742E67FD1FC070941DC0F8
:10495000752E8330D1F08450982F8D5E974FFC01D7
:10496000E50FF11D442F85911590419DF001409573
:10497000489FE00DF11D11248F2F782E06C042179D
:10498000530710F41BDE8D837D80992011F0882061
:10499000B9F0F7018681871589F0612CF5018081D6
:1049A000681660F4F801E60DF11DEC53FF4F472D3A
:1049B000692D80810E94F83F6394F0CFF7017682E1
:1049C000F601878D823041F48C81958D9F30A0F463
:1049D000F7018081882391F09394F8E0CF0ED11CE9
:1049E00026968FEFE81AF80AE3E09E128ECFCDB735
:1049F000DEB7EEE00C94E668882371F3712CF501C4
:104A00008081781648F7F801E70DF11DEC53FF4F50
:104A1000692D606880810E94953F7394F0CFCF9399
:104A2000DF939C01DC01FC01E353FF4F90E080E049
:104A30005F964C915F97413049F442831182108216
:104A4000EC01C352DF4FC20FD31F18820196189694
:104A500036968330910561F7DF91CF910895CF931A
:104A6000DF939C01FC01EC5AFE4F80813296D90104
:104A7000AB5ABE4F813029F410821C92DF91CF9146
:104A80000895E901C451DF4F888181508C932758E4
:104A90003F4FD9018C9181508083F0CFCF93DF932A
:104AA000EC0143E050E070E060E0835B9E4F0E94C9
:104AB0004A6943E050E070E060E0CE0183529F4FCE
:104AC0000E944A69FE01E651FF4FDE01A751BF4F28
:104AD0008C918083EA59FF4F108231968FEF80834B
:104AE000319681E090E091838083EA5DF1098081D5
:104AF000813081F081E0FE01EC5AFE4F80833396D5
:104B0000DE01A958BF4F8C918083CE01A8DFDF91D1
:104B1000CF9108958FEFEFCFB0E0A0E0E2E9F5E2AA
:104B20000C94D168EC01FE01E451FF4FD080E457B2
:104B3000F1092081ED2CF12C8E010B5A1E4F2430EF
:104B400059F53CDDFE01EA5AFE4F982F9F70908385
:104B500090E024E0959587952A95E1F7D8018C930C
:104B6000C758DF4F9881292F30E08081482F082EC9
:104B7000000C550B421753071CF0891B8083F5CF9F
:104B8000F8018081282F082E000C330B2E153F05CD
:104B9000DCF18D198083F4CFFE01EC5AFE4F808149
:104BA000D8019C91980F492F092E000C550B4E15DA
:104BB0005F0534F11C92DE01AA5ABE4F9C91980FFA
:104BC0009C93492F092E000C550B8E0107581F4F3F
:104BD000D8013C913417150619F014F097FF14C052
:104BE0002230D9F481958083CE0139DFB1E0BD1543
:104BF00008F499CFF8018081823008F094CF04C086
:104C000097FD07C0F8019083CDB7DEB7E7E00C94BD
:104C1000ED689FEF9D0D9C93CECFCE0120DFF4CFAA
:104C2000EF92FF920F931F93CF93DF938C01D62FB8
:104C3000F42EE22EC0E0F801E653FF4F8081C81742
:104C400068F4F801EC0FF11DEC53FF4F2E2D4F2DA2
:104C50006D2F80810E94E73FCF5FEDCFCDB7DEB7EC
:104C6000E6E00C94EE68660F771F660F771F272F1C
:104C700040E160E4D5CF0895262F4FE060E4D0CF27
:104C800008950F931F93CF93DF938C01D42FFC01D2
:104C9000E158FF4FC081C13021F08DEF8C0F833080
:104CA000B8F5C8018C5B9E4F0E94C23EE82FD80128
:104CB000A85BBE4F8C91C43039F48695E81718F57F
:104CC000E00FF12FF11D17C0E817E8F4C330C1F76A
:104CD000CE2FCC0FF801EC0FF11DEC53FF4F2D2F11
:104CE0004FE060E480810E94E73F6C2FC8019DDDAA
:104CF000F801E80FF11DEC53FF4F2D2F4FE060E45A
:104D000080810E94E73FDF91CF911F910F9108951D
:104D1000642FC801B1DFF7CF0F931F93CF93DF93B9
:104D2000FC0140A580E0442309F454C0C42FD0E026
:104D30008E010F5F1F4FD801AA0FBB1FA00FB11F1D
:104D4000AE0FBF1F5C919E01220F331FD901AC0F24
:104D5000BD1FAE0FBF1F11969C91961709F43FC05F
:104D6000842F452FE0CF90E00196DC01AA0FBB1FF6
:104D7000A80FB91FAE0FBF1F5C939081DF019996FA
:104D800080E09817B1F05D91541311C0A82FB0E0E6
:104D9000692F6150770BA617B7075CF4AE0FBF1FE2
:104DA0009A964C919A9799964C938F5FEFCF8F5F1D
:104DB000E8CFD801AA0FBB1FA00FB11FAE0FBF1FB6
:104DC0001C92C20FD31FCE0FDF1F8FEF89831A8271
:104DD00091509083DF91CF911F910F910895811190
:104DE000C2CF50A7CACFFF920F931F93CF93DF93E9
:104DF000EC01162F042F90DF88818C3071F4FE01B6
:104E0000CE0184962681211101C0F4803396E817E3
:104E1000F907C1F76F2DCE017FDFFE0181E094819C
:104E20009F3F29F08F5F33968D30C9F780E0282FA0
:104E300030E0A9014F5F5F4FDA01AA0FBB1FA40F3B
:104E4000B51FAC0FBD1F98A59C93F901EE0FFF1F76
:104E5000E20FF31FEC0FFD1F1183028388A79881D7
:104E6000DE01999670E060E0062F691728F59B0136
:104E7000ED916F5F7F4F4E2F50E0FA01EE0FFF1F55
:104E8000E40FF51FEC0FFD1F4181141768F7FE01B9
:104E9000E90FF11D492F50A551A741503197041733
:104EA000D0F32C0F3D1FF90181A79F5F9883CDB7E9
:104EB000DEB7E5E00C94EF68FE01E90FF11DF4CFD9
:104EC000CF93DF93EC01188245E150E070E060E0A1
:104ED00004960E944A6947E050E070E060E0CE012D
:104EE0004B960E944A69198E8FEF89838C838F833A
:104EF0008A878D87888B8B8B8E8BDF91CF910895DE
:104F00000F931F93CF93DF93EC018C0101581F4F38
:104F1000F8019081892F8D7FAE014E5D5E4F81112A
:104F20000CC0CA01CDDFC55ADE4FF80180818883ED
:104F3000DF91CF911F910F910895FE01E653FF4F2E
:104F400020819330E1F430E02F5F3F4F3695279575
:104F5000FE01EC5BFE4F24834F5F5F4F5183408324
:104F60009E01215D3E4F3383228381E0943009F41A
:104F700080E081958583CF010E94AE3ED4CF9530ED
:104F800039F7220FE5CFCF93DF93EC01188244E28B
:104F900050E070E060E004960E944A694CE050E006
:104FA00070E060E0CE018A960E944A6918A6CE01A0
:104FB00087962FEF29832396C817D907D1F7DF915A
:104FC000CF910895CF93DF93EC01FC01E551FF4FA2
:104FD000108284519F4FD7DFCE018E5D9E4F70DFD0
:104FE000DF91CF9108951F93CF93DF93EC01FC01E4
:104FF000E158FF4F80818D7FF9F4CE018E5D9E4F89
:105000005FDFCE0184519F4FBEDF10E0FE01E6530B
:10501000FF4F80811817B0F4FE01E10FF11DEC5332
:10502000FF4F8081E82FF0E0EE58F04F108260E7EC
:105030000E94953F1F5FEACFCE018C5B9E4F0E947E
:10504000AE3EDFCFDF91CF911F910895EF92FF9297
:105050001F93CF93DF93EC01B0DBCE01BCDBFE01ED
:10506000E65AFE4F81E080837E0180E7E80EF11C66
:1050700010E0F70121917F01412F60E3CE01D0DDE7
:105080001F5F1730B1F7FE01E158FF4F9081E452E6
:10509000FF4F8081981721F0CE01A5DFCE0130DFD0
:1050A000DF91CF911F91FF90EF9008951F93CF93C1
:1050B000DF93EC01162F97DFDE01A653BF4F1C9242
:1050C00080E091E0212F292351F0EC9121E02E0F77
:1050D0002C93EC0FFD2FF11DEC53FF4F8083990FA4
:1050E0008F5F863079F7CE010BDFCE012DDBCE014D
:1050F000ADDFDF91CF911F910895B0E0A0E0E3E82C
:10510000F8E20C94D168EC01162F042FFC01E60F95
:10511000F11DD08040837C0186EAE81A8EEFF80A00
:10512000F701808181608083222331F0CE01CEDAC5
:10513000F701808182608083103768F4202F412F2F
:1051400060E2CE016DDD1851183130F1CDB7DEB718
:10515000E7E00C94ED681737B0F4202F40E9410FD9
:1051600060E3CE015DDD183789F7FE01E858FF4F97
:1051700080818130A1F081E0FE01EC5AFE4F8083F6
:10518000CE016DDCE3CF1F3761F40D15F9F2CE01CE
:105190002ADFCE01B5DEDACFCE011DDBD7CF8FEF10
:1051A000EBCF1B3701F7CE0108DBD0CFFF920F9377
:1051B0001F93CF93DF93082FF92ED62F142FC62FCE
:1051C0002D2F210F3327331FC217130674F48C2F92
:1051D00098D98F3F41F061D909D8482F20E06C2F32
:1051E000802F9F2D8ADFCF5FEBCFCDB7DEB7E5E015
:1051F0000C94EF68CF93DF93D82FC92F61110CC0A7
:1052000040E750E066E777E00E940A698D2F9C2F07
:105210009BDADF91CF91089540E760E0C7DFF6CFDA
:105220001F93CF93DF93EC01162FE4DF11110FC012
:1052300044E550E062E277E0CE0180599F4F0E9442
:105240000A69CE0103DFDF91CF911F91089544E5F4
:1052500060E7CE01ABDFF5CF611109C048E450E053
:105260006AE277E088589F4F0C940A69089548E4F1
:1052700068E79CCF0895CF92DF92EF92FF921F9341
:10528000CF93DF93EC01FC01E551FF4F1081111129
:1052900039C0EC56F10980818D7FD1F4CE018E5D4D
:1052A0009E4F0EDE7E018CEEE80EF11CC7016BDE18
:1052B000D12CFE01E653FF4F8081D81678F4FE0111
:1052C000ED0DF11DEC53FF4F8081D7D9D394F1CF71
:1052D000CE018C5B9E4F0E94A43EE4CF6E01EFEAAC
:1052E000CE1AEEEFDE0AF60160816F3F59F0E95DFC
:1052F000F1098081853071F040E0CE01C7D98FEF90
:10530000F6018083DF91CF911F91FF90EF90DF90A6
:10531000CF900895F7018081181788F7E10FF11DEC
:10532000E1A58E2F90E0FC01EE0FFF1FE80FF91FA3
:10533000EE0DFF1D40E06181CE01A8D91F5FEACFCD
:10534000FC01E551FF4F108296CF0895FC018BE5DB
:1053500098E1892B79F0EE0FFF1FE55AF74E859102
:105360009491E62FF0E0EE0FFF1FE80FF91F8591F3
:10537000949108958BE598E108950F931F93CF932F
:10538000DF938C01862FF801EF58FF4F20813CE01E
:10539000230390011124260F311D2038310514F00C
:1053A0002FE730E037FD20E030E8239FE0011124B3
:1053B000F801EC58FF4F2081222349F06CE00E9455
:1053C0002A68692F822F90E0C1DFC80FD91FF8012A
:1053D000EE58FF4F80819E01280F311D87FD3A95C1
:1053E000C901DF91CF911F910F9108958C589F4F64
:1053F000FC01208181E0222379F0862F6CE00E945D
:105400002A68692F822F90E0A1DF9C0181E02F3F65
:105410003F4711F480E0089508950F931F93CF93B1
:10542000DF93FC01418D80E0442309F454C0C42F74
:10543000D0E08E010F5F1F4FD801AA0FBB1FA00F36
:10544000B11FAE0FBF1F5C919E01220F331FD90108
:10545000AC0FBD1FAE0FBF1F11969C91961709F49C
:105460003FC0842F452FE0CF90E00196DC01AA0FCA
:10547000BB1FA80FB91FAE0FBF1F5C939081DF0148
:105480005A9680E09817B1F05D91541311C0A82F7F
:10549000B0E0692F6150770BA617B7075CF4AE0F29
:1054A000BF1F5B964C915B975A964C938F5FEFCFE3
:1054B0008F5FE8CFD801AA0FBB1FA00FB11FAE0F9F
:1054C000BF1F1C92C20FD31FCE0FDF1F8FEF898328
:1054D0001A8291509083DF91CF911F910F9108957F
:1054E0008111C2CF518FCACFB0E0A0E0EAE7FAE263
:1054F0000C94CD68EC01162F042F78DF882309F473
:10550000A4C0402F612FCE01C1D86E012FE7C20E7B
:10551000D11CF60180818D7F09F0A0C07E01FEEDD7
:10552000EF1AFEEFFF0A612FC70177DFF7018081D5
:105530009E012A5D3E4F5901873079F4F901CE0171
:10554000855C9E4F2281211101C090803396E8171F
:10555000F907C1F7692DC70160DFF50181E090818E
:105560009F3F29F08F5F33968830C9F780E0282F5E
:1055700030E0A9014F5F5F4FDA01AA0FBB1FA40FF4
:10558000B51FAE0DBF1DF701918D9C93F901EE0F74
:10559000FF1FE20FF31FEE0DFF1D11830283F701C2
:1055A000818F9081DE01A45CBE4F50E040E0B42EBC
:1055B000491708F04FC09A01ED914F5F5F4F6E2F72
:1055C00070E0FB01EE0FFF1FE60FF71FEE0DFF1D52
:1055D0006181161760F7E92FF0E0E45CFE4FEC0FF5
:1055E000FD1F492FDF015E9150834150FD01B4162C
:1055F000C8F3F701E20FF31F828F81E0890FF701F3
:105600008083612FCE01B9DE5C01F7019080EE242A
:10561000E394E91408F0E12CF601F080FF2009F48E
:1056200061C02E2D402FB501FE01EC53FF4F80814C
:105630000E94C83F31E0391508F08EC0FE01EB58DA
:10564000FF4F8081882309F487C0CDB7DEB7EBE038
:105650000C94E968F701E90FF11DCECF5E01FCEB78
:10566000AF1AFEEFBF0A612FC5010E94D63EF82E89
:105670002FEF821305C0612FC5010E94133FF82E42
:10568000F6018081FE01E85BFE4F9081833009F0D6
:1056900045C0F916D0F6BF2CBB0C612FCE016DDED4
:1056A0006C01FE01EB0DF11DEC53FF4F20E0402F8C
:1056B000BC0180810E94C83FFE01ED58FF4FE08091
:1056C000EC0CFD2CF11C6B2DCE01AFD8FE01E80FC8
:1056D000F11DEC53FF4F20E0402FB70180810E9465
:1056E000C83F3AC010E0FE01E653FF4F8081181713
:1056F00008F0A0CFB5016F0D711DFE01E10FF11D86
:10570000EC53FF4F2E2D402F80810E94C83FFE0199
:10571000ED58FF4F8081F80E1F5FE5CF8530F9F41B
:105720009695F916A0F4612FCE0127DEFE01ED5803
:10573000FF4F2081BC01F29E600D711D1124FE01FE
:10574000EF0DF11DEC53FF4F20E0402FC7CF402F4E
:10575000612FCE010E945623CE0161D976CFF91672
:1057600008F073CFE0CFB0E0A0E0E9EBFBE20C94EF
:10577000CD68EC01162F6F3F09F49AC040E00E94FB
:1057800046237E018FE7E80EF11CD7018C91882318
:1057900049F1823009F44DC0612FCE018C5B9E4FE0
:1057A0000E94603FF7012081E753FF4F233009F04B
:1057B00084C09081891708F07BC0182F110FFE015B
:1057C000E10FF11DEC53FF4F80810E943D23612FBB
:1057D000CE012BD8C80FD11DCC53DF4F88810E943A
:1057E0003D2366C0FE01E653FF4FB0807E01FEED13
:1057F000EF1AFEEFFF0AD7015996EC918E2F90E039
:10580000FC01EE0FFF1FE80FF91FEE0DFF1DD18009
:10581000612FC70102DEF701008101110DC0CC53D9
:10582000DF4F0B1509F444C089910E943D230F5F9F
:10583000F8CFBB24B394DACF1D113AC0E18D8E2F7F
:1058400090E0FC01EE0FFF1FE80FF91FEE0DFF1DAA
:105850006181CE0192DD8C016E01B4ECCB0ED11CC6
:10586000A12C912CBA14F1F0D7015996EC918E2FFE
:1058700090E0FC01EE0FFF1FE80FF91FEE0DFF1D7A
:1058800042814F77B801690D711D21E0F6018191C8
:105890006F010E94C83FFE01ED58FF4F8081980EB6
:1058A000A394E0CFFE01EB58FF4F80818823A9F03D
:1058B000CDB7DEB7EBE00C94E9689081253051F468
:1058C0009695891708F486CF40E0612FCE010E949B
:1058D0005623EECF891760F77DCFCE01A0D8E8CF51
:1058E000AF92BF92CF92DF92EF92FF921F93CF932E
:1058F000DF93EC01162F7ADD882321F17E018BEEF8
:10590000E80EF11CF701808181112FC05E01F7E7DD
:10591000AF0EB11CF5018081833038F56E01FCEECD
:10592000CF0ED11C612FC601F7D9F50180818823E4
:1059300031F0813089F431968081853069F4612FAE
:10594000CE0111DFDF91CF911F91FF90EF90DF909B
:10595000CF90BF90AF900895F60180818111F2CF72
:10596000F7011082CE0187DCEDCFFE01E051FF4F41
:10597000CC5EDE4F8081811305C08181882311F0C8
:10598000806881833396EC17FD07A1F7DBCFB0E089
:10599000A0E0EDECFCE20C94D168EC01062F142F92
:1059A000663209F49AC068F5643009F466C008F5F7
:1059B000613009F457C0242F220F42E1623009F40C
:1059C00054C0802F0E9469228F3F09F451C00E9469
:1059D0004D227C01FC019581D12C9D1509F48EC0CE
:1059E000F7018085801709F489C08681081BD3944C
:1059F000F4CF663031F7411110E8C65BDE4F1883F3
:105A000037C0623609F45BC018F56034D1F180EA22
:105A1000860F8230B0F6FE01E45BFE4FF0808F2DE2
:105A20000E9481228F3F21F10E944D22EF2DF0E054
:105A3000063209F058C0612F0E949E20482F8091A5
:105A4000F10D20E06F2D82FD13C0CE0156DB10C09A
:105A5000633609F0B6CF411110E8FE01E55BFE4F59
:105A6000108337C0242F220F41E160E4CE01D8D843
:105A7000CDB7DEB7E7E00C94ED68242F220F43E1A9
:105A8000F4CFFC01E551FF4F403418F081E08083F2
:105A9000EFCF10828C0100511F4F7C018CEEE81A71
:105AA0008EEFF80AF801818187FF03C06081CE0183
:105AB00017DF0D5F1F4FE016F106A1F7D9CFDC010C
:105AC000A45BBE4FFC01E55BFE4F2081122B1C93B3
:105AD0001082C65BDE4F1882CBCFFC01E65BFE4F27
:105AE0008081182B98CF4FEF003609F441E0EC0F7E
:105AF000FD1F20E060810E94B020A0CF612FC70170
:105B00000E945B20482F8091F10D83FDB1CFF701FA
:105B10008081823038F486816181D89E600D1124A5
:105B200020E093CF00E0212F4D2D60E0C7010E94BF
:105B300090229ECFEF92FF920F931F93CF93DF930C
:105B4000EC01162F042F52DC882329F0011108C024
:105B5000612FCE01C5DECDB7DEB7E6E00C94EE686E
:105B60007E0187E7E80EF11CF70180818330B1F4F4
:105B70009E0120513F4FBE016C5E7E4FCE0184518D
:105B80009F4F26173707D9F02D5F3F4FF901339705
:105B900040814113F3CF612FBFD8DDCF8430D9F2DC
:105BA000402F612FCE0184519F4F1DD9F701808175
:105BB0008111D1CF402F612FCE0196DCCCCF402F69
:105BC000612F11D9C8CFB0E0A0E0E9EEFDE20C945E
:105BD000CC68EC018C0100591F4FD8011C968C91A8
:105BE000882369F0FE01E35BFE4FE081EF71E00F77
:105BF000F12FF11D20894BE060E4CE0111D8F801AE
:105C00008585882379F0FE01E25BFE4FE081E05F4D
:105C1000EF71E00FF12FF11D20894CE060E4CE011F
:105C20000E9410266E01F7E7CF0ED11CD6018C9191
:105C3000823009F040C04E01BCEE8B0E911CF40185
:105C400080818823C9F0EE56F10980818823A1F074
:105C5000EF52FF4F6081C8010E94F422F72E9E018F
:105C60002F5A3E4F5901911144C0D9016C91CE0178
:105C70007ADD8FEFF5018083FE01E35BFE4F90E05C
:105C800080818F5F8193923039F4D6012C9124303A
:105C900019F4803108F086C0DF01A25DB1092C91B2
:105CA000821708F084C09F5F933051F7CDB7DEB7FD
:105CB000ECE00C94E8688430F9F6FE01E258FF4FFE
:105CC000A0809E01205B3E4F7901A11047C0CE010C
:105CD000D2DAD7018C918F5F8C93AA2069F2B4E05D
:105CE000AB9E500111248A151B0434F2F701108277
:105CF000C3CFD4019896EC91F0E09F01220F331F9F
:105D0000E20FF31FE80DF91D0181060F1127111F86
:105D10000C5311090038110514F00FE710E017FFBC
:105D200002C010E000E0E02EF501608181110AC0A0
:105D3000CE0119DD4F2D4F77602FCE01D5DBF50158
:105D4000E0829ACF0617D9F34F2D4F77602FCE01FF
:105D5000CBDBD5016C91CE0106DDF1CFD9018C9161
:105D60006A2D0E942A68B92E9111B3CFCE0183DA31
:105D7000F70180816A2D0E942A68982E990C990C4F
:105D8000692D6B0DC8010E94F422472F992329F039
:105D90004F77CE0184519F4F26D8B394F4E0BF12C1
:105DA000EFCF97CFDE01A15BBE4F1C927CCFDF010E
:105DB0001197FBCFB0E0A0E0E0EEFEE20C94CE68DD
:105DC000EC01FC01E658FF4FE081F0E0EE0FFF1F11
:105DD000E559F64E859194917E012EEAE21A2EEF56
:105DE000F20AF701208131812823392381E0232B16
:105DF00009F480E0D82ED19410E0FE01E653FF4F65
:105E00008081181740F42D2D4DE060E4CE010E94F2
:105E100010261F5FF2CFFE01E958FF4F80818130CD
:105E200019F0833008F472C05E01F8E7AF0EB11CC0
:105E3000F50180818E0104511F4FF8019081992353
:105E400011F0D11010C06E01FFEACF1AFEEFDF0A89
:105E5000F6016081853009F484C0CE0184DC8FEFC7
:105E6000F601808353C0D12C853009F45EC06E01E9
:105E7000FFEACF1AFEEFDF0AF6016081CE0173DC84
:105E8000CE010E948C25FE01EB5AFE4F2081F801C5
:105E9000E20FF11D81A5F50190819330B1F0F3E09F
:105EA0008F9F000D111D1124F80131961081418141
:105EB0004F77FE01EA5AFE4F80812CE0829F100D41
:105EC000112417FF1EC01C50FCCFF80190A5808143
:105ED0008150821B40E0292F30E0841761F02F5F52
:105EE0003F4FF901EE0FFF1FE20FF31FE00FF11F0D
:105EF00090814F5FF0CFF3E09F9F000D111D1124A3
:105F0000D3CF612FCE01F0DAF6011083F701808143
:105F10009181880F991F009709F43DC09183808378
:105F2000CDB7DEB7EAE00C94EA68F8018081D816B4
:105F300098F4ED0DF11DE1A58E2F90E0FC01EE0F20
:105F4000FF1FE80FF91FE00FF11F42814F776181BA
:105F5000CE01CADAD394E9CFCF5ADE4F8CE38883DF
:105F6000D5CF6F3F09F47BCFB12CF8018081B816F3
:105F700008F075CFEB0DF11DE1A58E2F90E0FC012F
:105F8000EE0FFF1FE80FF91FE00FF11F6181CE0137
:105F9000EADBB394EACF81E090E0C0CFB0E0A0E0CC
:105FA000E4EDFFE20C94D068EC01FC01E651FF4FF8
:105FB00080818F5F8083DE01A751BF4F9C9189173D
:105FC000E0F01082E357F1092081E052FF4F808119
:105FD000082E000C990B2817190659F02083CE01C2
:105FE000AFD9CE010E944E25CDB7DEB7E8E00C94C4
:105FF000EC68CE01E8DDCE01DDDE7E019E0123529C
:106000003F4F8E0105531F4F6E0180EEC80ED11C0D
:10601000D7015D96EC91EF3088F5D9018C918F5FB7
:106020008C9313969C911397891708F01C92F0E0BB
:10603000EE0FFF1FEA51F84F85919491F9016081AD
:10604000689FA001699F500D112461E0D80112964C
:10605000ED91FC91E417F50708F460E0F801648322
:1060600053834283FE01E951FF4F608171810E9499
:106070003668D8016D937C9311821082B8E0EB0EE4
:10608000F11C2F5F3F4F0A5F1F4F2C153D0509F094
:10609000BFCFAACF0F931F93CF93DF93EC018881DB
:1060A000823049F178F48823B1F049812DE531E05F
:1060B000429FC001439F900D1124815D9A4F0E9421
:1060C000262804C08330A1F0843079F3DF91CF918A
:1060D0001F910F91089549812DE531E0429FC00144
:1060E000439F900D1124815D9A4F0E94A423EECF0F
:1060F0000E949D1EEBCF29810DE511E0209FC0017C
:10610000219F900D1124815D9A4F0E94A423298123
:10611000209FC001219F900D1124CFCF0E94863F68
:1061200085B1876085B92E9A80E58CBD81E08DBDF3
:106130008093710F0895FC019081933031F021819B
:10614000822F880F820F890F089582E10895809130
:10615000AD039091AE03891B8F77C9F708958FE641
:1061600091E09093CF0D8093CE0D0895282F80E07D
:10617000615038F0E22FF92F9191890F2E2F9F2F28
:10618000F7CF0895AF92BF92DF92EF92FF920F93F5
:106190001F93CF93DF937C01D62EEA01A62EB12C5C
:1061A00068817981A5010E947969088119810A0DA8
:1061B0001B1D198308836D2DC701D8DF682FC80107
:1061C0000E94826988819981019699838883DF91F1
:1061D000CF911F910F91FF90EF90DF90BF90AF9004
:1061E0000895A2E0B0E0E7EFF0E30C94D4681A82DF
:1061F00019820FE215E0AE014F5F5F4F64E5C80101
:1062000080599F4FBFDFAE014F5F5F4F60E7C8010E
:10621000B9DF035A1E4F8DE00D35180761F7AE0147
:106220004F5F5F4F68E387EF94E0ACDF2296E4E0D6
:106230000C94F068B0E0A0E0E0E2F1E30C94CE68EA
:106240007C01D62E8A01A62EB12CFA0160817181C3
:10625000A5010E946169F801C081D181CA0DDB1DD1
:10626000D183C083CE010E947169C82E2196F801A6
:10627000D183C0836D2DC70179DF982F81E09C11F8
:1062800080E0CDB7DEB7EAE00C94EA68A2E0B0E0C7
:10629000ECE4F1E30C94D4681A8219820FE215E061
:1062A00081E0811102C090E013C0AE014F5F5F4FEB
:1062B00064E5C80180599F4FBDDF8823A1F3AE017B
:1062C0004F5F5F4F60E7C801B5DF91E0882359F366
:1062D000892F035A1E4F2DE00D35120711F7992310
:1062E00059F0AE014F5F5F4F68E387EF94E0A2DFA4
:1062F00091E0811101C090E0892F2296E4E00C9496
:10630000F068DC01EC91E53028F4F0E0E85DFE4F48
:106310008081089580E00895FC018081823039F009
:10632000833041F0CF01EDDF90E00C9608958CEDC5
:1063300090E008958CE695E00895FC01808183301B
:1063400059F138F4882391F08130D9F090E080E061
:1063500008958430D9F741812DE531E0429FC00195
:10636000439F900D112481569A4F089541812DE548
:1063700031E0429FC001439F900D1124815D9A4FEF
:10638000089541812DE531E0429FC001439F900D6A
:10639000112489559A4F089587EF94E00895A6E057
:1063A000B0E0E5EDF1E30C94D0687C01C6DF6C0150
:1063B000C701A7DF082F8FE692E6AAE6B0E289833D
:1063C0009A83AB83BC839E012B5F3F4F44E050E038
:1063D000BE016F5F7F4F80ED9DE00E94DD1710E0F2
:1063E000C8010496092E000CAA0BBB0B89839A8363
:1063F000AB83BC839E012B5F3F4F44E050E0BE0166
:106400006F5F7F4F80ED9DE00E94DD1719821A8239
:106410001B821C82F70180818F5F898382818A833E
:106420009E012B5F3F4F44E050E0BE016F5F7F4F06
:1064300080ED9DE00E94DD179E012B5F3F4FA8017C
:10644000B60180ED9DE00E94DD172696E8E00C94F1
:10645000EC68FC0180818330B1F48091CA04909192
:106460008906892B9091E607892B90914309892B06
:106470009091A00A892B9091FD0B892B90915A0D38
:10648000892B8270089521818DE591E0289FF0018C
:10649000299FF00D1124E757F94F8081F2CF08951D
:1064A000A7E0B0E0E6E5F2E30C94D368FC018B01D1
:1064B00087E0DE01119601900D928A95E1F71B822B
:1064C00089818330B1F038F4823059F0CE010196E1
:1064D000F801099502C08430C9F32796E5E00C94D1
:1064E000EF681982CE010196FB01099584E089834A
:1064F000EDCFCE010196FB010995F12CFA82F394C0
:10650000FB821982CE010196F801099584E0898306
:10651000CE010196F8010995F6E0FF12EFCFDDCF2D
:106520001F93CF93DF93182FD92FEBDEC82F88232B
:1065300059F0812F9D2F01DF4C2F50E06091CE0D3F
:106540007091CF0D0E944169DF91CF911F91089505
:10655000B0E0A0E0EEEAF2E30C94CF68B82EC62ECD
:10656000EA01D22EF02EF3DD0AE11AE2F80184915D
:106570000E94E41D0F5F1F4FFAE200321F07B1F7C0
:106580008B2D0E94E41D8C2D0E94E41D10E0FF2045
:10659000E9F0ED2EF12C1C2F1D0FCE0124E0959576
:1065A00087952A95E1F78F700E94E41D8C2F8F70DC
:1065B0000E94E41DC70134E0959587953A95E1F76F
:1065C0000E94E41D8D2F8F700E94E41D7E01ED0C52
:1065D000F11CCE15DF0569F08991180F82958F7037
:1065E0000E94E41DFE01319780818F700E94E41D9E
:1065F000F0CF812F82958F700E94E41D812F8F70C4
:106600000E94E41D87EF0E94E41DA1DDCDB7DEB737
:10661000E9E00C94EB680F931F93CF93DF93EC01A9
:1066200070DE182FCE0189DEAC01888100E0212FB9
:106630006A818F5F8DDFDF91CF911F910F91089558
:10664000EF92FF921F93CF93DF93182F7B018FE27E
:106650008093860D87E69DE1892B79F0DB01EC9133
:10666000F0E0EE0FFF1FE75CFF4D6591749140E293
:1066700050E087E89DE00E94256987E89DE00E9440
:106680005869EC01C957D24F8FEF810F823060F506
:1066900069E07AE2CE010E941369CE010E94586936
:1066A000C80FD91F8EE2888387E69DE1892B79F098
:1066B000D701EC91F0E0EE0FFF1FE75CFF4D659115
:1066C000749143E050E0CE0101960E94256912309A
:1066D00011F48EE789831C8286E89DE0DF91CF91DB
:1066E0001F91FF90EF9008951330D1F56FEF79E28D
:1066F000CE010E941369CE010E945869C80FD91FAC
:10670000F7018081833031F08181805D88838FE261
:1067100089832296F7012481822F90E02223B9F108
:1067200020E0E22FF0E02F5FE35AF24F6AE070E0E2
:106730000E944A688083CB01009799F7822F3C2FF3
:106740009D2F882349F18150E32FF92FA82FB0E026
:10675000A35AB24F9C91905D91933E2F9F2FF1CF02
:106760001111D8CF68EF79E2CE010E941369CE01F2
:106770000E945869FE01E80FF91FD70113968C910A
:106780008F5B8083EF0122968FE28183C3CFFE016E
:1067900080E38193108205C0FE01E20FF11D2330DA
:1067A000C9F740E363E0CE010E942D1723967ACF0C
:1067B000CF93792FC62F682F86E89DE00E941E692F
:1067C000E6E8FDE08191843219F4DF011197CC9362
:1067D0008DE0E63CF807B1F7CF910895A7E0B0E06F
:1067E000E4EFF3E30C94D6681092CD0D1092CC0D2B
:1067F00082E08093CA0D8091C60D8631F0F481311C
:1068000078F58630A0F48823A1F0FE01329696E058
:10681000DF011D929A95E9F781508983CE01019697
:1068200070DD90E09093C90D8093C80D1DC08F302E
:1068300091F083E08093CA0D17C08A3121F030F4C3
:1068400086518330B0F781E090E0ECCF8F3189F74B
:1068500082E090E0E7CF8091C70D90E00296E2CF12
:106860001092C90D1092C80D2796E2E00C94F268C0
:106870002E980E94EE1A1092710F0895A6E0B0E0D3
:10688000E4E4F4E30C94CD68B82EF62E172FE42E32
:10689000022F44DC80ED9DE00E949A1785E08093F2
:1068A000CA0D6E2D8F2D912F83DF2EEE32E041E049
:1068B00066E87DE080ED9DE00E94A517182F81110C
:1068C00020C020E1029F60011124A12CF12CE12CB9
:1068D0004091D70D5091D80D6091D90D7091DA0D7E
:1068E0008091DB0D9091DC0DA091DD0DB091DE0D5E
:1068F000481759076A077B0751F480ED9DE00E9415
:106900009A17B6DF812F2696EBE00C94E96806DC37
:106910009E012B5F3F4F44E050E0BE016F5F7F4F11
:1069200080ED9DE00E94D217182FA2DF00E09A2C84
:10693000900E202F30E08D819E8128173907A0F41A
:1069400081E090E08C0F9D1F280F391FF9016081B5
:106950008B2D0E942540891511F016E1D2CFFFEF53
:10696000EF1AFF0A0F5FE3CFEC14FD0459F486E938
:10697000E82EF12C84EF91E00197F1F781E0E81A1D
:10698000F108C1F7A92CA4CF1F93CF93DF93D82F81
:10699000C92F162FC3DB80ED9DE00E949A1785E07A
:1069A0008093CA0D612F8D2F9C2F02DF2EEE32E0D7
:1069B00041E066E87DE080ED9DE00E94A517C82FCC
:1069C00080ED9DE00E949A1753DF81E0C11180E0C5
:1069D000DF91CF911F9108958F929F92AF92BF92B6
:1069E000EF92FF920F931F93CF93DF93CDB7DEB754
:1069F00061970FB6F894DEBF0FBECDBF082F7B01A5
:106A0000142F8CDBB701802F1BDEB82E092F80EDF1
:106A10009DE00E949A1785E08093CA0D2EEE32E029
:106A200041E06B2D702F80ED9DE00E94A517082F8F
:106A300081111AC09E01205F3F4F44E050E0BE012B
:106A4000645F7F4F80ED9DE00E94D2178C859D850D
:106A5000AE85BF8582359944A644B644C9F080ED21
:106A60009DE00E949A1705E103DF102F812F6196A8
:106A70000FB6F894DEBF0FBECDBFDF91CF911F914F
:106A80000F91FF90EF90BF90AF909F908F900895DF
:106A90009E01205F3F4F44E050E0BE01685F7F4FA2
:106AA00080ED9DE00E94D2179E01205F3F4F44E0A1
:106AB00050E0BE01645F7F4F80ED9DE00E94D217E1
:106AC0008C859D85AE85BF858D349244AB44B3459E
:106AD00031F64091D70D5091D80D6091D90D70913C
:106AE000DA0D8091DB0D9091DC0DA091DD0DB09160
:106AF000DE0D481759076A077B0771F480ED9DE0AA
:106B00000E949A17B5DE112309F4B0CF6AE470E34E
:106B1000C701C6DC10E0AACF9E01205F3F4F44E0D2
:106B200050E0BE01645F7F4F80ED9DE00E94D21770
:106B30009E01205F3F4F44E050E0BE01685F7F4F01
:106B400080ED9DE00E94D2178C859D85AE85BF8526
:106B50008F36F2E69F07FAE6AF07F0E2BF0709F0CB
:106B600045C0112309F487C09E01205F3F4F44E0D8
:106B700050E0BE01645F7F4F80ED9DE00E94D21720
:106B8000FE01339685E0DF011D928A95E9F78C8539
:106B9000815089838D85811126C0F70181818A8387
:106BA000CE010196AEDB082F482F50E070E060E088
:106BB00088859985AA85BB850497A109B1094817DD
:106BC00059076A077B0709F056C0CE010196B5DB6D
:106BD000BC01402F50E09E01205F3F4F80ED9DE0C3
:106BE0000E94D21776CF8150990BD9CF8E3691461D
:106BF000AD46B54609F03FC0D70115966D917C9121
:106C000061157105C1F188849984AA84BB84B0E1BF
:106C10008B169104A104B10428F080E1882E912CF8
:106C2000A12CB12C9E01205F3F4FA40180ED9DE07F
:106C30000E94D217488559856A857B8584169506FA
:106C4000A606B70608F045CF8091D70D9091D80DD4
:106C5000A091D90DB091DA0D840F951FA61FB71F13
:106C6000AC01BD01481959096A097B0980ED9DE015
:106C70000E948F172ECF488559856A857B85809124
:106C8000D70D9091D80DA091D90DB091DA0D480F84
:106C9000591F6A1F7B1FEACFA7E0B0E0E2E5F6E3E9
:106CA0000C94D2688C0187E0F801DE011196019006
:106CB0000D928A95E1F7C8013EDAE82FF0E0ED5831
:106CC000F24FE080EA94ED8241E0BE016F5F7F4FBA
:106CD00083E082DEF82E811107C0C8012CDAE82F8C
:106CE000F0E0ED58F24FE0828F2D2796E6E00C940D
:106CF000EE68A7E0B0E0EFE7F6E30C94D2688C0111
:106D000087E0F801DE01119601900D928A95E1F776
:106D1000C80111DAE82FF0E0ED58F24FE080E3947B
:106D2000ED8241E0BE016F5F7F4F83E055DEF82EBC
:106D3000811107C0C801FFD9E82FF0E0ED58F24FEC
:106D4000E0828F2D2796E6E00C94EE68A7E0B0E095
:106D5000ECEAF6E30C94D4688E010F5F1F4F87E0D6
:106D6000F80111928A95E9F76091C70D80916C0F37
:106D7000662321F0262F2150330BC9018A8380918D
:106D8000C60D8631C8F4813108F059C0863020F430
:106D9000811148C085E04DC08F30E1F7E091CE0D04
:106DA000F091CF0D462F50E0BF016E5F7F4F808185
:106DB00091810E9441693CC08A3129F038F59AEEF0
:106DC000980F933038F7865189836C83E091CE0D0C
:106DD000F091CF0D80818D8386EA9DE09F838E8325
:106DE0006A31A0F14FE050E060E270E086EA9DE099
:106DF0000E944A691092B50D00E020E146EA5DE08C
:106E00006091C70D8091C60DA3DB12C08F3111F6C2
:106E1000E091CE0DF091CF0D4081518101E0262F00
:106E20008FE0F2CF81508983C8017ADBC80132D963
:106E300084E08093CA0D2796E4E00C94F0688151B9
:106E400089836BE073E3C8012BDBF2CF40E0B8012C
:106E500080E0C2DD8111C6CFCFCF282F803F09F55A
:106E60001092CB0D1092CD0D1092CC0D1092CA0D38
:106E70008091CC0D9091CD0DFC01E65EF54DE49135
:106E80002E132EC001969093CD0D8093CC0D0697B6
:106E900050F181E08093CA0D1092CD0D1092CC0D6F
:106EA00008958091CA0D8230F9F0B0F4882301F37F
:106EB0008091CC0D9091CD0DAC014F5F5F4F509301
:106EC000CD0D4093CC0D8A53924FFC01208342306C
:106ED000510549F483CC0895833009F445C00895E1
:106EE00083E08093CA0D08958091CC0D9091CD0DD3
:106EF000AC0156954795E091CE0DF091CF0DE40F82
:106F0000F51F80FF2CC02F708081282B208380915B
:106F1000C80D9091C90D4817590760F4E091CE0D46
:106F2000F091CF0DE40FF51F8091CB0D9081890F6B
:106F30008093CB0D2091CC0D3091CD0D2F5F3F4F25
:106F40003093CD0D2093CC0D8091C80D9091C90D3B
:106F50000196880F991F2817390710F60895222FD8
:106F60002295207F2083E6CF273FA9F4E091CE0D24
:106F7000F091CF0D8091C80D9091C90DE80FF91FC8
:106F800090818091CB0D981306C08091F10D80FD0A
:106F900002C0DCCE089585E0A4CFCF92DF92FF92AD
:106FA0000F931F93CF93DF9300D000D000D0CDB7C5
:106FB000DEB7182F6B01B2D8B601812F41DBF82E56
:106FC000092F80ED9DE00E949A1785E08093CA0DFD
:106FD000113031F011111DC08091F50D8823C9F0D9
:106FE0006F2D702F86EA9DE00E94516986EA9DE030
:106FF0000E945869FC01ED55F24F8EE7808386EAC6
:107000009DE00E941B1866EA7DE08F2D902F0E9464
:1070100047182EEE32E04AE06F2D702F80ED9DE094
:107020000E94A517182F853071F48F2D902F0E9484
:107030001E182EEE32E04AE06F2D702F80ED9DE09D
:107040000E94A517182F111179C082E599E4A6E4D2
:10705000B6E489839A83AB83BC839E012B5F3F4F49
:1070600044E050E0BE016F5F7F4F80ED9DE00E94E5
:10707000DD17C60151D94C96B0E0A0E089839A8310
:10708000AB83BC839E012B5F3F4F44E050E0BE01C9
:107090006F5F7F4F80ED9DE00E94DD178DE492E4ED
:1070A000ABE4B3E589839A83AB83BC839E012B5FFA
:1070B0003F4F44E050E0BE016F5F7F4F80ED9DE0A9
:1070C0000E94DD178EE691E6ADE6B5E689839A83E8
:1070D000AB83BC839E012B5F3F4F44E050E0BE0179
:1070E0006F5F7F4F80ED9DE00E94DD1780E190E0B3
:1070F000A0E0B0E089839A83AB83BC839E012B5FC1
:107100003F4F44E050E0BE016F5F7F4F80ED9DE058
:107110000E94DD17F601658176819E012B5F3F4F4E
:1071200040E150E080ED9DE00E94DD176FEC71E3DF
:10713000C601B6D980ED9DE00E949A1799DB812F98
:1071400026960FB6F894DEBF0FBECDBFDF91CF916C
:107150001F910F91FF90DF90CF90089580ED9DE0FB
:107160000C948C17089580ED9DE00C949E17089563
:107170006FE081EF9DE00E94B6308093000E40E109
:1071800050E06FEE77E081EF9DE00C94796908950F
:10719000CF93DF93C82F40E150E06FEE77E081EFAF
:1071A0009DE00E946169D091000E6FE081EF9DE04B
:1071B0000E94B630D81302C0CC2341F040E150E029
:1071C00060E27AE281EF9DE00E940A69DF91CF914F
:1071D0000895E091340FF091350F87FD03C080E0F2
:1071E0000995089581E0FCCF282F822F8295807F1A
:1071F000880F880F6F73862B90916F03E92FF0E053
:10720000EE0FFF1FEF58FC4F808341839F5F977005
:1072100090936F0308953B98439A8FEF8093450EA8
:107220003A98429A8093440E3998419A8093430E3B
:10723000089580917A0086FDFCCF2091780080919E
:107240007900382F40912D0F842F90E0880F991FDF
:10725000FC01E35EF04F0190F081E02DBF01621B65
:10726000730B77FF03C0B9016E1B7F0BFC01E35F5B
:10727000F04FA081B1816A177B0748F068E070E0A9
:1072800071836083835E904FFC013183208381E0B2
:10729000840F473081F080932D0F80912D0F8770E0
:1072A00090910001892B80937C0080917A0080640A
:1072B00080937A00089510922D0FEFCF0E946F17E0
:1072C00060932E0F70932F0F8093300F9093310F98
:1072D0000895CF93DF93C82FD62F823108F059C07D
:1072E0000E9488448091700380936F03E7DF80E100
:1072F00090E090930E0F80930D0F9093100F80935A
:107300000F0F9093120F8093110F9093140F80938F
:10731000130F9093160F8093150F9093180F80936F
:10732000170F90931A0F8093190F90931C0F80934F
:107330001B0FCD3010F4C0936F0FC093700F8EE011
:10734000C89FB0011124615C754D4EE050E08AE4A5
:107350009FE00E940A6960914B0F70914C0F48E1C9
:1073600050E082E39FE00E940A69E091560FF0E04E
:10737000E85AF04FC083DD2339F0E091320FF091ED
:10738000330F8AE49FE00995E091440FF091450F97
:107390000995DF91CF91089561E09BCF0895CF9338
:1073A000C82F80914A0F91EF980F923038F4809156
:1073B000550FF2DF8C2F0DDFCF9108958D30E0F760
:1073C0008C0F87FD04C08B30A4F380E0F2CF8AE0FD
:1073D000F0CFCF93DF93C82FD0914A0F60E0809118
:1073E000700F77DFE091480FF091490F6C2F8D2FD0
:1073F0000995DF91CF910895A8E0B0E0E2E0FAE3CB
:107400000C94D268F82E09831A832B833C834D8316
:107410005E836F8378878091700380936F034EDF64
:1074200048E150E06BEF7BE282E39FE00E940A6953
:1074300088E0FE013196ADE4BFE001900D928A959F
:10744000E1F7F0924A0F02E31FE0D801ED91FC91C1
:107450008AE49FE00995E092780FD8015296ED9169
:10746000FC9109952896E6E00C94EE6896B180911F
:10747000450E880F93FB992790F9892B8093450E31
:1074800026B19091440E990F22FB222720F9922BCE
:107490009093440E803819F4292F207F49F09038BA
:1074A00049F4807F91E009F090E0892F819508955B
:1074B00081E0089580E0089584FD5B9A9BB18295F8
:1074C000807F9F70892B8BB95A9A08958091020E04
:1074D0009091010E8150891B8F730895CF93C82F0F
:1074E000F5DF8230A8F08091010EE82FF0E0ED5F2B
:1074F000F14F9C2F92959F7090619083CF70C061E7
:10750000C1838E5F8F738093010E82E0CF910895C7
:1075100080E0FCCFCF93C82FD9DF8230B8F09091B4
:10752000010EE92FF0E0ED5FF14F2C2F30E084E009
:10753000359527958A95E1F72083CF70C1839E5FAB
:107540009F739093010E82E0CF91089580E0FCCF6D
:10755000CF93BCDF843008F451C080913104909106
:107560003004891710F410922F0480913104809315
:10757000300480916A0E9091650E482F50E0891377
:107580003FC09091660E97FF3BC0C0911401FA0175
:10759000E559F14F8081082E000C990BC817190688
:1075A000B9F08091680E2091670E30E02F5F3F4F59
:1075B00042175307D1F58823C1F18C2F8FDF8091BB
:1075C0006A0EE82FF0E0E559F14FC0838093670E13
:1075D0008091680E8F5F8093680E90916A0E9F5F16
:1075E00090936A0E883251F41092680E8091690E61
:1075F00091E0980F813019F19093690ECF91089521
:10760000C0912F04CC2361F0882311F0873241F41C
:10761000FA01E554F14F8081C150803209F4B7CFAF
:10762000FA01E554F14FC081B2CF2091690E90E488
:10763000299F90011124822B80686CDFBECF1092AD
:10764000690E10926A0EDACFA5E0B0E0EAE2FBE341
:107650000C94D3687DDF1D8280916F03909170033D
:10766000891B877009F485C080917003E82FF0E0D2
:10767000EE0FFF1FEF58FC4F008111818F5F877065
:1076800080937003C80126E0959587952A95E1F7C8
:10769000382F33703D83802F8F738983F12E0EDE58
:1076A0009D81933049F4A981AF3391F5BFEF1B134E
:1076B0002FC021E02D83D0CF2D81223049F0213001
:1076C00069F0E0913C0FF0913D0F612F898148C036
:1076D000E0913A0FF0913B0F0995EBCF39813111D1
:1076E00007C0E091360FF091370F812F0995E1CF58
:1076F00020916C0F210F822F022E000C990B263047
:1077000014F085E090E097FD80E080936C0FD1CF7E
:10771000E0913E0FF0913F0F898109958111C9CF0A
:107720008091560F998189131DC08091550F833127
:1077300071F4E091380FF091390F60916C0F88E18E
:107740000995882309F4B5CF84E026DEB2CF8431D1
:10775000E1F7E091380FF091390F60916C0F82E200
:107760000995A7CFA981EA2FF0E0E85AF04F808170
:10777000ECCF0E946F1769837A838B839C838091FF
:107780002E0F90912F0F29813A81281B390BC901A7
:107790008132934050F092DDE091420FF091430F1F
:1077A0000995882311F081E08D830E946944882324
:1077B00011F091E09D839091CA0480918906892BF4
:1077C0002091E607822B20914309822B2091A00A69
:1077D000822B2091FD0B822B20915A0D822B80FF52
:1077E00075C09E7F9093CA04E9E8F6E080818E7FA1
:1077F0008083E35AFE4FAEE0E73BFA07B9F740E576
:1078000050E060E270E08BEB9EE00E944A6920E06D
:1078100038E2239FF0011124E554F14F8EEF87A346
:107820008FEF8093650EE091440FF091450F09951D
:107830004FE050E070E060E086E59EE00E944A691B
:10784000E0916C0FF0E0E05DF54DE491E85FF0E071
:10785000EA5AF14F80EF8083E0E3FAE242E75FE02B
:1078600028E73FE09491DA018D91AD01A8E0A90FDE
:10787000B0E0AA5AB14F8695869586959C91892B42
:107880008C9331962417350769F7E091460FF091F4
:10789000470F09958091F70D882361F0E6E5FEE03A
:1078A0002191822F8295DF0111978C93BEE0E536FE
:1078B000FB07B1F74FE050E066E57EE087E49EE02D
:1078C0000E9441692596E5E00C94EF68BD81B111F5
:1078D00096CFAECF5B9808955A9808958091310461
:1078E0008F5F8093310480910C0F882329F0F4DF9F
:1078F000F1DF10920C0F08958091010E9091020E0D
:10790000891B8F7379F081E080930C0F8091020EB8
:10791000E82FF0E0ED5FF14F8F5F8F738093020EE1
:107920008081CACD0895C8DD88E893E10197F1F719
:10793000D3DFD0DF88E99AE30197F1F70895CF9379
:10794000C82F82958F70EFDF8C2F8F70ECDFCF9177
:107950000895CF93DF93539A529A8AB1806F8AB970
:10796000B9DFBADF88EE93E0E4EFF1E03197F1F7A9
:107970000197D1F783E0D7DFC0E1D7E2CE010197CD
:10798000F1F783E0D0DFCE010197F1F783E0CBDFA1
:107990002197F1F782E0C7DF88E2D1DF8CE0CFDF0B
:1079A00086E0CDDF81E0CBDF82E0C9DF10920C0FF3
:1079B000DF91CF910895449A089547980895CF9301
:1079C000DF934498F8DFD8E0C0E0CC0F86B186FBA7
:1079D000882780F9C82B479AF0DFD150B1F7E2E34E
:1079E000F4E090E88191880FDF0111972C2F292373
:1079F00049F48C93969584E0EA33F80799F7DF9180
:107A0000CF9108958160F5CFEF92FF920F931F936E
:107A1000CF9344E050E070E060E089E69FE00E9490
:107A20004A6949E050E066E37AE288E59FE00E9417
:107A30000A69F1DB3F9A3C9A3E98BDDFBEDF48E021
:107A400050E06FEF70E082E394E00E944A69809119
:107A50007A00876080937A0080917A0080688093B2
:107A60007A0010922D0F8091000180937C0080910C
:107A70007A00806480937A0088E090E090930E0F03
:107A800080930D0F9093100F80930F0F9093120F10
:107A90008093110F9093140F8093130F9093160FF0
:107AA0008093150F9093180F8093170F90931A0FD0
:107AB0008093190F90931C0F80931B0F4ADF40E5B2
:107AC00050E060E270E08BEB9EE00E944A6940E586
:107AD00050E06FE370E08BE69EE00E944A691092EE
:107AE0006A0E1092690E1092680E8FEF8093670EE7
:107AF0008093650E1092660E3F9A3C9A3D9A5BDF2A
:107B00004FE050E070E060E086E59EE00E944A6948
:107B1000E0902601F090270188E411DF10E000E0FA
:107B2000F701E00FF11FC4918C2F82958F70806157
:107B3000FADE8C2F8F708061F6DE0F5F1F4F0833E7
:107B4000110571F782E028DC10926D0FCF911F9123
:107B50000F91FF90EF900895B0E0A0E0E2EBFDE31D
:107B60000C94D168C091460E8C2F8F70D82EC5FB17
:107B7000CC27C0F986E5E82E8EE0F82EDC2F11E048
:107B8000DD0FF70182917F01CC2311F08095829562
:107B90008F70D81610F08F3009F4D1601F5F183045
:107BA00069F4459800E809DF8D2F8023B1F0459AEC
:107BB0000695479A1150B9F700DFD0E0F7E4EF16C9
:107BC000FEE0FF06E9F68091460E8F5F8093460E39
:107BD000CDB7DEB7E7E00C94ED684598E9CF0F9399
:107BE0001F93CF93DF9380916E0F8F5F80936E0F03
:107BF00096B18091430E880F96959170892B809352
:107C0000430E34DC482F8823A9F08091320481117F
:107C100006C0440F440F440F81E080936D0F8091A4
:107C2000390460E0811104C080E880936D0F61E049
:107C300081E0DADA8091430E8F3721F441E060E091
:107C400082E0D2DAC0916E0FCF7109F457C08091F3
:107C50006E0F877029F48091660E8F5F8093660E99
:107C6000E8DA60912D0F662309F46CC06150E62FAD
:107C7000F0E0DF01AA0FBB1FA35EB04F4D915C91F6
:107C800093E0569547959A95E1F7EF59F04F80812B
:107C90008417150641F04083643018F483E0861B96
:107CA000682F80E0A1DA8091710F8823F1F00EDC5B
:107CB0008430C0F08CED80932F0410926A0E1092E5
:107CC000690E1092680E80E825DC80912F048150A7
:107CD00005DCE0916A0EF0E0E559F14F80912F0448
:107CE000815080838FE08093550E449835DF63DEAA
:107CF000F5DDDF91CF911F910F91089560DE02E3D2
:107D000014E0D1E0F80181918F018F3741F4809127
:107D10006D0F982F9D2341F08D2780936D0FDD0F00
:107D2000CF5FC83079F793CF8091320467E081113B
:107D300004C081E080936D0F6FE06C1B41E083E035
:107D400053DAEDCF67E093CFFC01448150E070E05F
:107D500060E0808191810C944A690895CF93DF930C
:107D6000EC01F2DF90E08C81981748F4EA81FB8106
:107D7000E90FF11D8150891B80839F5FF4CFDF9154
:107D8000CF910895FC01448130E020E0822F241738
:107D900058F4A081B181A20FB31F9C919F772F5FF0
:107DA0003F4F6913F3CF08958FEF0895FC0144818D
:107DB00030E020E0822F241770F4A081B181A20F5F
:107DC000B31F9C91592F5F77561302C097FD04C0D3
:107DD0002F5F3F4FEFCF8FEF0895CF93DF93DC01FD
:107DE00014968C9114978150282F082E000C330B79
:107DF000982F1296ED91FC91139797FD10C0EF010B
:107E0000C20FD31F4881461731F0E80FF11D87FDDF
:107E1000FA9540838150915021503109EACF608317
:107E2000DF91CF910895FF920F931F93CF93DF932C
:107E3000EC01062FFC801FEFFF20D1F18D818F3FD9
:107E400049F5CE019FDF182F8F3F49F590E080E084
:107E50008F1580F4EA81FB81E80FF91F20812F152F
:107E600038F4E881F981E20FF11D308137FF122FDC
:107E70000196EECF1F3F99F490E080E08F1578F4E3
:107E8000EA81FB81E80FF91F20812F1508F4122FDA
:107E90000196F4CF8F5F8F1588F48D831D81E88163
:107EA000F981E10FF11D00680083612FCE0195DF9C
:107EB000812FCDB7DEB7E5E00C94EF681D82EECFE1
:107EC0000F931F93CF938C015DDFC82FD8011596B8
:107ED0008C9115978F3F89F4CF3F51F0ED91FC9134
:107EE000EC0FF11D80818F7780836C2FC80175DFC7
:107EF0008C2FCF911F910F910895CF3FC9F3ED9132
:107F0000FC91EC0FF11D8FEF8083F2CF80917C0408
:107F100090917D04891B8F71C9F780913A049091EB
:107F20003B04891B8F7191F7089580FF17C09091D2
:107F30003B0420913A049150921B9F71C1F39091A0
:107F40003A04E92FF0E0EE0FFF1FE45CFB4F808363
:107F500061839F5F9F7190933A04089590917D048F
:107F600020917C049150921B9F71C1F390917C04ED
:107F7000E92FF0E0EE0FFF1FE258FB4F8083618393
:107F80009F5F9F7190937C04089560E0CECF089529
:107F90000F931F93CF93DF93C82F162F072FD42F44
:107FA000E82FF0E0EE58F04F408360E1620FBDDF54
:107FB000602F8C2FBADF612F8C2FB7DF6D2F660FEC
:107FC0008C2FB3DFDF91CF911F910F9108951F93F5
:107FD000CF93DF93C82F142FD22FA7DF612F8C2FC1
:107FE000A4DF6D2F8C2FA1DFDF91CF911F9108951A
:107FF000CF93DF93C82FD42F606597DF6D2F8C2F21
:1080000094DFDF91CF910895FF920F931F93CF9349
:10801000DF93C82FF62E072F142F78DF85B1887FC6
:108020008C2B85B9812F0E94601A112349F0CF2D26
:10803000D02F89910E94601A1150FC2E0D2FF5CF80
:10804000CDB7DEB7E5E00C94EF681F93162F95B11E
:10805000987F982B95B9862F8F700E94601A812F78
:1080600082958F700E94601A8EB51F910895CF93EC
:10807000DF93D82FC62F4ADF88E893E10197F1F705
:1080800085B1887F8D2B85B98C2F0E94601A8EB5A3
:10809000DF91CF910895CF93C0E06AEF8C2FE7DF97
:1080A000CF5FC630D1F7CF910895CF93DF93D82F0C
:1080B000C4E06FEF8D2FDBDFC150D9F7DF91CF9197
:1080C0000895CF93C0E08C2FF0DFCF5FC630D9F793
:1080D000CF9108950F931F93CF93DF93C82FE5DFC0
:1080E0006CEF8C2FC4DF08EA11E6C8010197F1F7A5
:1080F0006FEF8C2FBCDFD82F6DEF8C2FB8DFF8011E
:108100003197F1F76FEF8C2FB2DF982F8D2FDF9122
:10811000CF911F910F91089584B1876084B90E9417
:10812000EE1A46E050E070E060E082E79FE00C94D9
:108130004A6908951092780F0895482FE091BD0F75
:10814000F091BE0F8381833099F424818091780F60
:10815000042E000C550B840F952F911D97FD0AC01E
:108160002150330B821793070CF49C012093780F56
:1081700081E0089520E0FACFE091BD0FF091BE0FAD
:108180008381833039F42481660F269F612D112469
:108190006093780F81E00895863069F4E091BD0F17
:1081A000F091BE0F8381823020F08091780F8F5F35
:1081B00010D981E008958730E1F7E091BD0FF0918B
:1081C000BE0F81E09381923098F380E0F1CF8091EF
:1081D000780F8F5FFED881E00895E091BD0FF09198
:1081E000BE0F8381813009F4F4D881E00895EF92C5
:1081F000FF920F931F93CF93DF9338E220E0239FEA
:10820000F0011124E554F14FEF0121964091BD0F8B
:108210005091BE0FDA0113968C91823009F44FC051
:10822000A0F42496811145C0CF01835B9F4F2FE6B8
:10823000DC012C9301962BE6DC012C938FE28183E9
:1082400081E2828386E0838303C019E1833009F0F1
:1082500013E2FA016781708561157105C1F1412F43
:1082600050E0CE010E942569612FCE010E945A176D
:10827000E090BD0FF090BE0FD70119968D919C91A3
:10828000009769F10E945869BC01AB015527212F65
:1082900030E0C901841B950B01968C0F9D1FDC01FA
:1082A000EC91E034B9F02C0F3D1FD901EC93115043
:1082B000ECCF8BE5818389E682838DE5C4CF318362
:1082C0008FE3828389E28383EF012596C1CF80E427
:1082D0008883CECFF701618572850E944169A091A4
:1082E000BD0FB091BE0F13968C911397833011F58B
:1082F0008BE5898F8E01055E1F4F87E69DE1892BF7
:1083000099F0E091780F15968D919C91E80FF92FD7
:10831000F11DEE0FFF1FE959F24E659174914AE08D
:1083200050E0C8010E9425696AE0C8010E94571701
:108330008DE58EA321E038E2239FE0011124E09136
:10834000BD0FF091BE0F8381823060F0C554D14FD4
:1083500048E050E063E17CE2CE014F960E9425693F
:1083600087E08BA3CDB7DEB7E6E00C94EE68E09132
:10837000BD0FF091BE0F8381823080F480EF809337
:108380005D0E80935E0E80935F0E8093600E8093EF
:10839000610E8093620E8093630E089580EF809348
:1083A0005C0E8FE0ECCFCF930E94F34E1092790FCA
:1083B000C0E08C2F0E944D22FC018081823030F47D
:1083C0008091790F9581890F8093790FCF5FCF349A
:1083D00081F7CF910895B0E0A0E0E1EFF1E40C94D3
:1083E000D0680FEF18160CF401E0C0917A0FD0E0BE
:1083F0006E01CC0CDD1CC6018C0F9D1F9C01295009
:108400003B4F7901D9015D968C910E944D22FC0170
:10841000D7015E968C915E97800F87FD11C0958184
:10842000282F082E000C330B9217130649F044F046
:108430005E968C9381E0CDB7DEB7E8E00C94EC68F3
:10844000F601EC0FFD1FE950FB4F158D100F1F3487
:1084500088F7812F0E944D22FC0180818230B0F785
:10846000CC0DDD1DC950DB4F1D8F013011F41E8E68
:10847000E1CF858181508E8FDDCF0F931F93CF93F6
:10848000DF938093C00F92E09093BF0F00917A0F1B
:1084900010E0843069F158F4813099F168F4882350
:1084A00039F181E0DF91CF911F910F9108958530CF
:1084B00041F186508230A8F7660F2091790F629FB4
:1084C000C12D1124D0E08D2F0E944D22DC018C9112
:1084D000823030F5F801EE0FFF1FE00FF11FE95079
:1084E000FB4FD58F15968C91C817C8F4C68FD9CF7E
:1084F00070E024E0759567952A95E1F760937A0F0F
:10850000D0CF660F26E0629F612D1124F801EE0F97
:10851000FF1FE00FF11FE950FB4F648FC2CFC81B54
:10852000DF5FDF3481F6BDCFB0E0A0E0EAE9F2E43E
:108530000C94D068E0907A0FF12CC701880F991F36
:10854000E80EF91E970129503B4F7901F901858DFD
:108550000E944D226C01C8E200E02C2F029F800196
:1085600011240454114F47E250E06BE27CE2C80151
:108570000E94256967E2C8010E945A1721E03C2F3A
:10858000239FE0011124C554D14F47E250E06CE134
:108590007CE2CE0101960E94256980917A0F8F5C62
:1085A0008E8397E09F83F701848D8F5C8D879E87F4
:1085B0009E01215F3F4F09E1468D6FEFC6010E948A
:1085C000D12187E2BE01680F711DFB0132979081B6
:1085D000903211F48150F6CF48E2481BC6010E9448
:1085E000B221CDB7DEB7E8E00C94EC68A7E0B0E0CC
:1085F000ECEFF2E40C94D6681092B80F85E191E0AC
:108600000E949B30E82FF0E0EE0FFF1FE458F04F80
:1086100081818093180185E191E00E949B30E82FD1
:10862000F0E0EE0FFF1FE458F04F808180931901B6
:1086300088EA9FE090931B0180931A011092BF0F6C
:1086400081E08093C00F8093A70F87E0E5E1F1E020
:10865000DE01119601900D928A95E1F740E0BE018E
:108660006F5F7F4F80E00E94EC34882341F040E14F
:1086700050E068EF7CE288EA9FE00E940A69279652
:10868000E2E00C94F268A7E0B0E0E9E4F3E40C94D3
:10869000D1681092A40F00911901D0901801FD2CFF
:1086A000E02E85E191E00E949B30E82FF0E0EE0F94
:1086B000FF1FE458F04F808191818E159F0509F4CA
:1086C0004EC0809115018230E9F4E091160184E0FA
:1086D000E89FF0011124E950FB4F10811111115056
:1086E0008091F20D843071F44D2D4F7760E2812F2F
:1086F000806B0E94D81D602F6F774EEF812F806CAA
:108700000E94D81D87E0E5E1F1E0DE0111960190BD
:108710000D928A95E1F78091FB0D882351F0CE01EF
:1087200001960E942932882321F0CE0101960E94F1
:108730004F3241E0BE016F5F7F4F80E00E94EC341A
:10874000882389F081E08093A70F40E150E068EF33
:108750007CE288EA9FE00E940A690E94C618279678
:10876000E7E00C94ED681092A70FF7CFA7E0B0E018
:10877000ECEBF3E40C94D4684091B80F442329F057
:108780009091BF0F913009F0A0C0E091C00F282F49
:10879000082E000C330BE1112DC090911801290F08
:1087A000311D97FD3A952A31310514F029E130E069
:1087B00037FD20E020931801413009F041C090912D
:1087C000BF0F911112C02091C00F082E000C990B01
:1087D000820F911D27FD9A958131910514F080E15A
:1087E00090E097FD80E08093C00F81E02796E4E061
:1087F0000C94F068E13071F490911901290F311D4A
:108800002038310514F02FE730E037FD20E02093C9
:108810001901D2CF0E2E000CFF0BEA55F04F9081BC
:10882000290F311D97FD3A952038310514F02FE7B7
:1088300030E02032310514F420E230E02083BCCF58
:108840004111D3CF8091180100911901182F85E1B2
:1088500091E00E949B30E82FF0E0EE0FFF1FE458FC
:10886000F04F808191818017910709F4BECF8091EC
:10887000FA0D2AE0829FC0011124892B11F403DF35
:10888000B4CF87E0E5E1F1E0DE01119601900D92B1
:108890008A95E1F740E0BE016F5F7F4F80E00E9464
:1088A000EC34882341F040E150E068EF7CE288EA54
:1088B0009FE00E940A690E946F177093A30F609354
:1088C000A20F81E08093A40F90CF413009F477CFBD
:1088D0008CCFCF93DF93C091FA0D0E946F17462F74
:1088E000572F8091A40F882381F08AE0C89FE00170
:1088F00011242091A20F3091A30F421B530B80E053
:108900004C175D0710F0BFDE81E0DF91CF91089535
:108910008091A40F8111B7CE08958091B80F811175
:1089200008C08091C00F8F5F81708093C00F81E07D
:1089300008950E94014FFBCFCF93DF93EC01E091AC
:108940001501E33039F464ED7CE20E941E69DF9189
:10895000CF91089587E69DE1892B61F0F0E0EE0F5D
:10896000FF1FE15DFF4D659174914EE050E0CE0137
:108970000E942569809116018F5C8B83E8CFEF926E
:108980000F931F93CF93DF93CDB7DEB728970FB622
:10899000F894DEBF0FBECDBF9091A60F911180C09D
:1089A000883038F5E82FF0E0EA54F6490C949B68DB
:1089B00080911501833051F51092150185E191E008
:1089C0000E949B30E82FF0E0EE0FFF1FE458F04FBD
:1089D00081818093180185E191E00E949B30E82F0E
:1089E000F0E0EE0FFF1FE458F04F808180931901F3
:1089F000FDDD81E028960FB6F894DEBF0FBECDBF37
:108A0000DF91CF911F910F91EF9008958F5F809329
:108A10001501D4CF88EA9FE08FDF88E0EEE1F1E036
:108A2000DE01119601900D928A95E1F7E090A50F75
:108A300009811A812B813C814D815E816F8178850E
:108A400081E00E94FC39D5CF6BE073E385E191E0D2
:108A50000E945032CECF81E08093B80F92E0909385
:108A6000C00F8093BF0F4FE050E068EF7CE288EAD0
:108A70009FE00E94FD68892B09F0BBCF4FE050E0DA
:108A800060E270E088EA9FE00E944A69B2CF61E04C
:108A90008EE00E946939ADCF81E08093A60FA9CF07
:108AA000823029F128F481110CC061E08FE0F1CF10
:108AB000863001F1873009F09CCF61E080916F0F23
:108AC000E8CFFE01329687E0DF011D928A95E9F733
:108AD0008AED9CE2482F9E838D83E12C02E01A816F
:108AE0002B813C815E816F81788583E0AACF61E034
:108AF00081E1CFCF81E098279093A60F7ACF809124
:108B00006C0F90911601981304C090917B0F9923DC
:108B100029F08093160110927B0F68CD08950F9372
:108B20001F93CF93DF93EBDF20E038E2239FE00138
:108B30001124C554D14F8E010F5F1F4FC801FCDEB9
:108B40006FE0C8010E945A178091A70F882331F067
:108B50008091B80F811102C085EA8F87809118013A
:108B60008F5B888B8E010F5E1F4F20911901822F22
:108B700090E0211106C0FE01729680E3898B10827D
:108B800025C020E0E22FF0E02F5FE35AF24F6AE0C9
:108B900070E00E944A688083CB01009799F7822F8A
:108BA000302F912F882369F08150E32FF92FA82FC0
:108BB000B0E0A35AB24F9C91905D91933E2F9F2FAE
:108BC000F1CFF801E20FF11D2330C9F640E363E075
:108BD000C8010E942D1765964FE050E068EA7FE0DB
:108BE000CE010E9441696FE0CE010E945A17809128
:108BF000B80F21E038E2239FE0011124C554D14F82
:108C0000811132C0CE0101962091A60F47E250E0BB
:108C1000222309F16CEA7CE20E94256987E08D83BA
:108C20008A8787E08BA39091B80F80E2913029F476
:108C30008091BF0F882349F18FE5809314018091C3
:108C4000C00F811124C080E18093650EDF91CF9128
:108C50001F910F91089564E87CE20E94256987E0E6
:108C60008A878F878C8BDDCF47E250E06CE57CE212
:108C7000CE0101960E94256987E08D838A878F87C0
:108C80008C8B898F9FE79E8BCDCF8FEFD6CF813096
:108C900029F48FEF9130C1F683E1D6CF8D5ED4CF2A
:108CA00080EF80935D0E8FE080935C0E8091B80F13
:108CB00081110EC08091A60F81110BC085E026E5C1
:108CC0003EE0F9019FE091939E2F921B9817D0F3FD
:108CD000089583E0F4CFEF920F931F93CF93DF9328
:108CE000CDB7DEB728970FB6F894DEBF0FBECDBF65
:108CF00088E0FE013196DF011D928A95E9F78AE44A
:108D00009CE2482F9E838D83E12C09811A812B815F
:108D10003C815E816F81788582E00E94FC392896D3
:108D20000FB6F894DEBF0FBECDBFDF91CF911F917C
:108D30000F91EF900895883078F4E82FF0E0E25436
:108D4000F6490C949B68E091C00F0E2E000CFF0BAF
:108D5000EA55F04F81E4808381E00895E091C00FEF
:108D60000E2E000CFF0BEA55F04F81E6F4CFE09198
:108D7000C00F0E2E000CFF0BEA55F04F81E3EBCF36
:108D80008091C00F082E000C990BFC01EA55F04FA2
:108D900020E22083019606C08091C00F082E000CAF
:108DA000990B01978131910514F080E190E097FDD6
:108DB00080E08093C00FD0CF8091C00F082E000CB0
:108DC000990BE8CF65E171E080E00E94CD37811119
:108DD00004C00E94C6180ADCBFCF7DDFBDCFCF9391
:108DE000C82F8091B80F811105C092DD8C2FC7DD8F
:108DF000CF9108958C2F9FDFFBCFCF93813029F047
:108E0000833009F44BC0CF910895662341F18FEF71
:108E1000860F8093A50FC1E0613009F0C0E085E1C5
:108E200091E00E944F3280911501823041F190F41F
:108E300090911601811115C04DE551E0949F90016C
:108E4000959F300D11246C2FC901815D9A4F0E94AE
:108E5000FA2805C0833019F48C2F0E94A51EC6DBAA
:108E6000D2CF4DE551E0949F9001959F300D112494
:108E70006C2FC901815D9A4F0E942C29F0CF40913F
:108E800016012DE531E0429FC001439F900D112452
:108E90006C2F815D9A4F0E941029E1CF662309F45F
:108EA000B2CF8FE380932F041092310410923004DC
:108EB0000E94F130A8CFCF931092A60F80916C0F33
:108EC0008093160123D885B1876085B92E9A80E5F5
:108ED0008CBD81E08DBD8093710F8EEE92E00E947B
:108EE000E817C82F2E980E94EE1A1092710FC11128
:108EF000F2DE7CDB10927B0F81E08093A50FCF9197
:108F00000895CF93C82F1092B90F60E08CE59DE2D1
:108F10000E94C434882329F08091B90F8160809326
:108F2000B90F61E36C0F80E59DE20E94C434882391
:108F300029F08091B90F82608093B90FCF91089585
:108F40001092C00F80E0DDCF08952091C00F082E51
:108F5000000C990B820F911D27FD9A9597FD0AC071
:108F60008830910514F087E090E08093C00FC9DF4E
:108F700081E0089580E0F9CFCF93DF93C82F8091EF
:108F8000B90F81FF1EC06BEF8C2F71D888EE93E074
:108F9000E4EFF1E03197F1F70197D1F7DAEF6BEFFA
:108FA0008C2F65D8282FD150D1F7882351F041E379
:108FB0004C0F64E47DE28C2F0E943E346BEF8C2FCB
:108FC00056D8DF91CF910895CF938330C1F0873089
:108FD00039F181111AC08091B90F80FF16C061E08C
:108FE0008FEF97E00E94826988E198E00FB6F894CD
:108FF000A895809360000FBE90936000FFCF809192
:10900000C00FC0E0863024F4B7DF81E0CF9108952F
:109010008C2F77DF8C2FB0DFCF5FC630C9F7F5CF4D
:1090200061E080916F0F0E946939EFCFFC0186E704
:109030008083862F82958F70805D81838EE282830C
:109040006F70605D638308950F931F93CF93DF93D9
:1090500020E038E2239FE0011124C554D14F48E0BD
:1090600050E06BE37DE2CE0101960E940A6986E73B
:109070008B8701E30C878EE28D8785E38E8741E144
:1090800050E069E27DE2CE0140960E940A6980913B
:10909000C00F20D8692F182F9091C00F9F5C9D8B17
:1090A000113009F044C00E8FCE018496BFDF80914D
:1090B000C00F863041F443E050E065E27DE2CE012E
:1090C0004E960E940A6987E08F8721E038E2239F4D
:1090D000E0011124C554D14F8091B90F80FF08C021
:1090E00047E050E06DE17DE2CE0101960E942569E6
:1090F00087E08F878091B90F81FF0CC0CE01409629
:1091000047E050E065E17DE2111102C06DE07DE2D3
:109110000E94256944E050E068E07DE2CE0184963B
:109120000E942569DF91CF911F910F91089510E062
:10913000BECF80EF80935D0E8091B90F80FF03C09A
:109140009FE09093560E81FF03C08FE08093590EED
:109150000895F6CE0895F9CE089536CF089574CFC8
:109160000895E7CF0895EF92FF920F931F93CF9347
:10917000DF93D82FC92F162FF42EE22E0E94BA2289
:10918000682F202F4E2D8D2F9C2F0E94B020282F2E
:1091900001E04F2D612F8D2F9C2F0E949022CDB783
:1091A000DEB7E6E00C94EE68E82F8830C0F48091DA
:1091B000BD0F9091BE0FE80FF92FF11D838190E153
:1091C000980F983050F48F7090E0FC01EE0FFF1F65
:1091D000E80FF91FE950FB4F858D8F3408F08FEFB2
:1091E0000895E091BD0FF091BE0FE80FF11D83814E
:1091F00090E1980F983058F48F7090E0FC01EE0FDA
:10920000FF1FE80FF91FE950FB4F848D08958091EF
:109210006C0F0895E091BD0FF091BE0FE80FF11DA6
:10922000838190E1980F983058F48F7090E0FC01A2
:10923000EE0FFF1FE80FF91FE950FB4F868D0895D1
:10924000883F60F40E944D22DC011796EC91EF3FBD
:1092500039F0F0E0E759F04F808108958FEF0895DD
:1092600080E00895FF920F931F93CF93DF93D82F41
:10927000C091C00F8091BF0F8823E1F08C2F94DF45
:10928000182F8F3F71F08C2FC5DFF82E8C2FA9DFA0
:10929000C82F812F0E944D2200E02D2F4F2D6C2FC3
:1092A00062DF81E08093BF0F81E0CDB7DEB7E5E0FC
:1092B0000C94EF68CD0F2091BD0F3091BE0FC830D8
:1092C00050F4F901EC0FF11DC7FDFA9583818F3F32
:1092D00041F4CD0FF4CF8FEFC7FF81E00E94CF396B
:1092E000E3CFC093C00FE0CF811106C08FEF809312
:1092F000C00F81E0B7CF089588E08093C00F8FEF53
:10930000F9CF71D58FEF8093C00F81E0ABDF109262
:10931000BA0F08958091C00F883090F4E091BD0F8E
:10932000F091BE0FDF01A80FB11D87FDBA9513960E
:109330009C91985F923030F461E083850E94693996
:1093400081E0089531DF8F3FD9F35BC508950F9316
:109350001F93CF93DF93162F0E944D22EC0140E024
:10936000612F0E94BA229C81891768F001E020E0F9
:1093700040E0612FCE010E94902281E0DF91CF91E9
:109380001F910F91089500E021E040E0612FCE0190
:10939000EADE80E0F3CFB0E0A0E0E1EDF9E40C9488
:1093A000D168C82FD62F883088F4E091BD0FF09196
:1093B000BE0FDF01A80FB11D13968C9198E0980F96
:1093C000923088F4883F41F4603540F481E0CDB7B5
:1093D000DEB7E7E00C94ED686033C0F761E08385A9
:1093E0000E946939F3CF8C2FDFDE8F3F79F30E9423
:1093F0004D227C018091F40D882331F101E010E0D1
:109400000C2E02C0000F111F0A94E2F78091BA0FD0
:109410008023D1F48C2FFEDED82E8C2FE2DE682F35
:109420004D2DC7010E94BA22682F4D2FC7010E94FF
:109430007120811104C0F7018081843039F6809158
:10944000BA0F082B0093BA0FC093C00F8C2FE2DE27
:10945000182F8091C00FC5DEC82F6D2FC7010E9445
:109460005B20282F01E0412F6C2FC7010E94902222
:1094700082E08093BF0FAACFAF92BF92CF92DF92CC
:10948000FF920F931F93CF93DF938091BF0F8111B2
:1094900070C092E0F92ED12CC12C0C2D11E0F3E01C
:1094A000FC1508F010E0F11661F1802F7DDE902FA1
:1094B00093702AE0929F902D112428E2129FE001E0
:1094C0001124C90FD11DC554D14F9111AAC097E0E5
:1094D0009A87E091BD0FF091BE0FEC0DFD1D9381B9
:1094E00046E050E06FE67DE2983F39F0993F09F0A1
:1094F0009EC046E050E068E67DE2CE0104960E9400
:109500002569FFEFCF1ADF0A28E0C216D10409F05F
:10951000C4CFA091BD0FB091BE0F90E021E0943078
:1095200008F420E0F216B9F038E2239F90011124EC
:1095300013968C9113978F3F71F4892F8370EAE013
:109540008E9FE02D1124E20FF32FF11DE554F14F12
:1095500080E2808382879F5F11969830F9F6DF91D1
:10956000CF911F910F91FF90DF90CF90BF90AF9060
:1095700008958091F30D882309F48BCFC091C00F1B
:109580008C2F12DEFF24F394C4300CF4F12C48E24B
:109590002F2D249FE00111248F3F09F47ACF0E94E0
:1095A0004D226C01FC018081843009F472CF10914E
:1095B000C00FE091BD0FF091BE0FE10FF11D17FD3F
:1095C000FA958381807F803F41F5812F0ADEA82EA6
:1095D000C554D14F812F1EDE482F9E012F5F3F4F74
:1095E00003E16A2DC6010E94D12187E08C8B809116
:1095F000C00F10DE182F8091C00FF3DD682F412FB0
:10960000C6010E94BA22682FAE014B5E5F4F07E091
:109610002BE0C6010E941E223ECFAA24AA94B12CA0
:10962000D7CF27E028839E3109F453CF50CF8F3F07
:1096300009F467CF0E944D225C01802FEBDD182FCB
:10964000802FCFDD682F412FC5010E94BA22682FDD
:10965000F501808102E026E0843011F004E024E08E
:10966000AE014F5F5F4FC5010E941E228091C00F67
:10967000082E000C990BC816D90609F042CF898133
:109680009FE9980F9A3108F03CCF8052898339CFF7
:10969000CFD3E091BD0FF091BE0F80818330B9F43C
:1096A00040916C0FE091690F2DE531E0429FC001C0
:1096B000439F900D1124815D9A4FE80FF92FF11D02
:1096C000ED51FF4F8081807F8093640E08958091DB
:1096D000EC048823D9F38091ED048370B9F780EF0F
:1096E000F3CF1F93CF93DF93182F8091EC04811158
:1096F00002C00E94EC1ECFE2D5E044E6612FCE010D
:109700000E949A2DC35ADE4F8DE0CD35D807A9F7B8
:10971000DF91CF911F9108951F93CF93DF93182F5F
:10972000CFE2D5E0612FCE010E94702CC35ADE4FEC
:109730008DE0CD35D807B1F7DF91CF911F91089516
:10974000CF93C82F8091BB0F8823A9F080911C0173
:109750008F3720F41C1624F0882361F0C7FF0AC05D
:109760008C0FBFDF80911C01D7DF80911C01C80FD7
:10977000C0931C0181E0CF91089580911C019091CC
:10978000BB0F911106C0ADDF81E08093BB0F81E07C
:109790000895C2DF1092BB0FFACF80EF80935C0E6A
:1097A0008091EC04882369F0E091ED04E83018F032
:1097B0008FE08093640EE770F0E0EA5AF14F83E0A7
:1097C000808308959B01009729F4FB0180E3819336
:1097D000108225C040E0E42FF0E04F5FE35AF24FE3
:1097E0006AE070E00E944A688083CB01009799F795
:1097F000842F522F932F882369F08150E52FF92F62
:10980000A82FB0E0A35AB24F9C91905D91935E2F28
:109810009F2FF1CFF901E40FF11D4330C9F60895F0
:10982000CF93DF93EC01FA0170E0660F771F605E63
:109830007F4F6F73862F90E0DE01A80FB91F5096FF
:109840004C9150970196C80FD91F309739F44F7734
:1098500050964C93188ADF91CF91089540685096A6
:109860004C93E158E88BF7CF8091BF0F882339F0F4
:109870001092BF0F84E08093C00F81E0089581E0D3
:109880008093BF0FFACF90916C0F2DE531E0929F3E
:10989000F001939FF00D1124E15DFA4FE60FF11DE9
:1098A000E458FF4F9081992321F0891718F0891B04
:1098B000FCCF80E00895CF93DF93D82FC62F8091FF
:1098C000BF0F8823A9F18091BC0F9091C00F9430F5
:1098D0000CF4815087FD2FC062E0D5DF90916C0FB2
:1098E000282F30E0220F331F205E3F4F2F7330E0D0
:1098F0004DE551E0949FF001959FF00D1124E15D3D
:10990000FA4FDF01A20FB31FA058BF4F9C91907870
:109910009D2B9C93E20FF31FEF57FF4F6081607800
:109920006C2B608362E08F5FAEDF8093BC0F81E0C1
:10993000DF91CF91089580E0FBCFCF93DF93D82FB5
:10994000C62F8091BC0FD093C00FD43068F48150E3
:1099500087FD06C0D13009F445C040F4DD2319F17C
:1099600081E0DF91CF910895D450F2CFD250D23020
:10997000B8F76D2F88DF20916C0F90E1D99FB0016F
:109980001124680F711D6F718DE591E0289FF00122
:10999000299FF00D1124E15DFA4FE60FF11DE0580B
:1099A000FF4FCC0F1DC062E06EDF40916C0FE82FBF
:1099B000F0E0EE0FFF1FB096EF732DE531E0429F10
:1099C000C001439F900D1124815D9A4FE80FF92F3C
:1099D000F11DE058FF4FC695C85E60816078C62BC8
:1099E000C083BECF62E04FDF682F4C2F50E0440FA2
:1099F000551F70916C0F2DE531E0729FC001739F70
:109A0000900D112481569A4F0BDFAACFCF93DF938D
:109A1000C82F8091BC0F9091BF0F911140C08C0F47
:109A200087FD30C090916C0F692F70E04DE551E0DB
:109A3000949F9001959F300D1124F901E555FA4F3F
:109A400024553A4FD9019C912081291708F4292FD8
:109A50004DE551E0649FF001659FF00D749FF00D9E
:109A60001124E355FA4F9081921708F4922F282F72
:109A7000082E000C330B9217130659F054F0809304
:109A8000BC0F03C08FEF0E94CF3981E0DF91CF91EF
:109A900008958FEF890F1C1694F781E0F4CF91E0C1
:109AA0009093BF0FD091C00FD43058F5815087FDEF
:109AB000ECCFD13009F450C030F5D111E6CF62E0DF
:109AC000E2DE40916C0FE82FF0E0EE0FFF1FB09642
:109AD000EF732DE531E0429FC001439F900D1124AB
:109AE000815D9A4FE80FF92FF11DE058FF4F9081EB
:109AF000892F8F77C80FC7FDC8CF90789C2B908394
:109B0000C4CFD450D4CFD250D23008F0BECF6D2FB6
:109B1000BADE20916C0F90E1D99FB0011124680F3B
:109B2000711D6F718DE591E0289FF001299FF00D67
:109B30001124E15DFA4FE60FF11DE058FF4F8081DF
:109B40000C2E000CDD0BC80FD11DCF3FD10511F03D
:109B500008F09BCFC08399CF62E095DE682F4091DB
:109B60006C0FE42FF0E0282F30E0220F331F205E2F
:109B70003F4F2F73ADE5B1E04A9FC0014B9F900D61
:109B80001124815D9A4F280F392F311DD901A0581A
:109B9000BF4F8C9150E040E087FF08C02F573F4FE8
:109BA000D9014C91405850E04F5F5F4F4C0F511D11
:109BB000C7FD5A954130B1E05B0708F066CF2DE54F
:109BC00031E0E29FC001E39F900DF29F900D1124C0
:109BD00081569A4F25DE59CF06D184E08093C00F7D
:109BE00080E014CF0895811103C01092BC0F089536
:109BF0008FE78093BC0F8FEF09CF0895CF92DF924C
:109C0000FF920F931F93CF93DF9300E028E2029F10
:109C1000E0011124C554D14F1091BC0F100FFF2447
:109C2000FA94F10E48E250E060E270E0CE010E944A
:109C30004A69F7FCC0C080E389831A3030F01A50BB
:109C400089818F5FF9CF01E0E1CF105D1A8362E077
:109C50008F2D19DE97E09B839A87811103C095EAC7
:109C60009B879C8360916C0F90E0880F991F809672
:109C70008F734DE551E0649F9001659F300D112475
:109C8000215D3A4F820F932F911DFC01E058FF4F49
:109C9000D0808F579F4FFC011081D7FE85C0BE0139
:109CA0006B5F7F4F8D2D8F770E94202180E2888708
:109CB000D7FE7EC084E017FF81E08F871F776E019B
:109CC000F0E1CF0ED11CB601812F90E07BDD63E087
:109CD000C6010E94571760E08F2DD5DD90916C0F63
:109CE000E82FEF714DE551E0949F9001959F300D65
:109CF0001124215D3A4FE20FF32FF11DE058FF4F81
:109D00009081811102C085EA8D8B6E012AE1C20E1D
:109D1000D11CB601892F90E055DD63E0C6010E9499
:109D2000571787E08C8B61E08F2DADDD90916C0F24
:109D3000E0E1E80FEF714DE551E0949F9001959FB0
:109D4000300D1124215D3A4FE20FF32FF11DE05841
:109D5000FF4F9081811102C085EA8F8F6E0184E2EE
:109D6000C80ED11CB601892F90E02CDD63E0C6013E
:109D70000E94571787E08E8F013009F064CF8091E1
:109D8000BF0F9FE5811101C09FEF909314018111D6
:109D90001BC08FEF8093650EDF91CF911F910F91C4
:109DA000FF90DF90CF9008958DE28E838F837ECFDA
:109DB00085E08F8790CF45E250E066E77DE2CE01F7
:109DC00003960E940A69D8CF8091C00F90E084303A
:109DD00010F0845098E29C5FEAE08E9F900D112471
:109DE0008695890FD7CF9093BE0F8093BD0F1092A9
:109DF000BF0F1092C00F0895089581E0089580E08C
:109E000008958091BF0F882321F01092BF0F81E049
:109E1000089581E08093BF0FFACF81E0089580918B
:109E2000BF0F823011F41092BF0F81E008950895A2
:109E3000E091BD0FF091BE0F8585E485F0E0EA5A10
:109E4000F14F80830895AEE0B0E0E9E2FFE40C94C6
:109E5000D568182F883008F484C082E088871A8675
:109E60001B861C861E861D8680916C0F89870E942A
:109E7000863F85B1876085B92E9A80E58CBD81E0EB
:109E80008DBD8093710F8EEE92E00E94E8172E98A0
:109E90000E94EE1A1092710F1A3009F448C048F46B
:109EA0001830A9F0193009F181E02E96E3E00C9406
:109EB000F1681E30C9F78BE280932F0410923104B1
:109EC00010923004CE0108960E944F32EDCF84E408
:109ED00080932F041092310410923004BE01685F09
:109EE0007F4F81E00E94CD37DFCF84E580932F0440
:109EF000109231041092300487E0FE013896DE01A2
:109F0000119601900D928A95E1F7CE0101960E947B
:109F10004F32BE016F5F7F4F81E00E94CD3741E03D
:109F2000BE016F5F7F4F82E00E94EC34BDCF81E5C0
:109F300080932F04109231041092300487E0FE01C8
:109F40003896DE01119601900D928A95E1F7CE01C7
:109F500001960E944F3241E0BE016F5F7F4F81E06A
:109F6000E3CFE091BD0FF091BE0F80818F50823022
:109F700010F40E94B83880E098CF61E080916F0FB4
:109F80000C9469390895A7E0B0E0E9ECFFE40C9483
:109F9000D668883008F03FC0E82FF0E0EA53F64971
:109FA0000C949B6865E171E081E00E94CD37E5DFAC
:109FB00032C087E0E5E1F1E0DE01119601900D92FB
:109FC0008A95E1F7CE0101960E944F32BE016F5F84
:109FD0007F4F81E00E94CD3741E0BE016F5F7F4F30
:109FE00082E00E94EC34E3CF87E0E5E1F1E0DE01BE
:109FF000119601900D928A95E1F7CE0101960E948B
:10A000004F3241E0BE016F5F7F4F81E0EACF85E1D3
:10A0100091E00E944C3681E02796E2E00C94F268D1
:10A0200085E191E00E947936F6CF85E191E00E94CA
:10A030004F32BDCF0F931F93CF93DF930E947F4585
:10A0400020E038E2239FE0011124C554D14F8E0156
:10A050000F5F1F4FC8010E949C446FE0C8010E941F
:10A060005A1747E050E064EC7DE2CE0146960E942C
:10A0700025699E01225E3F4F80911501E2E1833008
:10A0800031F090911601E92FEE0FE90FE80FF0E0A3
:10A09000ED58F24F4081842F90E0411106C0FE013F
:10A0A0007F9680E38E8F108225C040E0E42FF0E0A1
:10A0B0004F5FE35AF24F6AE070E00E944A68808383
:10A0C000CB01009799F7842F522F932F882369F0A3
:10A0D0008150E52FF92FA82FB0E0A35AB24F9C91E1
:10A0E000905D91935E2F9F2FF1CFF901E40FF11D49
:10A0F0004330C9F663E0C9010E94571721E038E2F6
:10A10000239FE0011124C554D14F47E250E06CE990
:10A110007DE2CE0101960E94256987E08D838A87C2
:10A12000898F8E8F8BA3DF91CF911F910F9108950F
:10A13000E6E5FEE080EF87838FE080838183828382
:10A14000848385838683138208950E94863F85B128
:10A15000876085B92E9A80E58CBD81E08DBD8093A6
:10A16000710F8EEE92E00E94E8172E980E94EE1A70
:10A170001092710F85E191E00E944F3285E191E0EC
:10A180000C944C3608959091C00F2091BF0F22235C
:10A1900021F0943014F466C80895890F87FF05C034
:10A1A0008FEF0E94CF3981E008958A3014F081E06A
:10A1B000F8CF8093C00FF7CF811106C08FEF809347
:10A1C000C00F81E0E0CF089589E08093C00F08952B
:10A1D00098D88FEF8093C00F81E0D5CF089520915C
:10A1E000C00F243014F496C80895245081E090E004
:10A1F000AC0102C0440F551F2A95E2F79A01E09185
:10A200006C0F54E0E59FF0011124DF01A950BB4F12
:10A2100013968C91982F922381F4A7EFB4E01396B4
:10A220004C911397922F9095942313969C93139788
:10A23000149695E0AF30B90791F78227E950FB4FAC
:10A240009381981731F083838FEF0E94EE1D0E9457
:10A25000FF1D81E00895682F8091BF0F882361F072
:10A260008091C00F9EEF980F923028F494D81092EE
:10A27000BF0F81E0089580E008950F931F93CF935F
:10A28000DF93D82F853078F4C091C00F84D8D111D6
:10A2900004C0C093C00F1092BF0F81E0DF91CF9137
:10A2A0001F910F910895D550DD0F80916C0F23E021
:10A2B00030E00D2E01C0220F0A94EAF7209544E009
:10A2C000849F8001112409501B4FF801C3812C2366
:10A2D00070E095E0759567959A95E1F7AB0102C03E
:10A2E000440F551FDA95E2F7EA01C22B0E94EE1DDA
:10A2F0008C23F8019381981781F283830E94FF1DBC
:10A30000CCCF1F93CF93DF93B7D880E28093140113
:10A310008091C00F84300CF43FC0082E000C990BC4
:10A320000497982F990F990F890F8B5C8093650E76
:10A33000E0916C0F84E0E89FF0011124E950FB4F9D
:10A34000138121E038E2239FE0011124C554D14F4D
:10A3500048E250E060E270E0CE010E944A6949E0C4
:10A3600050E06CEC7DE2CE0101960E94256987E009
:10A370008A8781E391E0212F292321F02BE52C8787
:10A380002DE52E878D87990F8F5F2596873399F757
:10A39000DF91CF911F9108958FEFC8CF9B01FC01F2
:10A3A000460F571F2417350709F40895D9018D91D9
:10A3B0009D018193F7CF9C01480F591F2417350742
:10A3C00009F40895F90161939F01F8CF4F925F92CC
:10A3D0006F927F92AF92BF92CF92DF92EF92FF92F5
:10A3E0000F931F93CF93DF93EC016A017B014AA483
:10A3F0005BA46CA47DA44C145D046E047F0481F402
:10A4000080E0DF91CF911F910F91FF90EF90DF904F
:10A41000CF90BF90AF907F906F905F904F900895D6
:10A420008C81811115C0C114D104E104F10441F300
:10A4300001E0A7019601BE01625D7F4F89810E9404
:10A440001D66811112C0CAA6DBA6ECA6FDA6D9CF57
:10A450005E018EE2A80EB11C01E0A3019201B501DC
:10A4600089810E946766882311F081E0CACF1C822F
:10A470008E8D9F8DA8A1B9A14A8D5B8D6C8D7D8D30
:10A48000840F951FA61FB71F481659066A067B063C
:10A4900050F61B81123038F28A8D9B8DAC8DBD8DAC
:10A4A000480E591E6A1E7B1E01E0A3019201B501F0
:10A4B00089810E9467661150EDCF0F93CF93DF9390
:10A4C000EC019A01AB01BC01625D7F4F01E0898123
:10A4D0000E941D66811126C0FE01E45DFD4F2081B2
:10A4E000318125353A4A01F5E85CF14040815181DE
:10A4F000628173817727463451446445710571F058
:10A50000C058DF4F488159816A817B81772781E07C
:10A51000463451446445710509F480E0DF91CF91E0
:10A520000F91089583E0FACF82E0F8CFA2E1B0E086
:10A53000ECE9F2E50C94C668DC019B01142FED9167
:10A54000FC9111978081082E000C990BC0978A30DE
:10A55000910568F04091C30F5091C40F5A8B498BFD
:10A56000D9014D935C93452B61F41CE01AC04181E5
:10A570004A3381F73296ED93FC93892B59F31BE014
:10A5800010C0E989FA898081882381F081810E9445
:10A59000166680FD0BC0112321F0182F147082FD68
:10A5A0001AE0812F6296E2E10C94E268A989BA89E7
:10A5B0001C9211961C9280E00E94756580FD06C277
:10A5C000112311F082FDECCF40E050E0BA018989FF
:10A5D0009A8973DF182F813009F0BAC1E989FA89A5
:10A5E000E051FE4F8081811102C01DE0DACFE98980
:10A5F000FA89EC50FE4F80809180A280B380B50133
:10A60000A40189899A8959DF182F133009F4E0C110
:10A610001111EBCFE989FA8981AD92AD8115924094
:10A6200021F7E989FA89EC5BFF4F40805180712C5A
:10A63000612C4114510441F4E989FA89EE5AFF4F23
:10A640004080518062807380A989BA895A964D9260
:10A650005D926D927C925D97DE964C91DE9713969B
:10A660004C9313978FEF840F823008F0BECFDB96A8
:10A670000C91DB9712960C931297002309F4B5CF37
:10A68000202F30E0C901019780239323892B09F003
:10A69000ACCFFD01FF962080318019963C922E921E
:10A6A0001897C1018F709927892B09F09ECF329698
:10A6B000C080D180F12CE12CC114D10441F4E9898E
:10A6C000FA89E25BFF4FC080D180E280F380A989E4
:10A6D000BA89DC96ED91FC91309709F486CFA42FCE
:10A6E000B0E0A30192010E94BC686D877E878F87CE
:10A6F000988B9F0150E040E029873A874B875C8721
:10A70000C10164E0969587956A95E1F7280F391F96
:10A71000411D511DDA01C9012D853E854F8558899E
:10A72000280F391F4A1F5B1F2D833E834F83588795
:10A73000C216D306E406F50608F457CFD701C601C2
:10A74000821B930BA40BB50B89839A83AB83BC83C9
:10A75000C02ED12CF12CE12CBC01CD01A70196011A
:10A760000E945D6889819A81AB81BC818C159D05B1
:10A77000AE05BF0508F439CF263F9FE039074105F4
:10A78000510508F4E9C0263FAFEF3A0741055105EE
:10A7900008F4E5C0B3E0B98369017A0182E0C80E2C
:10A7A000D11CE11CF11CA989BA895696CD92DD9283
:10A7B000ED92FC9259978D819E81AF81B885880D6D
:10A7C000991DAA1DBB1DE989FA8986A397A3A0A795
:10A7D000B1A789859A85AB85BC85880D991DAA1D71
:10A7E000BB1D868F978FA0A3B1A3F981F33009F029
:10A7F000B9C02114310409F0F8CEE989FA89E65A82
:10A80000FF4F80819181A281B381E989FA8982A376
:10A8100093A3A4A3B5A342E0CC0CDD1CEE1CFF1C4B
:10A820004A95D1F73FEFC30E31E0D31EE11CF11C76
:10A8300089E0F694E794D794C7948A95D1F74C149D
:10A840005D046E047F0408F4D0CE8FEF9FEFDC012F
:10A85000E989FA8986879787A08BB18B1286138640
:10A8600014861586B981B33009F058C01582E25AB2
:10A87000FF4F80819181A5019401280F391F411D4F
:10A88000511DA989BA8952962D933D934D935C939E
:10A89000559701E0BD01625D7F4F11968C910E943A
:10A8A0001D6681113BC0E989FA89E45DFD4F808115
:10A8B000918185359A4A91F5E989FA8986A597A506
:10A8C000A0A9B1A982359245A146B14439F5E989DB
:10A8D000FA89EE5EFD4F80819181A281B38182373A
:10A8E0009247A144B146D1F4E989FA89E65EFD4F69
:10A8F00080819181A281B381E989FA8982879387D6
:10A90000A487B587EA5EFD4F80819181A281B381E2
:10A91000E989FA8986879787A08BB18BE981A98914
:10A92000BA89EC938091C10F9091C20F01969093D8
:10A93000C20F8093C10F17969C938E9316979A9689
:10A940001D921D921D921C929D9714961C9229CEC9
:10A95000812C912C540159CEE1E0E9831DCFF2E026
:10A96000F9831ACF2114310409F43FCE2D853E8599
:10A970004F855889820F931FA41FB51FE989FA8953
:10A9800082A393A3A4A3B5A3F981F23029F4CC0C3C
:10A99000DD1CEE1CFF1C46CFA3E0B0E0A701960132
:10A9A0000E94BC686D837E838F839887DC01CB0116
:10A9B000B695A7959795879521E0C222DD24EE24D0
:10A9C000FF24C80ED91EEA1EFB1E2CCF13E0E9CDD2
:10A9D00011E0E7CDFC01309789F02081222371F04E
:10A9E000268137812617370749F481810E94166630
:10A9F000982F817090FF03C083E0089589E0089547
:10AA0000EF92FF920F93CF93DF93EC0140E050E081
:10AA1000BA01DCDC811155C08881833009F046C061
:10AA20008D81882309F442C01AA61BA61CA61DA668
:10AA300040E052E070E060E07E018EE2E80EF11C42
:10AA4000C701B9DC85E5FE01E45DFD4F80838AEA3C
:10AA50003196808382E58EA78FA781E688AB91E44B
:10AA600099AB22E77B9720833196208331969083A0
:10AA7000319680838E859F85A889B9893196808398
:10AA80009183A283B3838A859B85AC85BD853496EB
:10AA900080839183A283B3832A893B894C895D8912
:10AAA00001E0B70189810E9467661D8250E040E0A5
:10AAB00060E089810E94C866982F81E0911101C0F1
:10AAC00080E0DF91CF910F91FF90EF900895A4E087
:10AAD000B0E0EDE6F5E50C94D668FC019A01AB0117
:10AAE000225031094109510986899789A08DB18D7C
:10AAF0000297A109B109281739074A075B0700F532
:10AB0000A281B0E00E94BC6869837A838B839C83B6
:10AB100086A197A1A0A5B1A529813A814B815C812D
:10AB2000280F391F4A1F5B1F29833A834B835C839D
:10AB300069817A818B819C812496E2E00C94F26891
:10AB400019821A821B821C82F3CFAF92BF92CF92DE
:10AB5000DF92EF92FF921F93CF93DF93EC016A0194
:10AB60007B0182E0C816D104E104F10408F4BDC001
:10AB70008E899F89A88DB98DC816D906EA06FB066D
:10AB800008F0B3C08881823009F452C0833009F4E0
:10AB90006FC08130A9F45A01B694A794A40EB51ED3
:10ABA000C501892F992786954E8D5F8D68A179A162
:10ABB000480F591F611D711DCE0108DC882321F04B
:10ABC0006FEF7FEFCB0128C0F501F170EC0FFD1F97
:10ABD00016A58FEFA81AB80AC501892F992786955F
:10ABE0004E8D5F8D68A179A1480F591F611D711DA0
:10ABF000CE01ECDB8111E4CF81E0B822CA0DDB1D70
:10AC00008EA5782F612FC0FE11C0B4E076956795B0
:10AC1000BA95E1F790E080E0DF91CF911F91FF902E
:10AC2000EF90DF90CF90BF90AF9008957F70F2CFFC
:10AC300077276F2D5E2D4D2D8E8D9F8DA8A1B9A1EB
:10AC4000480F591F6A1F7B1FCE01C0DB8111B8CF8F
:10AC5000CC0CDD1CEE1CFF1CE894C0F881E0D8226F
:10AC6000EE24FF24CC0DDD1D8FA56EA5782FD2CF4D
:10AC70008E8D9F8DA8A1B9A1E7E076956795579530
:10AC80004795EA95D1F7480F591F6A1F7B1FCE01E0
:10AC90009DDB811195CF82E0CC0CDD1CEE1CFF1CEE
:10ACA0008A95D1F78CEFC82281E0D822EE24FF24C8
:10ACB000F601BE96EC0FFD1F2381628170E090E0EB
:10ACC00080E0CB0177276627922BCC0DDD1D2EA5CA
:10ACD000622BC180D12CDC2CCC24F12CE12C6C29F2
:10ACE0007D298E299F299F7097CF61E070E080E0D9
:10ACF00090E092CFA6E0B0E0E0E8F6E50C94D268F0
:10AD00008C016D837E83ED81FE81DC011596FC93C1
:10AD1000EE93149716964D915D916D917C911997D4
:10AD2000413051056105710529F482E02696E6E07F
:10AD30000C94EE68ED91FC9186899789A08DB18D78
:10AD4000481759076A077B0780F7411551056105C8
:10AD5000710509F041C08081833049F442A153A1BB
:10AD600064A175A14115510561057105A9F5D801C9
:10AD70001A961D921D921D921C921D978085918599
:10AD80002D813E812817390780F682A193A1A4A1C5
:10AD9000B5A144E0369527954A95E1F7820F931FB8
:10ADA000A11DB11DF80186879787A08BB18BD801B3
:10ADB000808191818E96ED81FE81EF70FF2725E0E5
:10ADC000EE0FFF1F2A95E1F7E80FF91F5396FC934A
:10ADD000EE93529780E0AACFE280F0E1EF9E7001FF
:10ADE0001124D8018D919C911197ED81FE81EE1572
:10ADF000FF05E8F41A964D935D936D937C931D9730
:10AE000066DE69837A838B839C838D819E8134E0A7
:10AE1000969587953A95E1F729813A814B815C8136
:10AE2000280F391F411D511DDA01C901BBCF8DDE2D
:10AE3000462F572FBC014F3F2FEF52076207720773
:10AE4000D1F0423051056105710508F46ECFD8018B
:10AE5000ED91FC9186899789A08DB18D481759078E
:10AE60006A077B0708F061CFED81FE81EE19FF09CB
:10AE7000FE83ED83B6CF81E059CFCF93DF93EC0112
:10AE80006C817D8137DF811111C04E855F856889B6
:10AE90007989888199819ADA811108C0EA89FB89C8
:10AEA00095EE9083E881F98191E09483DF91CF91D1
:10AEB0000895B0E0A0E0EFE5F7E50C94C868EC0178
:10AEC0006A017B014801590122E0C216D104E10464
:10AED000F10408F4D2C08E899F89A88DB98DC81657
:10AEE000D906EA06FB0608F0C8C08881823009F45A
:10AEF00064C0833009F481C0813009F0BCC08A018C
:10AF000016950795040F151FC801892F9927869557
:10AF10004E8D5F8D68A179A1480F591F611D711D6C
:10AF2000CE0154DA81113BC0882DF801F170EC0F8D
:10AF3000FD1F2601370191E049225524662477241C
:10AF4000C0FE07C086A58F70A0E18A9E90011124E3
:10AF5000822B86A70F5F1F4F81E08C83C801892F4A
:10AF6000992786954E8D5F8D68A179A1480F591F4D
:10AF7000611D711DCE012ADA811111C01170FE010F
:10AF8000E00FF11F411451046104710479F064E091
:10AF9000B694A794979487946A95D1F786A691E082
:10AFA0009C83CDB7DEB7E0E10C94E46896A5907F72
:10AFB000B92DBF708B2E892AF1CF77276F2D5E2D8B
:10AFC0004D2D8E8D9F8DA8A1B9A1480F591F6A1FC5
:10AFD0007B1FCE01FBD98111E2CFCC0CDD1CEE1C16
:10AFE000FF1CE894C0F821E0D222EE24FF24FE01E9
:10AFF000EC0DFD1D06A797A6D2CF8E8D9F8DA8A123
:10B00000B9A137E076956795579547953A95D1F769
:10B01000480F591F6A1F7B1FCE01D8D98111BFCF9E
:10B0200092E0CC0CDD1CEE1CFF1C9A95D1F79CEF36
:10B03000C92291E0D922EE24FF24F601BE96EC0F3E
:10B04000FD1F9381428150E070E060E0BA01552716
:10B050004427792BCC0EDD1E442755276627707FA9
:10B06000842A952AA62AB72AD6019E968C92918286
:10B07000A282B38294CF82E092CF82E092CFB0E0FE
:10B08000A0E0E5E4F8E50C94C868EC014A015B0136
:10B0900081149104A104B104B9F44A845B846C84E2
:10B0A0007D84411451046104710449F08E899F89A3
:10B0B000A88DB98D481659066A067B0620F1412CE9
:10B0C000512C320143941FC040DD6B017C0122E012
:10B0D000C216D104E104F10458F4C12CD12C76013C
:10B0E000C394C701B601CDB7DEB7E0E10C94E468C4
:10B0F0008E899F89A88DB98DC816D906EA06FB06E8
:10B1000080F324013501730162018FEFC81AD80A58
:10B11000E80AF80A8E899F89A88DB98DC816D906C4
:10B12000EA06FB0678F022E042165104610471043D
:10B1300020F4C12CD12C7601D4CF92E0C92ED12C91
:10B14000E12CF12CB701A601CE01FFDC462F572FD1
:10B15000BC01411551056105710599F04F3F8FEF15
:10B1600058076807780709F43FC041305105610569
:10B17000710509F4B2CFC414D504E604F70429F626
:10B18000D8CF0FEF1FEF2FEF3FE0B701A601CE01A1
:10B1900090DE811126C081149104A104B104C9F488
:10B1A000CA86DB86EC86FD868E859F85A889B9894F
:10B1B0008F3F2FEF9207A207B20709F492CF0197B2
:10B1C000A109B1098E879F87A88BB98B81E08D83F8
:10B1D00088CF97018601B501A401CE016ADE8823DC
:10B1E000F9F2813009F079CFCC24CA94DC2C7601B5
:10B1F00078CFB0E0A0E0EFEFF8E50C94CB68EC017D
:10B200006B010C811D810F5F1F4F31F484E0CDB7BE
:10B21000DEB7EDE00C94E7684E855F856889798933
:10B22000411551056105710589F378018FE0E82228
:10B23000FF24E114F104D1F4888199814F5F5F4FBD
:10B240006F4F7F4F4E875F87688B798B4A855B8511
:10B250006C857D854115510561057105B9F4DC01E9
:10B2600018968D919C910817190780F61D830C8301
:10B27000888199818E9625E0EE0CFF1C2A95E1F7D6
:10B28000E80EF91EFB8AEA8A80E0C1CFFC01228128
:10B290002150330BF801A4E0F695E795AA95E1F764
:10B2A0002E233F23232B11F750DC4B015C01F2E0EE
:10B2B0008F169104A104B10410F482E0A8CF8FEF9F
:10B2C00088169806A806B80611F481E0A0CF8881F8
:10B2D0009981DC0156964D915D916D917C915997C4
:10B2E00084169506A606B70608F44DC0C114D1040D
:10B2F00009F48CCF4A855B856C857D85C0DE4B016A
:10B300005C0187E081149104A104B10409F47FCFAA
:10B31000B1E08B169104A104B10479F2EFEF8E161F
:10B320009E06AE06BE0689F240E050E0BA01888172
:10B3300099814CD8782E8111C8CF8881998140E0BD
:10B3400052E070E060E08E9636D8C880D980B501B2
:10B35000A401C601BCDBD6019A966D937D938D93B3
:10B360009C939D97E881F98182817816D0F082A51F
:10B3700093A5A4A5B5A587199109A109B10982A72B
:10B3800093A7A4A7B5A78A869B86AC86BD86B50180
:10B39000A401888199819BDB6E877F87888B998B3D
:10B3A00065CF81E0848340E050E0BA01CF010ED840
:10B3B00081118BCFE881F98182A593A5A4A5B5A5BC
:10B3C0000196A11DB11D82A793A7A4A7B5A7739449
:10B3D000C9CFB0E0A0E0EFEEF9E50C94CD68EC0148
:10B3E0008B01FB0180818F3211F08C3511F40F5FDE
:10B3F0001F4F1E821F8218861986F80180818032B5
:10B4000008F098C070E060E0CE0174DC1B8A1A8AF4
:10B41000CDB7DEB7EBE00C94E9687F018CC04FEB51
:10B420004B0F4A3138F4A260F601E80FF91F908201
:10B4300001969AC04FE94B0F4A31B0F7A16040EE38
:10B44000942E9B0EF1CF060F171F40E0B13208F487
:10B4500044E0892B09F4ACC0F6018081853E11F4EB
:10B4600085E0808328303105A9F5AA0FAA0FAC70BA
:10B47000A43009F44860F601438770E060E0CE0133
:10B4800039DC811131C04E855F8568897989888171
:10B4900099810E94E651811127C0EA89FB89808148
:10B4A000882309F19385892F887093FD0EC02C891C
:10B4B0009D89AF01455F5F4F4E175F07A9F0A22F2F
:10B4C000B92F21919D91291759F070E060E0CE01CC
:10B4D00090DED7CF8A2F8370813049F64061C7CF85
:10B4E0002A2F9B2FE9CF84E0EC89FD89938588235F
:10B4F00039F0843009F08CCF92FD8ACF85E088CF77
:10B5000092FD86CFEA89FB89838584FFF7CF848902
:10B510009589B0E0A0E0DC0199278827428D538D02
:10B5200070E060E0842B952BA62BB72B8E839F8336
:10B53000A887B98778018701F70181918F3209F4D3
:10B540006CCF8C3509F469CFCC88DD884BE050E0B6
:10B5500060E270E0C6010E94DB5190E080E070E0A4
:10B5600060E028E030E0A0E06F5F7F4FF701B1912D
:10B570007F019B2EB13208F466CFBF3209F463CF4E
:10B58000BC3509F460CFBE32A9F08217930780F46E
:10B59000B7FD0EC0AB2EB12CEDE2F1E0419144239A
:10B5A00009F43DCF042E000C550BA416B506B1F7D7
:10B5B00086E02ECF28303105D9F7AA0FAA0F88E0F0
:10B5C00090E02BE030E0D0CFEF92FF921F93CF932B
:10B5D000DF93EC0170E060E08DDB182F811136C045
:10B5E0004E855F8568897989888199810E94E651B5
:10B5F000182F81112BC0EA89FB898081853E39F0A3
:10B60000882329F061E070E0CE01F3DDE6CF4E85BE
:10B610005F8568897989888199810E94E651182F10
:10B62000811114C0EA88FB8840E250E070E060E0DD
:10B63000C7010E94DB516C897D894BE050E0C70156
:10B640000E94CE51E881F98181E08483812FDF91CE
:10B65000CF911F91FF90EF900895CF93DF93EC016E
:10B6600084E04E855F8568897989411551056105BA
:10B67000710519F4882399F01CC0888199810E9472
:10B68000E651811116C0EA89FB8980818823B1F0D7
:10B69000853E49F08E3239F0838583FD04C080E019
:10B6A000DF91CF91089570E060E0CE01A2DD8823A4
:10B6B000C1F21E861F86188A198AF2CF84E0F9CF5C
:10B6C000B0E0A0E0E6E6FBE50C94CC68EC016A0192
:10B6D0007B0122E0C216D104E104F10408F450C059
:10B6E0008E899F89A88DB98DC816D906EA06FB06F2
:10B6F00008F046C046015701B701A601CE0125DA80
:10B700006B017C01C114D104E104F10431F480E047
:10B71000CDB7DEB7ECE00C94E86881E0C816D10440
:10B72000E104F10469F12FEFC216D206E206F20637
:10B7300049F100E010E09801A401B501CE01B9DBA8
:10B740008111E6CF8E859F85A889B9898F3F2FEF1C
:10B750009207A207B20749F00196A11DB11D8E877D
:10B760009F87A88BB98B81E08D838E899F89A88D57
:10B77000B98DC816D906EA06FB0608F4BBCFC7CFB9
:10B7800082E0C6CF81E0C4CFFB0181110FC0A09140
:10B79000C30FB091C40F109709F01C92309709F0B5
:10B7A0001082F093C40FE093C30F08958BE00895C7
:10B7B0004F925F926F927F928F929F92AF92BF92C1
:10B7C000DF92EF92FF920F931F93CF93DF93CDB74A
:10B7D000DEB7A4970FB6F894DEBF0FBECDBF8C01C5
:10B7E0007CA36BA3B42EDC011D921C92B42FBF71FD
:10B7F000DB2E4E71BE016F5F7F4FCE0183960E949C
:10B8000096529E01295E3F4F3E8B2D8B811105C0C4
:10B810006BA17CA1CE010196DCDDEB88FC88811157
:10B8200004C0E114F10409F486E09B2D9C7109F435
:10B83000DBC0882309F1843049F4CE010196C4DECF
:10B840006894D3F8EB88FC88882301F1A4960FB69E
:10B85000F894DEBF0FBECDBFDF91CF911F910F9146
:10B86000FF90EF90DF90BF90AF909F908F907F9070
:10B870006F905F904F900895F7018385817109F073
:10B88000BEC088E0B2FCE2CFB3FE58C00E9416688A
:10B89000D7011E966D937D938D939C9351971B9624
:10B8A0001C921B975C961C925C975D961C925D9710
:10B8B0005E961C925E975F961C925F9754968D9051
:10B8C0009C905597B12CA12C5401992488245A9608
:10B8D0008D919C91B0E0A0E0882A992AAA2ABB2ADF
:10B8E000F701128E138E148A158A89819A8121E0BC
:10B8F000DC0114962C93149781149104A104B104D3
:10B90000E9F09A964D905D906D907C909D97B50171
:10B91000A401D6DE81119ACF89819A81B1E08B1A78
:10B920009108A108B108FC0182869386A486B58699
:10B93000B301A2010E94E651811188CFD3FE02C05B
:10B940006894D5F8E981FA8142A553A564A575A547
:10B95000D8015A964D935D936D937C935D975F9656
:10B96000FC92EE925E971496DC92D70154968D91DC
:10B970009C91B0E0A0E05C0199248824D7015A96FC
:10B980004D915C9170E060E0482959296A297B2932
:10B99000D8011E964D935D936D937C935197D7017B
:10B9A0005C964D915D916D917C915F97D8011A964F
:10B9B0004D935D936D937C931D9716961D921D92EA
:10B9C0001D921C92199756961D921D921D921C92C3
:10B9D00059971196FC93EE938681978113969C93C9
:10B9E0008E93129780E032CF811130CFD7011B9612
:10B9F0008C9184FD06C0B1FEA1CF80FF9FCF87E070
:10BA000025CF84E023CFA3E0B0E0E9E0FDE50C948E
:10BA1000C6688A839B835B016A011901D9011D9263
:10BA20001C92EA81FB8162817381808191810E94F5
:10BA3000EA54182F8111C3C0AA81BB8114968C913E
:10BA400087FD59C0B82FB170B98380FF30C1EA813A
:10BA5000FB8182859385A485B58546815781608564
:10BA60007185841B950BA60BB70BA60170E060E0F7
:10BA700084179507A607B70708F46C01C114D10411
:10BA800009F49DC0AA81BB8116964D915D916D917F
:10BA90007C911997DB01CA019170AA27BB27892BDA
:10BAA0008A2B8B2B09F0D5C0AA81BB81ED91FC912B
:10BAB0001197828181502A013B0109E076946794B5
:10BAC000579447940A95D1F7082F042199F5452BEF
:10BAD000462B472B91F41E964D915D916D917C9173
:10BAE00051974230510561057105A8F4EA81FB8147
:10BAF00084818068848312E062C0AA81BB815296EF
:10BB00004D915D916D917C915597CF011ED8462F37
:10BB1000572FBC01E6CF4F3FFFEF5F076F077F074F
:10BB200019F4AA81BB8144C0EA81FB81428B538B0B
:10BB3000648B758BAA81BB818D909C9011975296D6
:10BB40004D915D916D917C915597C4010E9467550F
:10BB50002B013C01411451046104710439F2400E7F
:10BB6000511C611C711CC114F2E0DF0608F46BC0AB
:10BB70007601EF2CFF24E694D40112966C91802F6D
:10BB800090E0AC014E0D5F1D262F30E064171506C6
:10BB900018F47901E81AF90A0E2DA3019201B501F2
:10BBA000F40181810E941D66AA81BB81882361F016
:10BBB00014968C911497806814968C931981812F18
:10BBC0002396E2E10C94E268ED91FC918481882354
:10BBD000E1F082A593A5A4A5B5A584199509A609A8
:10BBE000B709A70170E060E084179507A607B707BB
:10BBF00060F4BF01625D7F4F982F8827990F40E066
:10BC000052E08A0D9B1D0E94CE51FE2CEE24FF0CAB
:10BC1000AE0CBF1CEA81FB8186819781A085B1852E
:10BC20008E0D9F1DA11DB11D86839783A087B187AF
:10BC3000D1018D919C9111978E0D9F1D8D939C9399
:10BC4000CE18DF081BCFEA81FB81468A578A608EB7
:10BC5000718EAA81BB8116962D913C91317080E046
:10BC600092E0821B930B76018C159D0508F47C01F4
:10BC7000EA81FB8146895789608D718D8081918130
:10BC80000E94E65181114DCFEA81FB818681978127
:10BC9000A085B1859170AA27BB278E96608171819E
:10BCA000680F791FA701C5010E94CE51B1CF17E0DF
:10BCB00086CFB0E0A0E0EFE5FEE50C94C668EC01AD
:10BCC0006B017A011901F901118210826A817B816D
:10BCD000888199810E94EA54182F81113AC08C8181
:10BCE00087FD14C181FF63C18A859B85AC85BD85B5
:10BCF000AC01BD014E0D5F1D611D711D4817590737
:10BD00006A077B0708F0B7C08E819F81A885B98537
:10BD10004A855B856C857D85481759076A077B07CF
:10BD200008F440C18C8180628C8313C04A895B898E
:10BD30006C897D89A4D9462F572FBC01D8C04F3FAD
:10BD4000FFEF5F076F077F0751F48C8180688C835A
:10BD500011E0812FCDB7DEB7E2E10C94E2684A8BA7
:10BD60005B8B6C8B7D8B88819981FC0182A493A471
:10BD7000A4A4B5A44E895F89688D798D8416950633
:10BD8000A606B70639F440E050E0BA010E94E65139
:10BD90008111DBCFA880B9804A895B896C897D8954
:10BDA000C5010E9467552B013C01411451046104F7
:10BDB000710409F4A8C0400E511C611C711CE114EF
:10BDC000F2E0FF0608F4A4C04701892C9924869468
:10BDD000F5016281802F90E0AC01480D591D262F9E
:10BDE00030E06417150618F44901881A990A082DDD
:10BDF000A3019201B601F501818169D78111A5CF17
:10BE000088819981FC0142A553A564A575A54419B3
:10BE10005509660977092401712C612C44155505D3
:10BE20006605770570F4542F4427550FB601640F4B
:10BE3000751F40E052E08E960E94CE51E881F98154
:10BE40001482982C8824990CC80CD91C8E819F814F
:10BE5000A885B985880D991DA11DB11D8E839F836D
:10BE6000A887B987F10180819181880D991D9183FF
:10BE70008083E818F9084E815F8168857985E1142F
:10BE8000F10409F441CFDB01CA019170AA27BB2755
:10BE9000892B8A2B8B2B09F05AC088819981FC0150
:10BEA000028101504A015B01E9E0B694A79497949E
:10BEB0008794EA95D1F7082109F055CF452B462BF9
:10BEC000472B09F033CF4E855F8568897989411505
:10BED00051056105710589F440E050E0BA01CFD801
:10BEE000462F572FBC014E875F87688B798B411592
:10BEF00051056105710509F407CF41305105610510
:10BF0000710509F01CCF8C8180688C8312E021CFF1
:10BF10004E815F81688579858A859B85AC85BD85E5
:10BF2000481759076A077B0770F040E050E0BA01F4
:10BF3000C5010E94E651811108CFE881F98142A62E
:10BF400053A664A675A64E8A5F8A688E798E2E8166
:10BF50003F81317080E092E0821B930B47018E1588
:10BF60009F0508F44C014E895F89688D798D888121
:10BF700099810E94E6518111E8CE8E819F81A8852A
:10BF8000B9859170AA27BB278E9628813981A40193
:10BF9000B601820F931F0E94CE51E881F98181E0A2
:10BFA000848352CF8A879B87AC87BD87BBCE17E03F
:10BFB000D0CE0F931F93CF93DF93EC016A817B81E7
:10BFC000888199810E94EA54811149C09C81892FFE
:10BFD000807295FF44C04A8D5B8D6C8D7D8D88810C
:10BFE00099810E94E65181113AC00E8D1F8DD801B2
:10BFF0001B968C911B9780621B968C931B978A854E
:10C000005C968C935C978B855D968C935D978C8505
:10C010005E968C935E978D855F968C935F978E85E9
:10C020005A968C935A978F855B968C935B978889E9
:10C0300054968C935497898955968C93F7D7F80129
:10C04000668B778B808F918F8C818F7D8C8388819D
:10C05000998121E0DC0114962C930E940055DF9118
:10C06000CF911F910F910895CF93DF93EC01A1DF42
:10C07000811102C019821882DF91CF9108952F9209
:10C080003F924F925F926F927F928F929F92AF9268
:10C09000BF92CF92DF92EF92FF921F93CF93DF93E5
:10C0A000CDB7DEB72A970FB6F894DEBF0FBECDBF6F
:10C0B00089879A876A017B01A985BA8512966D9155
:10C0C0007C9113978D919C910E94EA54182F8111B5
:10C0D00019C1E985FA85248127FD03C182859385ED
:10C0E000A485B5858C159D05AE05BF0520F421FD01
:10C0F00002C06C017D01E985FA8586819781A08562
:10C10000B1851682178210861186C114D104E1040C
:10C11000F10499F5C12CD12C7601E985FA85868147
:10C120009781A085B185AC01BD0151706627772745
:10C13000452B462B472B69F046895789608D718DB9
:10C140004C155D056E057F0521F0C68AD78AE08E05
:10C15000F18EE985FA854285538564857585481792
:10C1600059076A077B0708F0CDC082879387A487A9
:10C17000B587848180628483C5C0E985FA85208083
:10C180003180F1018280912CB12CA12C29E0880C06
:10C19000991CAA1CBB1C2A95D1F70097A105B105D3
:10C1A00009F47EC09C01AD012150310941095109BA
:10C1B00029833A834B835C83D701C6010197A10988
:10C1C000B1098D839E83AF83B887BC01CD01A501E2
:10C1D000940173D729013A0169817A818B819C810D
:10C1E000A50194016AD7421653066406750608F441
:10C1F00057C088279927DC0188199909AA09BB0922
:10C2000029813A814B815C8182239323A423B52326
:10C21000E985FA8586839783A087B187C81AD90AEA
:10C22000EA0AFB0A428953896489758941155105D7
:10C230006105710509F46ECF8C149D04AE04BF0432
:10C2400008F488C0E985FA8586819781A085B18543
:10C250008C0D9D1DAE1DBF1D86839783A087B18762
:10C26000D701C6019170AA27BB27892B8A2B8B2B5C
:10C2700009F450CF808191810E946755462F572F36
:10C28000BC01411551056105710509F0B1C0A985D1
:10C29000BA8514968C911497806814968C9321C05B
:10C2A000A985BA851E964D915D916D917C915197AE
:10C2B000411551056105710509F043C040E050E0AA
:10C2C000BA01C1010E943F58462F572FBC0141308F
:10C2D00051056105710539F4E985FA858481806825
:10C2E000848312E00FC04F3FFFEF5F076F077F07A8
:10C2F00011F5A985BA8514968C91149780681496C7
:10C300008C9311E0812F2A960FB6F894DEBF0FBEF2
:10C31000CDBFDF91CF911F91FF90EF90DF90CF9035
:10C32000BF90AF909F908F907F906F905F904F9055
:10C330003F902F900895E985FA8546875787608B4F
:10C34000718BA985BA8552964D935D936D937C93BD
:10C3500055976CCFE985FA8580819181248121FFF1
:10C360000DC00E943F58462F572FBC014115510563
:10C370006105710541F47501640164CF0E94A55502
:10C38000462F572FBC014F3FFFEF5F076F077F0717
:10C3900009F4AFCF423051056105710508F49CCF17
:10C3A000A985BA85ED91FC9186899789A08DB18D7B
:10C3B000481759076A077B0708F08ECFA985BA8509
:10C3C00052964D935D936D937C935597FD018681B5
:10C3D0009781A085B185880D991DAA1DBB1D8683F7
:10C3E0009783A087B187C818D908EA08FB0824CF2B
:10C3F00089E0F694E794D794C7948A95D1F7C40E50
:10C40000D51EE61EF71E89CECF92DF92EF92FF92E5
:10C41000CF93DF93CDB7DEB7EA970FB6F894DEBFC0
:10C420000FBECDBF9AAF89AF41E0BE01695E7F4FBD
:10C43000CE01C9960E94965281112AC0CE018D96D6
:10C440009CA78BA769AD7AAD46970E94E9598111E7
:10C450001FC0E9A5FAA586E03097D1F0238520FD1D
:10C460005BC0C488D588F12CE12C7601DD24CC2476
:10C47000828D938DB0E0A0E0C82AD92AEA2AFB2A4F
:10C4800024FD13C0CE0147960E943D57882381F1B9
:10C49000EA960FB6F894DEBF0FBECDBFDF91CF9105
:10C4A000FF90EF90DF90CF90089582E0C816D104FE
:10C4B000E104F10478F146E150E0BE01695E7F4F8E
:10C4C000CE0101960E94CE51CF82D886E986FA86A7
:10C4D00062E070E0CE0101960E947A568111D8CFB9
:10C4E000CE010196BAD88823B9F0843089F6CACF34
:10C4F000C114D104E104F10429F48F89988D0E94BC
:10C500000055C6CFB701A6018F89988DD9D8811162
:10C51000BFCFF3CF82E0BCCF87E0BACFAEE2B0E0CE
:10C52000E3E9F2E633C69CA38BA380D51B014C0143
:10C5300041E0BE016F5F7F4FCE0183960E9496520D
:10C54000082F8111F9C0CE0147969E8B8D8B6BA170
:10C550007CA146970E94E959082F882309F4F0C06E
:10C56000843009F0E9C040E050E0BA0189819A8145
:10C570000E943F586B017C01C114D104E104F10415
:10C5800009F4D3C089819A8102E021E0C216D10466
:10C59000E104F10409F4CAC001E0BFEFCB16DB06E9
:10C5A000EB06FB0609F4C2C040E050E0BA010E946D
:10C5B000E651082F8111BAC009811A81B701A6017D
:10C5C000C8010E9467552B013C0158018EE2A80E5C
:10C5D000B11C40E052E070E060E0C5010E94DB5118
:10C5E0004BE050E060E270E0C5010E94DB51EEE2FA
:10C5F000D8019E96EC939E9780E1D9968C93F80192
:10C60000EC5BFF4F20823182828293823496D1820A
:10C61000C082C701AA27BB278DA39EA3AFA3B8A73B
:10C6200036978083ADA1BEA1AB2FBB27BAA7A9A720
:10C630003196A08340E250E0B501C801825B9F4F74
:10C640000E94CE51F801E15BFF4FBEE2B0834F8103
:10C65000588569857A85E981FA818081833061F422
:10C6600082A193A1A4A1B5A184179507A607B70736
:10C6700019F440E050E0BA01D801A859BF4F119613
:10C680005C934E93AB016627772716974C931196D0
:10C690005C93128111111FC0CE0101960E94E45AD1
:10C6A000082F811143C0EB89FC8980E18387268AAA
:10C6B000378A808E918ED38EC28EBDA1B48B29A570
:10C6C000258B89819A8121E0DC0114962C930E94AC
:10C6D0000055082F31C0D301C2010196A11DB11D23
:10C6E0008BA79CA7ADA7BEA789819A81DC019A96EA
:10C6F0004D925D926D927C929D9721E014962C93C1
:10C7000040E050E0BA010E94E651082F81110EC0AE
:10C7100040E052E070E060E0C5010E94DB51115042
:10C720004BA45CA46DA47EA4B5CF07E0B701A6011D
:10C7300089819A810E94605B802FAE96E2E142C5BA
:10C7400008E0FACFAFE4B0E0E7EAF3E62BC5609685
:10C750009FAF8EAF60978B0141E0BE01695E7F4F56
:10C76000CE01825B9F4F0E9496528111BDC08F897E
:10C77000988D9A838983CE018E5B9F4F9CA78BA750
:10C7800060966EAD7FAD60978B970E94E9598111DD
:10C79000ABC069A57AA584E06115710509F4A4C050
:10C7A000655F7F4F45E150E0CE018D960E94CE51EE
:10C7B00046E150E0BE01695E7F4FCE0101960E94C6
:10C7C000CE51B801CE0101960E94E959882309F49F
:10C7D0008FC0843009F088C0CE0101960E94E45ACF
:10C7E000811182C0EB88FC8843E150E0BE01615DAD
:10C7F0007F4FC7010D960E94CE518DA58062F70133
:10C800008387EF89F88D81E084834D8D5E8D6F8DF8
:10C8100078A18F819885A985BA85481759076A0735
:10C820007B0709F457C0F701838584FF53C0098152
:10C830001A814489558970E060E0BA015527442780
:10C84000828D938DB0E0A0E0482B592B6A2B7B2B77
:10C85000C8010E946755462F572FBC0182E0411541
:10C8600051056105710509F43FC0C8010E94E651F8
:10C8700081113AC009811A81D801A15BBF4F8C9107
:10C880008E3241F58F819885A985BA85F80120817E
:10C89000233061F442A153A164A175A1481759073F
:10C8A0006A077B0719F480E090E0DC0198012859C1
:10C8B0003F4FF90191838083CD01AA27BB272650E2
:10C8C0003109F90180832F5F3F4FF901908381E0A7
:10C8D000F8018483CE0147960E943D57811104C020
:10C8E0008F89988D0E940055C15BDF4FE6E076C4CA
:10C8F00088E0FACF8FEF8EBD0DB407FEFDCF8EB569
:10C90000089582E38093C60FF5DFF4DF8F3F39F09F
:10C910008091C60F8111F9CF90E080E0089581E009
:10C9200090E008952C9AE6CF0895CF93DF932C984A
:10C93000E8DFEC01892B29F4F5DFCE01DF91CF91FF
:10C940000895C1E0D0E0F9CFCF92DF92EF92FF924D
:10C95000CF93C82F6A017B0187FF09C040E050E0F8
:10C96000BA0187E3F1DF823008F03CC0CF77DADF2D
:10C97000DCDF892B09F43CC0BDDF8C2F80648EBDC9
:10C980000DB407FEFDCF8F2D9927AA27BB278EBD9B
:10C990000DB407FEFDCFC701AA27BB278EBD0DB47E
:10C9A00007FEFDCFBB27AF2D9E2D8D2D8EBD0DB467
:10C9B00007FEFDCFCEBC0DB407FEFDCF85E9CC232D
:10C9C00021F087E8C83009F081E08EBD0DB407FE84
:10C9D000FDCFCC3009F48EDFCAE08CDF87FF02C0C8
:10C9E000C150D9F7CF91FF90EF90DF90CF9008958D
:10C9F0008FEFF8CF0F931F93CF93DF938C01EB0151
:10CA000084E18093C70F76DF8F3F39F48091C70FA1
:10CA10008111F9CF90E080E027C08E3FD9F7F8016F
:10CA20008FEF8EBD0DB407FEFDCF8EB580838FEFE7
:10CA30008EBD0DB407FEFDCF8EB581838FEF8EBD09
:10CA40000DB407FEFDCF8EB582838FEF8EBD0DB482
:10CA500007FEFDCF8EB5838324973496209701F788
:10CA600049DF48DF81E090E0DF91CF911F910F9186
:10CA700008951F93CF93DF93182FD92FC62F41DF2F
:10CA80009C01892B69F1CEBD0DB407FEFDCF21E0DD
:10CA900030E0CD3F29F1E12FFD2FCF019E5F2081B6
:10CAA0002EBD0DB407FEFDCF21812EBD0DB407FEB6
:10CAB000FDCF3296E817F90791F78FEF8EBD0DB4D1
:10CAC00007FEFDCF8FEF8EBD0DB407FEFDCF12DF49
:10CAD0008F7141E090E0853009F040E0242F392F3C
:10CAE000C901DF91CF911F910895A4E0B0E0EAE77A
:10CAF000F5E656C3811198C080911D0181FF05C0E4
:10CB000080911D012496E8E067C382E08093C70FFF
:10CB10008091C70F8111FCCF82E58CBD1AE0EADE5F
:10CB20001150E9F740E050E0BA0180E00DDF082F36
:10CB3000813009F067C084E68093C70F4AEA51E06C
:10CB400060E070E088E000DF813009F03BC08E01DA
:10CB50000F5F1F4F6E0185E0C80ED11C7801CADE41
:10CB6000F70181937F01EC15FD05C9F78B818130B9
:10CB700009F048C08C818A3A09F044C08091C70FFF
:10CB8000882341F040E050E060E070E489EADCDEB8
:10CB90008111F4CF8091C70F8823A1F140E050E0CC
:10CBA000BA018AE3D1DE81112DC0A4DEF8018193A0
:10CBB0008F01EC15FD05C9F7898114E086FF23C0BC
:10CBC0001CE021C040E050E0BA0189EABDDE11E07E
:10CBD000823010F412E009EA8091C70F882339F0FF
:10CBE00040E050E0BA01802FAFDE8111F5CF809197
:10CBF000C70F882339F040E052E060E070E080E148
:10CC0000A3DE811110E01093C50F8CDE80911D0111
:10CC1000112331F08E7F80931D0180E58CBD70CF94
:10CC2000816080931D016CCF81E06CCF811103C0C6
:10CC300080911D01089581E008950F93CF93DF93B4
:10CC4000EB01E42F952FA9016E2F792F81113BC0A5
:10CC5000002309F438C080911D0180FD36C0809109
:10CC6000C50F83FD07C089E0440F551F661F771F5E
:10CC70008A95D1F70130A1F481E166DE811107C008
:10CC800060E072E0CE01B6DE892B09F000E04ADEFA
:10CC900081E0011101C080E0DF91CF910F910895F3
:10CCA00082E152DE8111F3CF60E072E0CE01A2DEBC
:10CCB000892B19F0DE5F0150B9F740E050E0BA016E
:10CCC0008CE042DEE4CF84E0E7CF83E0E5CFCF9293
:10CCD000DF92EF92FF920F93CF93DF93EB01690105
:10CCE0007A0181114FC0002309F44CC080911D01CD
:10CCF00080FD4AC080911D0182FD48C08091C50F12
:10CD000083FD07C099E0CC0CDD1CEE1CFF1C9A953E
:10CD1000D1F70130C9F4B701A60188E115DE811110
:10CD20002FC06EEFCE01A5DE892B09F000E0FADD01
:10CD300081E0011101C080E0DF91CF910F91FF9060
:10CD4000EF90DF90CF900895867031F0402F50E043
:10CD500070E060E087E9F8DDB701A60189E1F4DD64
:10CD60008111E5CF6CEFCE0184DE892B19F0DE5FF7
:10CD70000150C1F76DEF90E080E07BDE892BB9F6C2
:10CD800001E0D5CF84E0D8CF83E0D6CF82E0D4CF06
:10CD9000A0E1B0E0EDECF6E601C2062F7A0114E066
:10CDA000811113C080911D01182F117080FD28C1C1
:10CDB0006F3008F023C1E62FF0E0E253F649BBC123
:10CDC000B4DD892B31F411E0ADDD812F6096EAE00E
:10CDD00001C2A8DD102FF8CF40E050E0BA0189E091
:10CDE000B3DD182F8111EFCF60E170E0CE01019625
:10CDF00001DE892B41F399819295969596959370D2
:10CE000089853A859130C1F490E0982F8827232FA7
:10CE100030E02F5F3F4F820F931FB0E0A0E0EAE0C9
:10CE2000880F991FAA1FBB1FEA95D1F7F7018083CE
:10CE30009183A283B383C8CF8295869586958370AC
:10CE40004885F4E04F9FA0011124840F952F911D78
:10CE500001964F8150E0542F4427550F550F44271A
:10CE60005C70840F951FB0E0A0E02E812F704B8581
:10CE7000441F4427441F240F2E5F330F3670230FA7
:10CE80002950330B04C0880F991FAA1FBB1F2A9576
:10CE9000D2F7CCCF80E092E0FA019183808394CFE7
:10CEA0000091C50F40E050E0BA0102FF19C08DE8C3
:10CEB0004BDD811188CF1EDD60E170E0CE0101966F
:10CEC00099DD892B09F47FCF10E314DD1150E9F7C8
:10CED0002B8522952F7080E190E0A0E0B0E0D2CFCA
:10CEE00089E032DD182F81116ECF60E170E0CE0154
:10CEF000019680DD892B09F466CF8B8590E02C8527
:10CF000001FF1BC0880F991F8E779927221F2227A8
:10CF1000221F30E02F5F3F4F820F931F2E852295F7
:10CF20002695269523702150330B02C0880F991F38
:10CF30002A95E2F7B0E0A0E079CFF8E02F9FA001BA
:10CF4000112448715527229526952770240F352FD7
:10CF5000311D2F5F3F4F95958795959587958F71DB
:10CF600099270196289FA001299F500D389F500DA9
:10CF7000112470E060E0F701408351836283738382
:10CF800023CF8091C50FFA0180831ECF40E050E08F
:10CF9000BA0189E0D9DC60E170E0811114CFC701EA
:10CFA00029DD11E0892B09F40FCF10E00DCF40E00F
:10CFB00050E0BA018AE0EECF40E050E0BA018AE3E7
:10CFC000C3DC182F8111FFCE6701F4E0CF0ED11C16
:10CFD00057013FEFE31AF30A8DDCF5018083CE148D
:10CFE000DF04B1F7F1CE40E050E0BA018DE8ACDCEF
:10CFF0008111E9CE7FDC60E470E0D1CF14E0E4CEB3
:10D0000013E0E3CE8091C70F882319F081508093FD
:10D01000C70F8091C60F882319F081508093C60FE7
:10D0200080911D01897F80931D01089560EC78E057
:10D030008FE89EE30895DB018F939F939DD0BF916E
:10D04000AF91A29F800D911DA39F900DB29F900D57
:10D0500011240895991B79E004C0991F961708F0D0
:10D06000961B881F7A95C9F780950895AA1BBB1B4C
:10D0700051E107C0AA1FBB1FA617B70710F0A61BD8
:10D08000B70B881F991F5A95A9F780959095BC01F9
:10D09000CD01089597FB072E16F4009406D077FD76
:10D0A00008D0E4DF07FC05D03EF4909581959F4FB2
:10D0B0000895709561957F4F0895A1E21A2EAA1BDD
:10D0C000BB1BFD010DC0AA1FBB1FEE1FFF1FA21738
:10D0D000B307E407F50720F0A21BB30BE40BF50B35
:10D0E000661F771F881F991F1A9469F760957095BE
:10D0F000809590959B01AC01BD01CF010895052E4F
:10D1000097FB16F400940FD057FD05D0D6DF07FC2F
:10D1100002D046F408C050954095309521953F4F78
:10D120004F4F5F4F089590958095709561957F4F13
:10D130008F4F9F4F0895EE0FFF1F0590F491E02D44
:10D14000099405D0332312F48A1B9B0B10C0A29FB5
:10D15000B001B39FC001A39F700D811D1124911DCB
:10D16000B29F700D811D1124911D0895F0DFB7FF4E
:10D170000895821B930B0895EADFA59F900DB49F3D
:10D18000900DA49F800D911D112408952F923F9220
:10D190004F925F926F927F928F929F92AF92BF92C7
:10D1A000CF92DF92EF92FF920F931F93CF93DF9373
:10D1B000CDB7DEB7CA1BDB0B0FB6F894DEBF0FBED0
:10D1C000CDBF09942A88398848885F846E847D841D
:10D1D0008C849B84AA84B984C884DF80EE80FD801F
:10D1E0000C811B81AA81B981CE0FD11D0FB6F89495
:10D1F000DEBF0FBECDBFED010895FB01DC0104C011
:10D200008D910590801921F441505040C8F7881B3A
:10D21000990B0895FB01DC0102C005900D9241506D
:10D220005040D8F70895FB01DC010D900020E9F78C
:10D23000119705900D920020E1F70895FB01DC01A4
:10D2400005900D920020E1F70895FB01DC014150AB
:10D25000504048F005900D920020C9F701C01D9282
:10D2600041505040E0F70895FC014150504030F0EB
:10D2700001900616D1F73197CF0108958827992795
:10D280000895FB01DC0102C001900D924150504015
:10D29000D8F70895DC0101C06D9341505040E0F78C
:10D2A0000895FB01DC0101900D920020E1F7089543
:10D2B000FC0101900020E9F7809590958E0F9F1F4B
:10D2C0000895DC01CB01FC01F999FECF06C0F2BD47
:10D2D000E1BDF89A319600B40D9241505040B8F734
:10D2E0000895F999FECF92BD81BDF89A992780B52E
:10D2F0000895DC01CB0102C02D9105D04150504072
:10D30000D8F70895262FF999FECF1FBA92BD81BD97
:10D3100020BD0FB6F894FA9AF99A0FBE01960895B7
:10D3200016E1CDEED6E103C0FE0105DF2196CE3E2B
:10D33000D107D1F7F894FFCF0B1C251CA41B3E1C72
:10D34000581C6B1CA41BA41B8221672195219B21C7
:10D3500067216721672167216721A821A121672112
:10D36000672167216721AC2167217D21D8440A45C7
:10D3700024452B454745F9444C455D45A346AE46FB
:10D38000B746C046CC46DC46E246EB46D24FD94FC4
:10D39000F44F0B50075010501550D74FE066EC6615
:10D3A0004A675067FE67FE67FE67FE67FE67FE67B7
:0AD3B000C167C667D767DC67F36743
:10D3BA00402100FFFF01000100FF00000000000003
:10D3CA0000000000FF020000000000003C01030210
:10D3DA0067010000A80F23187048C43854222A2B6A
:0CD3EA002C3A3B3C3D3E3F5B5D7C7F00ED
:00000001FF
