:100000000C94B1160C94D9160C94D9160C94D916DC
:100010000C94D9160C94D9160C94D9160C94D916A4
:100020000C94D9160C94D9160C94D9160C94745AB5
:100030000C94D9160C94D9160C94D9160C94FB5A1E
:100040000C94D9160C94D9160C94D9160C94D91674
:100050000C94D9160C94D9160C94D9160C94D91664
:100060000C94D9160C94D9160C94D9160C94D91654
:100070000C94D9160C94D9160C94D91602030302C9
:10008000020E1E0C000004040E1F1F0000000815C5
:1000900002000000010101030300120C00191B06FD
:1000A0000204040800100804020100000400040017
:1000B000040004004600ACFF540090FF54009EFF73
:1000C00070009EFF3600BAFF7F00ACFF7F0090FFFC
:1000D0005400ACFF58009BFF6B00A1FF5800A8FF25
:1000E0003200DAFF4100A8FF6500A1FF650081FF33
:1000F0003F00E1FF13002C005D00FCFF2000CBFF60
:10010000A6FF81FF750020009AFFCBFF6900CBFF9F
:100110005D00CBFFC1FFC1FF7F00000081FF000039
:1001200000005800000000005800CEFFA8FF0000AB
:10013000580000007F0081FF7F0081FF7F0081FF6A
:100140007F0081FF7F0081FF7F0081FF7F0081FFB3
:100150007F0081FF7F007F0081FF81FF7F007F00A4
:1001600081FF81FF7F007F0081FF81FF7F007F0093
:1001700081FF81FF0000FF7FFF7FF9FFEFFFFEFFA0
:10018000FF7FFF7FFF7FECFFFBFFFF7F0000FF7F14
:10019000FF7FF9FFFF7FFEFFF4FFFF7FF6FFFF7F8A
:1001A000FF7FFF7F0000FF7FFF7FF9FFFF7FFEFFE4
:1001B000FF7F0200FF7FFF7FFBFFFF7F0000F4FF58
:1001C000FF7FF9FFFF7FFF7FFF7F0200FF7FFF7F41
:1001D000FBFFFF7F0000F4FFFF7FFF7FFF7FFEFF3D
:1001E000FF7F0200FF7FFF7FFBFFFF7F0000FF7F9D
:1001F0000500FF7F0A00FEFFFF7FFF7FF6FFFF7F06
:10020000FBFFFF7F0000FF7F0500FF7FEFFFFEFF8A
:10021000FF7F0200F6FFFF7FFF7FF1FF0000FF7FFF
:100220000500F9FFFF7FFEFFFF7F0200FF7F070051
:10023000FBFFFF7F0000FF7F0500FF7FFF7FFF7F49
:10024000F4FF0200FF7FECFFFBFFFF7F0000FF7F5A
:10025000FF7FFF7FEFFFFEFFFF7F0200F6FFFF7FC4
:10026000FBFFFF7F0000FF7F0500F9FFFF7FFEFF20
:10027000FF7F0200FF7FFF7FFF7FF1FF0000F4FFA1
:10028000FF7FF9FFFF7FFEFFFF7FFF7FFF7FECFF18
:10029000FBFFFF7F0000FF7F0500F9FFFF7FFEFFF0
:1002A000FF7F0200FF7FECFFFBFFF1FF0000FF7FFD
:1002B0000500FF7FEFFFFEFFFF7F0200FF7F0700CB
:1002C000FBFF0C000000FF7F0500FF7FEFFFFEFF3C
:1002D000FF7F0200FF7FECFFFBFFFF7F0000FF7F3F
:1002E0000500F9FFFF7FFEFFFF7F0200F6FFFF7FA3
:1002F000FBFFFF7F0000FF7F05001400FF7FFEFF74
:10030000FF7F0200FF7F07001600FF7F0000FF7FD6
:10031000EAFFF9FFFF7FFEFFFF7F0200FF7FECFF98
:10032000FBFFFF7F0000FF7F0500FF7F0A00FF7FCC
:100330000F000200FF7F0700FF7F0C000000FF7F1F
:100340000500FF7FEFFFFEFFFF7F0200FF7F07003A
:10035000FF7FF1FF00000F00FF7FFF7FEFFFFF7FB8
:10036000F4FF02001100FF7FFF7FF1FF0000F4FFA8
:10037000FF7FFF7FEFFFFF7FF4FF0200F6FFFF7FAD
:10038000FF7FF1FF00000F00FF7FFF7FEFFFFF7F88
:10039000F4FFFF7FFF7FECFFFF7FF1FF00000F0006
:1003A000FF7FFF7FFF7FFEFFFF7F02001100FF7FC7
:1003B000FF7FFF7F0000F4FFFF7FFF7FEFFFFEFF67
:1003C000FF7F0200F6FFFF7FFF7FF1FF00000000CC
:1003D00000000000C0FF0000000000000000C0FF9F
:1003E000000000000000000000000000C0FF00004E
:1003F00000000000000000000000000000000000FD
:1004000000000000C0FF000000000000000000002D
:100410000000C0FF00000F000500F9FF0A00FEFF0A
:10042000F4FF02001100ECFFFBFF0C0000000F00C6
:1004300005001400EFFFFEFFF4FF02001100ECFFC7
:10044000FBFFF1FF5629EA27E627E427D827D6271E
:10045000F83E0000CE278C475229CD278F52EA273D
:10046000E827E427D827D6271E520000CE279C4E27
:10047000B527CD278050EA27C957E4277A29D62700
:10048000704F0000CE27E14E5F291A535D43EA27E3
:100490000D43E427D827B74295520000CE27614587
:1004A000C227CD27A3429742503AE4272F3A4A4128
:1004B00095520000CE272859DE28CD27B1428C4224
:1004C00075420241BB3EDE4195522242CE272C5A54
:1004D000F328CD2731402740183FE4278D280328F3
:1004E00095529C28CE279E46C227CD27A3429742ED
:1004F000344202419F3E4A4195520000CE2728597E
:10050000F328CD277261736961006A6F676573684C
:1005100077617269006B61757368696B20746F64D1
:1005200069006368616E6472616465657000622E63
:10053000746F64690062616972616769006D2E6B36
:1005400061756E73006E61746268616972617600D4
:1005500070612E206B616669006B616D65736877F1
:100560006172690067616E676573687761726900BF
:1005700072616E676573687761726900706172613C
:100580006D65736877617269006D69276D616C00D4
:100590006B68616D616A0072616765736872656539
:1005A00000626167657368726565006461726261AB
:1005B0007269006268696D70616C61737265650073
:1005C0006B6166690079616D616E0062696C61776B
:1005D000616C007075727669007368726565006D94
:1005E000617277610067756E616B72690062686144
:1005F0006972617600312F3420656100312F34201B
:100600006500312F34206562007079746861676F0E
:100610007265616E006A75737400657175616C0056
:100620005F5F5F004D554C54490050524F47524157
:100630004D0053455155454E4345005041544348A4
:1006400000696E69740072616E646F6D697A65002D
:10065000707420582070726F6772616D0070742022
:10066000582073657175656E63650070742058203D
:1006700070617463680073797374656D007065727E
:10068000666F726D616E636500636C6F636B006DA6
:10069000756C7469006172706567676961746F7207
:1006A00000656E76656C6F70650066696C74657266
:1006B00020320066696C7465722031006C666F00D0
:1006C0006D69786572006F7363696C6C61746F72C9
:1006D0002032006F7363696C6C61746F722031003B
:1006E0006D6F6E6B65790068756D616E0070757306
:1006F000680073687566666C65007377696E67007D
:10070000636E707300636E702E00636E2E730063F1
:100710006E2E2E00632E707300632E702E00632EDB
:100720002E7300632E2E2E002E6E7073002E6E70B0
:100730002E002E6E2E73002E6E2E2E002E2E707317
:10074000002E2E702E002E2E2E73002E2E2E2E00FA
:100750006C6B6579006C61756E63686B65790073AD
:10076000687275746869585400616D62696B6100E4
:1007700066756C6C00636F6E74726F6C6C72007374
:10078000657175656E636572007468727500312FEE
:10079000393600312F343800312F333200312F32C7
:1007A0003400312F313600312F313200312F3800F3
:1007B000312F3600312F3400312F3300332F3800E2
:1007C000312F3200322F3300332F3400312F3100DC
:1007D000322F310063686F726400706C61796564F8
:1007E00000757026646F776E00646F776E007570A9
:1007F00000636861696E006379636C6963003278D5
:1008000020756E69736F6E00736F6C6F00706F6C24
:1008100079006D6F6E6F006C61670071747A003CD7
:100820003D003E3D006D696E006D6178006174743D
:100830006E0070726F64006164640063686F72645C
:100840002073657100617270656767696F0073740A
:10085000657020736571006C666F7E656E760065ED
:100860006E767E6C666F0066726565006E740068F9
:1008700070006270006C70006472756D20320064EC
:1008800072756D2031006672657175656E637900F1
:100890006372757368007375626F73630076696263
:1008A0007261746F006F736320312B32006F73635A
:1008B0002032006F7363203100706172616D2032ED
:1008C00000706172616D2031003D2034003D2038A0
:1008D000003D203136003D203332003D20363400CB
:1008E0003D20313238003D203235360072616E6471
:1008F0006F6D00706564616C00776865656C3200CF
:100900006D776865656C0062656E6465720061662E
:1009100074746368007365712E2032007365712EE4
:100920002031006D6F642E2034006D6F642E2033F3
:10093000006D6F642E2032006D6F642E2031006CCC
:10094000666F2034006C666F2033006C666F203257
:10095000006C666F203100656E76203300656E7620
:10096000203200656E7620310064726D3200647250
:100970006D31007663610072656C6500646563616A
:10098000006174746B007265736F0066726571004C
:10099000637273680066757A7A0073756200786DA9
:1009A0006F64006D697800766962720003312B32E2
:1009B000006F736332006F7363310070726D3200C9
:1009C00070726D31003D34003D38003D3136003DE0
:1009D0003332003D3634003D313238003D32353659
:1009E0000072616E64006E6F697300676174650008
:1009F0006E6F7465007064616C0077686C32006DB6
:100A000077686C0062656E6400616674720076657A
:100A10006C6F0061727000736571320073657131C3
:100A2000006D6F6434006D6F6433006D6F6432006D
:100A30006D6F6431006C666F34006C666F33006CF0
:100A4000666F32006C666F3100656E763300656EDE
:100A5000763200656E763100706F70006D6574617E
:100A60006C00626C6F7700676C6974636800636C1C
:100A700069636B0070756C32007472693200737157
:100A800075320070756C3100747269310073717564
:100A900031006269747300666F6C6400786F720075
:100AA00072696E676D6F640073796E630073747042
:100AB00032007374703100727371720072736177F7
:100AC000006C737172006C7361770073706B32002D
:100AD00073706B310062617432006261743100675F
:100AE00072673200677267310068726D3500687234
:100AF0006D330068726D320072616D70007326682C
:100B0000007371720074726900766F77656C2032C1
:100B1000006373617700666D6662007170776D00C7
:100B20006F6C64736177007761767175656E63656C
:100B30000062656C6C006D6574616C6C6963006467
:100B4000726F6E6520320064726F6E6520310064D2
:100B500069676974616C007761766573006F7267AD
:100B6000616E00657069616E6F00736C6170007614
:100B7000696265730063656C6C6F00626F776564B2
:100B80000074616D707572610063686F69720066F0
:100B9000656D616C65006D616C6500766F77656C85
:100BA000006E6F6973650070776D003862697473E9
:100BB00000666D00706164007A747269616E676CC2
:100BC000650068707A70756C73650062707A707514
:100BD0006C736500706B7A70756C7365006C707AFD
:100BE00070756C73650068707A7361770062707AF3
:100BF00073617700706B7A736177006C707A7361E0
:100C000077007A7361770073696E65007472696149
:100C10006E676C6500737175617265007361770052
:100C20006E6F6E65006F6E006F6666006F63747640
:100C300000612F73710073707264006F63740073CE
:100C400072636500616D6E74006F6D6E69006C7328
:100C50006571006C61756E63686B65792073657191
:100C6000006363206D617000657874006F75747047
:100C7000206D6F646500696E70742066696C7465C0
:100C800072007377617020636F6C6F7273006361C1
:100C90007264206C656473006C65647300617574C4
:100CA0006F206261636B75700068656C7000736EB5
:100CB0006170006D6964690067726F6F7665006CC2
:100CC000656E70006C656E32006C656E310070612F
:100CD0007474206C656E0073657132206C656E00F3
:100CE00073657131206C656E0067726964006869B4
:100CF0006768006C6F77006C61746368006C746384
:100D0000680062706D0070617274006368616E6E7D
:100D1000656C007061747465726E006469726563FD
:100D200074696F6E0072616761006172702F736524
:100D30007100706F7274616D656E746F006C6567C1
:100D400061746F00737072656164006F63746176C3
:100D50006500766F6C756D65006D6F6469662E0059
:100D60006D6F646966696572006D6F64756C2E00E5
:100D70006D6F64756C6174696F6E00696E320069C5
:100D80006E310064657374696E6174696F6E0073AF
:100D90006F7572636500766F696365206C666F00BE
:100DA0006C666F2F656700726174650074726967A5
:100DB0006765720072656C65617365007375737445
:100DC00061696E0064656361790061747461636B6D
:100DD000006B6579627E7663660076656C6F7E7601
:100DE0006366006C666F327E76636600656E76328F
:100DF0007E766366006D6F6465007265736F6E6109
:100E00006E636500616D6F756E74006F7065726101
:100E1000746F720063726F73736D6F642E007375FD
:100E200062206F73632E006F7363206D69780074A6
:100E3000756E650072616E676500706172616D65E7
:100E40007465720077617665666F726D00000203EB
:100E50000506090B0D0F808386898C8F9295989BD0
:100E60009EA1A4A7AAADB0B3B6B8BBBEC1C3C6C845
:100E7000CBCDD0D2D4D7D9DBDDDFE1E3E5E7E9EABA
:100E8000ECEEEFF0F2F3F4F6F7F8F9F9FAFBFCFC0C
:100E9000FDFDFDFEFEFEFEFEFEFEFDFDFDFCFCFB7F
:100EA000FAF9F9F8F7F6F4F3F2F0EFEEECEAE9E725
:100EB000E5E3E1DFDDDBD9D7D4D2D0CDCBC8C6C3E3
:100EC000C1BEBBB8B6B3B0ADAAA7A4A19E9B98956E
:100ED000928F8C898683807C797673706D6A676463
:100EE000615E5B5855524F4C494744413E3C39374F
:100EF00034322F2D2B28262422201E1C1A181615BA
:100F00001311100F0D0C0B09080706060504030347
:100F100002020201010101010101020202030304B4
:100F20000506060708090B0C0D0F101113151618EE
:100F30001A1C1E20222426282B2D2F323437393C10
:100F40003E414447494C4F5255585B5E6164676A65
:100F50006D707376797C8080858A8F94999DA2A725
:100F6000ACB1B5BABEC2C7CBCFD2D6DADDE0E3E6CC
:100F7000E9ECEEF1F3F5F6F8F9FBFCFCFDFEFEFE04
:100F8000FEFEFDFDFCFBFAF9F8F6F4F3F1EFEDEAF5
:100F9000E8E6E3E0DEDBD8D5D2CFCCC9C6C3C0BD1E
:100FA000B9B6B3B0ADAAA7A4A19F9C999794928F0C
:100FB0008D8B8987858382807F7D7C7B7A79787829
:100FC00077777676767676767676777778787979B3
:100FD0007A7B7B7C7D7E7F80808182838484858612
:100FE000868787888889898989898989898888877E
:100FF000878685848382807F7D7C7A787674727020
:101000006D6B686663605E5B5855524F4C49464253
:101010003F3C393633302D2A2724211F1C19171540
:1010200012100E0C0B090706050403020201010150
:101030000101020303040607090A0C0E1113161915
:101040001C1F2225292D3034383D41454A4E535826
:101050005D62666B70757A8080878F969EA5ACB452
:10106000BAC1C7CDD3D9DEE3E7EBEFF2F5F8FAFB6F
:10107000FDFEFEFEFEFDFCFAF9F7F4F2EFECE8E50A
:10108000E1DDD9D5D1CDC9C6C2BEBAB7B3B0ADAA1C
:10109000A8A5A3A2A09F9E9E9E9E9E9FA0A2A3A540
:1010A000A8AAADB0B3B7BABEC2C6C9CDD1D5D9DD35
:1010B000E1E5E8ECEFF2F4F7F9FAFCFDFEFEFEFEE6
:1010C000FDFBFAF8F5F2EFEBE7E3DED9D3CDC7C1CC
:1010D000BAB4ACA59E968F8780787069615A534BDD
:1010E000453E38322C26211C1814100D0A07050421
:1010F000020101010102030506080B0D1013171A66
:101100001E22262A2E3236393D4145484C4F525533
:10111000575A5C5D5F606161616161605F5D5C5AEF
:101120005755524F4C4845413D3936322E2A2622DA
:101130001E1A1713100D0B08060503020101010109
:10114000020405070A0D1014181C21262C32383E03
:10115000454B535A6169707880808890989FA7ADFD
:10116000B4B9BEC3C6C9CBCCCCCCCBC9C7C4C0BC38
:10117000B8B3AEA9A4A09B97938F8C8A88878787E2
:10118000888A8D9094999EA4AAB0B7BEC5CCD3D9B5
:10119000E0E5EBF0F4F7FAFCFEFEFEFCFAF7F4F003
:1011A000EBE5E0D9D3CCC5BEB7B0AAA49E99949084
:1011B0008D8A88878787888A8C8F93979BA0A4A91C
:1011C000AEB3B8BCC0C4C7C9CBCCCCCCCBC9C6C3EA
:1011D000BEB9B4ADA79F98908880776F676058526A
:1011E0004B46413C3936343333333436383B3F4356
:1011F000474C51565B5F64686C707375777878788C
:101200007775726F6B66615B554F48413A332C2698
:101210001F1A140F0B0805030101010305080B0F2A
:10122000141A1F262C333A41484F555B61666B6F89
:10123000727577787878777573706C68645F5B56D1
:10124000514C47433F3B3836343333333436393CE3
:1012500041464B525860676F7780010101010102DE
:1012600003030506080A0D1013171B20252B313820
:101270003E464D555D666E778089919AA3ACB4BCAD
:10128000C4CCD3DAE0E6EBEFF3F7FAFCFDFEFEFDAB
:10129000FCFAF8F4F1ECE7E2DCD5CEC7BFB8B0A7B2
:1012A0009F968E857D746C645C544C453E37312B23
:1012B00025201B17130F0C0906040201010101016F
:1012C000010101010101010101010101010101010E
:1012D00001010101010101010101010101010101FE
:1012E00001010202020203030304040505060606C7
:1012F00007070707060605040302010101010101B2
:1013000001010101010101010101010101010101CD
:1013100001010101010101010101010101010101BD
:1013200001010101010101010101010101010101AD
:10133000010101010101010101010101010101019D
:10134000010101010101010101010101010101018D
:10135000010101010101010101010101010101027C
:10136000030507090D11161B2229313A434D586315
:101370006E7A86919DA9B4BFC9D3DCE4EBF1F6F98E
:10138000FCFEFEFDFBF8F4EFEAE3DCD4CCC3BBB219
:10139000A9A199928B847F7A777473727374777A28
:1013A0007F848B9299A1A9B2BBC3CCD4DCE3EAEFD2
:1013B000F4F8FBFDFEFEFCF9F6F1EBE4DCD3C9BF6B
:1013C000B4A99D91867A6E63584D433A3129221B08
:1013D00016110D09070503020101010101010101B7
:1013E00001010101010101010101010101010101ED
:1013F00001010101010101010101010101010101DD
:1014000001010101010101010101010101010101CC
:1014100001010101010101010101010101010101BC
:1014200001010101010101010101010101010101AC
:10143000010101010101010101010101010101019C
:10144000010101010101010101010101010101018C
:10145000010101010101010101010101403D3A3792
:1014600034312E2B2825221F1C191613100D0A07A4
:1014700004010205080B0E1114171A1D202326293A
:101480002C2F3235383B3E4144474A4D5053565934
:101490005C5F6265686B6E7174777A7D8082858827
:1014A0008B8E9194979A9DA0A3A6A9ACAFB2B5B824
:1014B000BBBEC1C4C7CACDD0D3D6D9DCDFE2E5E814
:1014C000EBEEF1F4F7FAFDFEFBF8F5F2EFECE9E6EE
:1014D000E3E0DDDAD7D4D1CECBC8C5C2BFC2C5C820
:1014E000CBCED1D4D7DADDE0E3E6E9ECEFF2F5F8E4
:1014F000FBFEFDFAF7F4F1EEEBE8E5E2DFDCD9D62E
:10150000D3D0CDCAC7C4C1BEBBB8B5B2AFACA9A613
:10151000A3A09D9A9794918E8B888582807D7A77FF
:1015200074716E6B6865625F5C595653504D4A47E3
:1015300044413E3B3835322F2C292623201D1A17D3
:1015400014110E0B0805020104070A0D10131619D9
:101550001C1F2225282B2E3134373A3D40807C78C1
:1015600074706C6864605C5854504C4844403C381B
:1015700034302C2925211D1915110D0905010509E6
:101580000D1115191D2125292C3034383C404448B3
:101590004C5054585C6064686C7074787C808387AD
:1015A0008B8F93979B9FA3A7ABAFB3B7BBBFC3C7AB
:1015B000CBCFD3D6DADEE2E6EAEEF2F6FAFEFAF6C0
:1015C000F2EEEAE6E2DEDAD6D3CFCBC7C3BFBBB7D3
:1015D000B3AFABA7A39F9B97938F8B8783808387A2
:1015E0008B8F93979B9FA3A7ABAFB3B7BBBFC3C76B
:1015F000CBCFD3D6DADEE2E6EAEEF2F6FAFEFAF680
:10160000F2EEEAE6E2DEDAD6D3CFCBC7C3BFBBB792
:10161000B3AFABA7A39F9B97938F8B8783807C7877
:1016200074706C6864605C5854504C4844403C385A
:1016300034302C2925211D1915110D090501050925
:101640000D1115191D2125292C3034383C404448F2
:101650004C5054585C6064686C7074787C800101F4
:10166000020203030304040505060606070708092A
:10167000090A0A0B0B0C0C0D0E0E0F101011121391
:1016800013141516171718191A1B1C1D1E1F2021BD
:10169000222324252628292A2B2D2E2F313234359A
:1016A00037383A3B3D3F40424446484A4C4E505200
:1016B0005456585A5D5F626467696C6F7174777ACB
:1016C0007D8083878A8D9194989B9FA3A7ABAFB3AE
:1016D000B7BCC0C5C9CED3D8DDE2E8EDF3F8FEF85B
:1016E000F3EDE8E2DDD8D3CEC9C5C0BCB7B3AFAB2C
:1016F000A7A39F9B9894918D8A8783807D7A777426
:10170000716F6C696764625F5D5A58565452504EEF
:101710004C4A48464442403F3D3B3A3837353432E4
:10172000312F2E2D2B2A2928262524232221201F44
:101730001E1D1C1B1A191817171615141313121136
:1017400010100F0E0E0D0C0C0B0B0A0A09090807DE
:10175000070606060505040403030302020101014E
:10176000070C11161B2024292D3034383B3E4144F0
:10177000474A4D4F525456585A5C5E6062636566E4
:1017800068696A6C6D6E6F70717273747576767756
:101790007878797A7A7B7B7C7D7D7D7E7E7F7F8089
:1017A0008080818182828283848485858687878800
:1017B00089898A8B8C8D8E8F90919293959697992B
:1017C0009A9C9D9FA1A3A5A7A9ABADB0B2B5B8BB8C
:1017D000BEC1C4C7CBCFD2D6DBDFE4E9EEF3F8FE5F
:1017E000F8F3EEE9E4DFDBD6D2CFCBC7C4C1BEBB92
:1017F000B8B5B2B0ADABA9A7A5A3A19F9D9C9A997E
:10180000979695939291908F8E8D8C8B8A898988EB
:101810008787868585848483828282818180808097
:101820007F7F7E7E7D7D7D7C7B7B7A7A7978787701
:1018300076767574737271706F6E6D6C6A696866B6
:10184000656362605E5C5A585654524F4D4A474435
:10185000413E3B3834302D2924201B16110C070142
:10186000F1E5D9CDC2B8AEA49B938A827B746D6634
:10187000605A544F4A45403C3733302C29262320A8
:101880001D1B18161412100E0D0B0A090807060569
:10189000040403030202010101010101010101022B
:1018A00002020303040405050606070809090A0BDA
:1018B0000C0D0D0E0F1011121314151617191A1BFB
:1018C0001C1D1E1F21222324252728292A2C2D2ECA
:1018D00030313233353637393A3B3D3E4041424470
:1018E000454648494B4C4D4F505253545657595A00
:1018F0005C5D5E606163646667686A6B6D6E707183
:1019000073747577787A7B7D7E8081828485878801
:101910008A8B8D8E909193949597989A9B9D9EA07B
:10192000A1A3A4A6A7A9AAACADAEB0B1B3B4B6B7F3
:10193000B9BABCBDBFC0C2C3C5C6C7C9CACCCDCF6A
:10194000D0D2D3D5D6D8D9DBDCDEDFE1E2E3E5E6E1
:10195000E8E9EBECEEEFF1F2F4F5F7F8FAFBFDFE57
:10196000F10B141D262E363E454D535A60666C729F
:10197000777D82868B9094989CA0A3A7AAAEB1B4E1
:10198000B7BABCBFC1C4C6C8CACCCED0D2D4D5D7D2
:10199000D9DADCDDDEE0E1E2E3E4E5E6E7E8E9EA26
:1019A000EBECECEDEEEFEFF0F0F1F2F2F3F3F4F438
:1019B000F5F5F5F6F6F7F7F7F8F8F8F8F9F9F9F9B3
:1019C000FAFAFAFAFBFBFBFBFBFCFCFCFCFCFCFC64
:1019D000FDFDFDFDFDFDFDFDFDFDFEFEFEFEFEFE31
:1019E000FEF4EBE2D9D1C9C1BAB2ACA59F99938DEF
:1019F00088827D79746F6B67635F5C5855514E4B7D
:101A0000484543403E3B39373533312F2D2B2A286B
:101A100026252322211F1E1D1C1B1A1918171615F7
:101A2000141313121110100F0F0E0D0D0C0C0B0BC5
:101A30000A0A0A090908080807070707060606062A
:101A40000505050504040404040303030303030359
:101A5000020202020202020202020101010101016C
:101A6000010BFEF8ECDCC7B0977D644D3725160BF3
:101A7000040102060D1723313F4E5C6A76818A917C
:101A80009699999895918B857E78716B65605D5A72
:101A90005858595A5D6064686D72767B7F8285887C
:101AA0008A8B8C8C8B8B8A888785848381818080CC
:101AB0008080818283848688898B8D8F9092939495
:101AC0009596979798989898989899999999999A96
:101AD0009A9B9B9C9D9E9FA0A1A2A3A4A5A6A7A7FD
:101AE000A8A9A9AAABABACACADADAEAEAFAFB0B030
:101AF000B1B2B2B3B4B5B5B6B7B8B8B9BABBBBBC7E
:101B0000BDBDBEBFBFC0C1C1C2C3C3C4C4C5C6C6BC
:101B1000C7C8C8C9CACACBCCCCCDCECECFD0D1D104
:101B2000D2D3D3D4D5D5D6D7D7D8D9D9DADADBDC46
:101B3000DCDDDEDEDFE0E1E1E2E3E3E4E5E5E6E78C
:101B4000E7E8E9E9EAEBEBECEDEDEEEFEFF0F1F1D0
:101B5000F2F3F3F4F5F5F6F7F7F8F9F9FAFBFBFC15
:101B6000FDFDFE4348515D6C7D8FA2B4C5D5E2ED0D
:101B7000F6FBFEFEFBF7F0E8DFD5CBC1B8B0A9A3BA
:101B80009E9B9A9A9B9EA1A6ABB0B5BABFC4C8CB88
:101B9000CDCFCFCFCFCDCCC9C7C4C1BEBCB9B7B5EF
:101BA000B4B3B3B3B3B4B5B6B8B9BBBCBEBFC0C1B0
:101BB000C1C2C2C2C2C2C1C0C0BFBEBDBCBCBBBB31
:101BC000BABABABABABABBBBBBBCBCBDBDBDBEBE5D
:101BD000BEBEBEBEBEBEBEBEBEBDBDBDBDBDBCBC2E
:101BE000BCBCBCBCB7AEA29382705D4B3A2A1D123E
:101BF0000904010104080F17202A343E474F565CA0
:101C00006164656564615E59544F4A45403B3734B1
:101C10003230303030323336383B3E414346484A2A
:101C20004B4C4C4C4C4B4A494746444341403F3E49
:101C30003E3D3D3D3D3D3E3F3F40414243434444A8
:101C4000454545454545444444434342424241415C
:101C5000414141414141414141424242424243436B
:101C6000434343430101010101010101010101015C
:101C7000010101010101010101015555555555555C
:101C80005555555555555555555555555555555504
:101C900055555555555555555555555555555555F4
:101CA00055555555AAAAAAAAAAAAAAAAAAAAAAAAE8
:101CB000AAAAAAAAAAAAAAAAAAAAAAAAAAAAAAAA84
:101CC000AAAAAAAAAAAAAAAAAAAAAAAAAAAAAAFE20
:101CD000FEFEFEFEFEFEFEFEFEFEFEFEFEFEFEFE24
:101CE000FEFEFEFEFEFEFEFEFEFEFEFEFEFEFEFE14
:101CF000FEFEFEFEFEFEFEFEFEFEAAAAAAAAAAAAFC
:101D0000AAAAAAAAAAAAAAAAAAAAAAAAAAAAAAAA33
:101D1000AAAAAAAAAAAAAAAAAAAAAAAAAAAAAAAA23
:101D2000AAAAAAAAAA5555555555555555555555BA
:101D30005555555555555555555555555555555553
:101D40005555555555555555555555555555550197
:101D50000101010101010101010101010101010173
:101D600001010101010101010101121212121212FD
:101D70001212232323232323232323343434343400
:101D800034343444444444444444444455555555FF
:101D900055555555666666666666666666777777F4
:101DA00077777777778888888888888888889999E6
:101DB00099999999999999AAAAAAAAAAAAAAAABBE9
:101DC000BBBBBBBBBBBBBBBBCBCBCBCBCBCBCBCBE3
:101DD000DCDCDCDCDCDCDCDCDCEDEDEDEDEDEDEDCC
:101DE000EDFEFEFEFEFEFEFEFEFEEDEDEDEDEDED8A
:101DF000EDEDDCDCDCDCDCDCDCDCDCCBCBCBCBCB56
:101E0000CBCBCBBBBBBBBBBBBBBBBBBBAAAAAAAA36
:101E1000AAAAAAAA99999999999999999988888821
:101E200088888888888877777777777777776666FE
:101E300066666666666666555555555555555544EC
:101E400044444444444444443434343434343434D2
:101E500023232323232323232312121212121212C9
:101E600012010101010100030104020501007F15B7
:101E700002007F2A03007F0004007F0005007F002E
:101E800006007F007800000400010000100001013E
:101E900000011000001600002A00011600012A00AF
:101EA000000000005555F5F5B5B5D5D555AB5559DC
:101EB0009595090949924952494919D56B6B5B5B64
:101EC0007777B76D57576F6FDF7611A9C16F01D163
:101ED000AB028E03000455051C070008AB0A001076
:101EE00055150020AB2A004055550080FFFF8C247B
:101EF0002C041404FC03E403CC03B4039C03840308
:101F00006C0354033C0324030C03F402DC020C03B3
:101F1000C402AC0294027C0264024C0234021C0231
:101F20000402EC01D401BC01A4018C01740124035E
:101F3000A41E540134011401F400D400B4002D3067
:101F40003132333435363738390020434323204487
:101F50004423204520464623204747232041412350
:101F600020420000000000000000004C004E008DE8
:101F700000930006010A012A0179009E00BD0012AB
:101F8000016E010D0123011D01000000002A015214
:101F9000014201390100003E01000005002A010054
:101FA000FF10000000005801000100007F0100FF49
:101FB00011010001005801000203DC240100FF0EA2
:101FC000020002005801000303C0400100FF0F039C
:101FD0000003005801000405002A0100FF12000060
:101FE00000005901000500007F0100FF13010001FE
:101FF000005901000603DC240100FF140200020066
:102000005901000703C0400100FF150300030059F8
:1020100001000801003F0100FF16C30004005A013F
:1020200000090600050100FF17C40006005A010060
:102030000A01003F0100FF18460008005A01000B8A
:1020400007000A0100FF19000000005A01000C01FE
:10205000003F0100FF1A050005005A01000D0100B4
:102060003F0100FF1B610061005A01000E01003FAB
:102070000100FF0CC700C7005A01000F01001F013B
:1020800000FF0DC800FC005A01001000007F010095
:10209000FF4AFD00FD005C01001101003F0100FF4F
:1020A00047090009005C0100120800020100FF1C42
:1020B0000A000A005C01001300007F0100FF1DFD03
:1020C00000FD005D01001401003F0100FF1E09003A
:1020D00009005D0100150800020100FF1F0A000A47
:1020E000005D01001601003F0100FF030B000B0023
:1020F0005C01001701003F0100FF090C000C005CAF
:102100000104000200020100FFFF1500150000009D
:10211000001800007F03080049CB000F005E01009B
:102120001900007F0308004B100010005E01001A28
:1021300000007F03080046110011005E01001B0033
:10214000007F03080048120012005E01001F090012
:10215000020308002C130013005B01001D0A008E0F
:102160000308002D140014005B01001C0B00130376
:1021700008002E000000005B01003100007F01001C
:10218000FF2F14001400160000300B00030100FFA5
:1021900030000000001600040102000D0100FFFFE6
:1021A0001C001B00000000320C00180E0301FF474A
:1021B0000017001B0000330D00140E0301FF180070
:1021C00018001B00003403C13F0E0301FF46000846
:1021D000001B0004020200030100FFFF1F001E009D
:1021E0000000005C0C001E040302FF190019001E11
:1021F00000005D0C001E040302FF1A001A001E00FE
:10220000005E0E000A040302FF070007001E000123
:102210007000007F0100FF07200020002A000171EC
:1022200003FE020100FFFF4B0021002A00017203A0
:10223000817F0100FF5E030003002A00017301009B
:10224000280100FF5F490022002A0001740F001FCF
:102250000100FFFF260026002A000175040001018D
:1022600000FF44230023002A00017601003F010003
:10227000FF05240024002A0001771000040100FF5C
:10228000664A0025002A0001781100050100FF6759
:10229000270027000E0101790301040100FF6802F5
:1022A0000002000E01017A02001D0100FF692800F2
:1022B00028000E01017B15000E0100FF6A3000307E
:1022C000000E01017C0101200100FFFF34003100FC
:1022D0003A01017D0101200100FFFF350032003A83
:1022E00001017E0101200100FFFF360033003A01A9
:1022F000017F1200050100FF6B0A000A002A00049A
:10230000030200050100FFFF2A002A00000002006E
:10231000190010060403FF290029002A00020113F6
:10232000007F060403FF2E002E002A000202130085
:102330007F060403FF2F002F002A0002181427F045
:102340000100FFFF2B002B0061010219160005019F
:1023500000FFFF370037006101021A00007F010013
:10236000FFFF460008006101021B0100080100FF99
:10237000FF2C002D006101030017000F0100FFFF7B
:102380003F003F00380003011800040100FFFF4038
:10239000004000380003020400010100FFFF3A0082
:1023A0003A00630103030400010100FFFF39003913
:1023B00000630103040400010100FFFF3B003B0038
:1023C000630103050400010100FFFF3C003D0063C1
:1023D0000103060400010100FFFF3E003E0063010F
:1023E000006803C13F0100FF6C0D000D005C01009F
:1023F0006903C13F0100FF6D0E000E005C01030781
:102400001A00020100FFFF420042006301030804BA
:1024100000010100FFFF41014300630101000000D2
:102420000220F40C20001F000000000060000000EB
:10243000000018000028143C002700000028002895
:10244000002F000000286428003F00000048000022
:102450000000010003020003030004000004010067
:10246000050600060C000B0C000C060002123F0EC5
:102470001210100420060410030400040500050BCC
:10248000000B0C000000000000000000040004002D
:102490000400040005000500050006000600070012
:1024A0000700070008000800090009000A000B00E7
:1024B0000B000C000D000E000E000F0010001100AC
:1024C0001200140015001600170019001A001C0055
:1024D0001E001F0021002300250028002A002D00D7
:1024E0002F003200350039003C0040004300470017
:1024F0004C00500055005A00600065006C007200EE
:1025000079008000880090009900A200AC00B6001D
:10251000C100CC00D900E600F30002011101220144
:102520003301450159016E0184019B01B301CD01C5
:10253000E90106022502460269028E02B502DF02A7
:102540000B0339036B039F03D60311045004920459
:10255000D80422057005C4051C067906DD06460769
:10256000B5072B08A8082D09B9094E0AEC0A930BE8
:10257000450C010DC80D9B0E7A0F671063116D128B
:102580008713B214EF153F17A3181C1A6048403088
:10259000242018100C080604030201F00021020098
:1025A000042F42414E4B2F002F484953544F52594C
:1025B0002F002F434C49504252442F434C49504224
:1025C0005244000000010001010100000000000071
:1025D000000004D329EA27B429E4275B40A4296139
:1025E0004000005140F3458829CD2700EC0400014C
:1025F0000203040506070100F001EC04080D0C0BB2
:10260000090A0E0F00000F02EC041011FF1216173A
:10261000494A0201F003EC04181E1F1D191A1B1C65
:102620001302F004EC04FF2021FFFFFFFFFF030271
:102630000F05EC0422232425262728291403F0065D
:10264000EC042A392F302B2C2D2E0704F007EC0434
:10265000313233343536373808040F08D4040000DB
:102660000000000000000604FF09BC043A3B3C3DAA
:10267000FFFFFFFF0A05F00AEC043E3F4041FFFF69
:10268000FFFF09050F0BA404F0F1F2F3F4F5F6F7E0
:102690000C06F00C8C0400000000000000000B068B
:1026A0000F0D740400000000000000000D07F00E84
:1026B0005C0400000000000000000D08F00FEC04B6
:1026C00042434748444546F81008F010EC044B4C90
:1026D000FFFFFFFFFFF90F08F011440400000000A6
:1026E000000000001108F0796573207C206E6F00F7
:1026F0006B6E6F6220787C70617274207A7C0070DF
:102700006572666F726D616E6365207061676520CA
:10271000637573746F6D697A6174696F6E00286593
:102720006D707479292020202020202000007573EE
:10273000652063757272656E74206D756C746920A6
:1027400061732064656661756C743F006D756C74AF
:102750006900204120207C206120207C2031202025
:102760007C205F20207C207E20207C207E2020205A
:10277000736176657C6578697400207C202020690F
:102780006E69747C73656E647C736176657C766556
:102790007273696F6E7320206D6F72657C657869E6
:1027A0007400707265667C7E696E697C444941473D
:1027B0003320202020202020202020202020202006
:1027C0006D6F72657C657869740053442063617233
:1027D0006420492F4F206572726F720078000000EC
:1027E000000000000001000A10101001FFFF8080AF
:1027F000CCCC20200020406080A0C0FF00102040F2
:1028000080FF80402020202000008040BC643C6489
:10281000B0643064BC643C64B0643064BC643C64E8
:10282000B064B0E4BC643C64B06430640000000098
:10283000440E3A0E340E2F0E270E1E0E140E0B0EE3
:10284000040EFA0DF50DEC0DE30DDA0DD10DCA0DE8
:10285000C40DBC0DB40DAC0DA70DA00D960D8F0DC4
:10286000830D7F0D7B0D700D690D700D600D590D81
:10287000520D4B0D440D3D0D320D2A0D250D1B0D36
:10288000130D0B0D060D020DFD0CF70CF30CEE0CE9
:10289000E90CE00CD70CCE0CC90CC40CBF0CB80C66
:1028A000B30CAE0CA90C9D0C980C8E0C820C760C03
:1028B0006C0C680C610C530C4E0C490C440C3F0C16
:1028C0003B0C360C310C2C0C280C250C200C1C0C51
:1028D000150C0C0C070C020CFB0BF40BED0BE60BB0
:1028E000DD0BD40BCB0BC20BB80BB40BB10BAB0B8A
:1028F000A70BA10B9B0B960B8F0B890B810B7B0BF3
:10290000750B6F0B6A0B630B5D0B570B4F0B470B74
:102910003F0B360B310B270B200B1B0B160B110B30
:10292000090B050B010BFD0AF80A070CF30AEE0A66
:10293000E90AE40ADF0ADA0AD50AD00ACB0AC60A8B
:10294000C10ABC0AB70AB20AAD0A280CA80AA00A32
:102950009C0A970A920A8D0A880A830A7E0A790AD3
:10296000740A6E0A670A620A5C0A580A530A4E0A17
:10297000490A440A3F0A3A0A350A300A2B0A260A4B
:10298000210A1C0A170A130A0E0A090A040AFF0977
:10299000FA09F509F009EB09E609E109DC09D709AB
:1029A000D309CF09CB09C809C509C009BB09B609B4
:1029B000B109AC09A709A3099E09E6099A09950975
:1029C00090098B09860981097C097709350A730901
:1029D0006E09690963095D09570951094B094509E0
:1029E0003F09380931092A0923091C091509130A65
:1029F0000E0A0E0907090009F908F308F009EB09A6
:102A0000A10BEC08E608E008DB08D608D108CD08E1
:102A1000C908C108B908B308AD08A5089D08A309ED
:102A20009E09A10B96089509900886088609CA0D8B
:102A3000C40DB40D3F0973097F0878087508720842
:102A40006F086C0867085F0857084E084508130DA3
:102A5000F70C3B08280C370832082D0829082508F0
:102A60009C0A22081F081B08170812080D080808EE
:102A7000FE07F707F107EE07E907E107DA07EC08B9
:102A8000D407D007CC07C807C407C007BC07B807DE
:102A9000B407B007AC07A707A2079D0798079307DD
:102AA0008E0789077F077507F107700769075F07BA
:102AB000550750074B07460741073C0737073207C2
:102AC0002D07280723071E07190714070F070A07F2
:102AD00005070007FA06F206ED061708E706E00606
:102AE000D306C606C006BC06B306AA06A10695060E
:102AF0008F0689067D0676066B065D06500646063D
:102B000041063B0632062A06240620061A0615064A
:102B100009060206FC05F505ED05E505DF05D90505
:102B2000D305CB05C505C005B305AB05A1059705C4
:102B3000900589057C057005640559055005450516
:102B40003D0535052E05220515050A0504056578A0
:102B50006974004C4F573D756E746F75636865649A
:102B60002062797465730052535420004C4F5720F3
:102B7000004B5A2044494147332052414D20003CEC
:102B80002D6261636B006D6F72652D3E0007206ED4
:102B90006F7465200776656C6F63697479200773BD
:102BA0007465707365712031077374657073657136
:102BB000203200636F70797C737761707C70617311
:102BC00074652020202020203C3C207C203E3E209C
:102BD0007C6B6565707C6578697400766572736975
:102BE0006F6E00766F696365636172640000010255
:102BF000030405060708090A0B0C0D0E0F1011122D
:102C00001314151617191A1B1C1F1EFF1D191A1B4A
:102C10001C1F1EFF1D191A1B1C1F1EFF1D21202318
:102C20002425232425232425232425232425232464
:102C30002523242523242523242523242523242553
:102C40002324252324252324252728292728292729
:102C50002829272829494AFFFFFFFFFFFF2A2B2C9D
:102C60002D2E2F30313233343536373839000000CD
:102C70000000000000000000000000000000000054
:102C80000000000000000000000000000000000044
:102C90000000000000000000000000000000000034
:102CA00000000000000000000000000000FFFFFF27
:102CB000FFFFFFFFFFFFFFFFFFFFFFFFFFFFFFFF24
:102CC000FFFF1011160106071E30FFFFFF1CFFFF5C
:102CD000FFFFFFFFFF1C20080C0D191A1B1CFFFF34
:102CE000FFFFFF1A1B1CFFFF31FFFF1A1BFFFFFF37
:102CF00016FF30FF2AFF17FFFF0E0F02030001042B
:102D000005060708090A0B0C0D12131415FFFFFF27
:102D1000FFFFFFFFFFFFFFFFFF1D1E1F2021FFFF23
:102D2000FF1D1E1FFFFFFFFFFF1D1E1FFFFFFFFFF9
:102D3000FF2FFF1B111C19101AFFFF1BFF1C19FF8F
:102D40001AFFFF1BFF1C19FF1AFFFF2C2DFFFFFFAF
:102D5000FFFFFF313233343539494AFFFF00525DFE
:102D6000656211241FBECFEFD0E1DEBFCDBF11E001
:102D7000A0E0B1E0EAEFF7EC02C005900D92AA33B3
:102D8000B107D9F72FE0AAE3B1E001C01D92A23F3D
:102D9000B207E1F716E1C0EBD6E104C02197FE01CE
:102DA0000E94DC62CF3AD107C9F70E94665D0C949D
:102DB000D1630C9400008FEF8EBD0DB407FEFDCFE4
:102DC0008EB508950F931F93CF93DF938C01EB0182
:102DD00084E18093EB04EFDF8F3F39F48091EB04C3
:102DE0008111F9CF90E080E027C08E3FD9F7F8013C
:102DF0008FEF8EBD0DB407FEFDCF8EB580838FEFB4
:102E00008EBD0DB407FEFDCF8EB581838FEF8EBDD5
:102E10000DB407FEFDCF8EB582838FEF8EBD0DB44E
:102E200007FEFDCF8EB5838324973496209701F754
:102E3000C2DFC1DF81E090E0DF91CF911F910F9160
:102E400008952C9AB8CF82E38093EA04B4DFB3DF0D
:102E50008F3F39F08091EA048111F9CF90E080E052
:102E6000089581E090E008951F93CF93DF93182F8A
:102E7000D92FC62FE8DF9C01892B69F1CEBD0DB497
:102E800007FEFDCF21E030E0CD3F29F1E12FFD2FFE
:102E9000CF019E5F20812EBD0DB407FEFDCF2181A5
:102EA0002EBD0DB407FEFDCF3296E817F90791F756
:102EB0008FEF8EBD0DB407FEFDCF8FEF8EBD0DB42D
:102EC00007FEFDCF78DF8F7141E090E0853009F09B
:102ED00040E0242F392FC901DF91CF911F91089530
:102EE000CF93DF932C98AFDFEC01892B29F4A9DF76
:102EF000CE01DF91CF910895C1E0D0E0F9CFCF921C
:102F0000DF92EF92FF92CF93C82F6A017B0187FF78
:102F100009C040E050E0BA0187E3F1DF823008F0F9
:102F20003CC0CF778EDFDCDF892B09F43CC043DF68
:102F30008C2F80648EBD0DB407FEFDCF8F2D992799
:102F4000AA27BB278EBD0DB407FEFDCFC701AA2758
:102F5000BB278EBD0DB407FEFDCFBB27AF2D9E2D29
:102F60008D2D8EBD0DB407FEFDCFCEBC0DB407FE7A
:102F7000FDCF85E9CC2321F087E8C83009F081E056
:102F80008EBD0DB407FEFDCFCC3009F414DFCAE0CE
:102F900012DF87FF02C0C150D9F7CF91FF90EF90A9
:102FA000DF90CF9008958FEFF8CFCF92DF92EF921E
:102FB000FF920F93CF93DF93EB0169017A018111A7
:102FC0004FC0002309F44CC08091150180FD4AC018
:102FD0008091150182FD48C08091EC0483FD07C0FB
:102FE00099E0CC0CDD1CEE1CFF1C9A95D1F701304A
:102FF000C9F4B701A60188E182DF81112FC06EEF0D
:10300000CE0132DF892B09F000E01BDF81E00111E6
:1030100001C080E0DF91CF910F91FF90EF90DF90A2
:10302000CF900895867031F0402F50E070E060E05E
:1030300087E965DFB701A60189E161DF8111E5CF8D
:103040006CEFCE0111DF892B19F0DE5F0150C1F763
:103050006DEF90E080E008DF892BB9F601E0D5CF75
:1030600084E0D8CF83E0D6CF82E0D4CF0F93CF9344
:10307000DF93EB01E42F952FA9016E2F792F81119A
:103080003BC0002309F438C08091150180FD36C093
:103090008091EC0483FD07C089E0440F551F661F33
:1030A000771F8A95D1F70130A1F481E128DF8111E2
:1030B00007C060E072E0CE0185DE892B09F000E0F8
:1030C000C0DE81E0011101C080E0DF91CF910F915E
:1030D000089582E114DF8111F3CF60E072E0CE0148
:1030E00071DE892B19F0DE5F0150B9F740E050E046
:1030F000BA018CE004DFE4CF84E0E7CF83E0E5CFE2
:10310000A4E0B0E0E6E8F8E10C941163811199C005
:103110008091150181FF06C0809115012496E8E099
:103120000C942D6382E08093EB048091EB04811179
:10313000FCCF82E58CBD1AE03EDE1150E9F740E09D
:1031400050E0BA0180E0DBDE082F813009F067C073
:1031500084E68093EB044AEA51E060E070E088E0A6
:10316000CEDE813009F03BC08E010F5F1F4F6E0134
:1031700085E0C80ED11C78011EDEF70181937F0126
:10318000EC15FD05C9F78B81813009F048C08C81B1
:103190008A3A09F044C08091EB04882341F040E072
:1031A00050E060E070E489EAAADE8111F4CF8091FA
:1031B000EB048823A1F140E050E0BA018AE39FDEEE
:1031C00081112DC0F8DDF80181938F01EC15FD050B
:1031D000C9F7898114E086FF23C01CE021C040E0CC
:1031E00050E0BA0189EA8BDE11E0823010F412E07F
:1031F00009EA8091EB04882339F040E050E0BA01FD
:10320000802F7DDE8111F5CF8091EB04882339F08A
:1032100040E052E060E070E080E171DE811110E09A
:103220001093EC040EDE80911501112331F08E7F96
:103230008093150180E58CBD6FCF8160809315016F
:103240006BCF81E06BCFCF92DF92EF92FF92E09154
:103250007305F0917405309709F01082109275058E
:1032600085E795E090937405809373058FB7F89484
:10327000C0906F05D0907005E0907105F0907205D8
:103280008FBF8EEEC80E82E0D81EE11CF11C2FB756
:10329000F89480916F0590917005A0917105B0919F
:1032A00072052FBF8C159D05AE05BF0558F480E053
:1032B00027DF982F817090FDEACFFF90EF90DF908D
:1032C000CF90089581E0F9CFFC01309791F02081F3
:1032D000222379F0268137812617370751F481811F
:1032E000811105C090911501892F817090FD83E0B7
:1032F000089589E008950F93CF93DF93EC019A012D
:10330000AB01BC01625D7F4F01E08981AFDE8111BD
:1033100026C0FE01E45DFD4F2081318125353A4A0A
:1033200001F5E85CF140408151816281738177272A
:10333000463451446445710571F0C058DF4F4881EF
:1033400059816A817B81772781E046345144644505
:10335000710509F480E0DF91CF910F91089583E02A
:10336000FACF82E0F8CFA2E1B0E0E9EBF9E10C940A
:103370000763DC019B01142FED91FC911197808173
:10338000082E000C990BC0978A30910568F0409187
:103390007305509174055A8B498BD9014D935C93F9
:1033A000452B61F41CE01CC041814A3381F7329601
:1033B000ED93FC93892B59F31BE012C0E989FA893C
:1033C0008081882391F0818181110FC08091150146
:1033D00080FD0BC0112321F0182F147082FD1AE01C
:1033E000812F6296E2E10C942363A989BA891C9229
:1033F00011961C9280E084DE80FD05C2112311F03D
:1034000082FDEDCF40E050E0BA0189899A8973DFEF
:10341000182F813009F0B9C1E989FA89E051FE4FCE
:103420008081811102C01DE0DBCFE989FA89EC506F
:10343000FE4F80809180A280B380B501A40189896C
:103440009A8959DF182F133009F4DFC11111EBCF1E
:10345000E989FA8981AD92AD8115924021F7E98918
:10346000FA89EC5BFF4F40805180712C612C411434
:10347000510441F4E989FA89EE5AFF4F40805180A6
:1034800062807380A989BA895A964D925D926D9235
:103490007C925D97DE964C91DE9713964C93139732
:1034A0008FEF840F823008F0BECFDB960C91DB9754
:1034B00012960C931297002309F4B5CF202F30E019
:1034C000C901019780239323892B09F0ACCFFD011B
:1034D000FF962080318019963C922E921897C10158
:1034E0008F709927892B09F09ECF3296C080D180AA
:1034F000F12CE12CC114D10441F4E989FA89E25B91
:10350000FF4FC080D180E280F380A989BA89DC9620
:10351000ED91FC91309709F486CFA42FB0E0A30180
:1035200092010E94FD626D877E878F87988B9F0135
:1035300050E040E029873A874B875C87C10164E00F
:10354000969587956A95E1F7280F391F411D511D02
:10355000DA01C9012D853E854F855889280F391F0D
:103560004A1F5B1F2D833E834F835887C216D306A5
:10357000E406F50608F457CFD701C601821B930B6A
:10358000A40BB50B89839A83AB83BC83C02ED12C4B
:10359000F12CE12CBC01CD01A70196010E949E6295
:1035A00089819A81AB81BC818C159D05AE05BF05D3
:1035B00008F439CF263F9FE039074105510508F44B
:1035C000E8C0263FAFEF3A074105510508F4E4C0D3
:1035D000B3E0B98369017A0182E0C80ED11CE11C15
:1035E000F11CA989BA895696CD92DD92ED92FC9292
:1035F00059978D819E81AF81B885880D991DAA1D2F
:10360000BB1DE989FA8986A397A3A0A7B1A78985DD
:103610009A85AB85BC85880D991DAA1DBB1D868F1B
:10362000978FA0A3B1A3F981F33009F0B8C021149A
:10363000310409F0F8CEE989FA89E65AFF4F808112
:103640009181A281B381E989FA8982A393A3A4A37A
:10365000B5A342E0CC0CDD1CEE1CFF1C4A95D1F753
:103660003FEFC30E31E0D31EE11CF11C89E0F6945C
:10367000E794D794C7948A95D1F74C145D046E04EF
:103680007F0408F4D0CE8FEF9FEFDC01E989FA893F
:1036900086879787A08BB18B128613861486158632
:1036A000B981B33009F057C01582E25AFF4F8081CB
:1036B0009181A5019401280F391F411D511DA98930
:1036C000BA8952962D933D934D935C93559701E0A3
:1036D000BD01625D7F4F11968C91C8DC81113BC0AA
:1036E000E989FA89E45DFD4F8081918185359A4AA7
:1036F00091F5E989FA8986A597A5A0A9B1A982358E
:103700009245A146B14439F5E989FA89EE5EFD4F4B
:1037100080819181A281B38182379247A144B146D1
:10372000D1F4E989FA89E65EFD4F80819181A28119
:10373000B381E989FA8982879387A487B587EA5E8E
:10374000FD4F80819181A281B381E989FA898687C1
:103750009787A08BB18BE981A989BA89EC93809175
:10376000E8049091E90401969093E9048093E804B9
:1037700017969C938E9316979A961D921D921D9262
:103780001C929D9714961C922BCE812C912C540147
:103790005ACEE1E0E9831ECFF2E0F9831BCF21147A
:1037A000310409F440CE2D853E854F855889820F1E
:1037B000931FA41FB51FE989FA8982A393A3A4A329
:1037C000B5A3F981F23029F4CC0CDD1CEE1CFF1CF2
:1037D00047CFA3E0B0E0A70196010E94FD626D8390
:1037E0007E838F839887DC01CB01B695A79597954B
:1037F000879521E0C222DD24EE24FF24C80ED91EC5
:10380000EA1EFB1E2DCF13E0EBCD11E0E9CDA4E0C5
:10381000B0E0EDE0FCE10C941763FC019A01AB0110
:10382000225031094109510986899789A08DB18DAE
:103830000297A109B109281739074A075B0700F564
:10384000A281B0E00E94FD6269837A838B839C83AE
:1038500086A197A1A0A5B1A529813A814B815C8160
:10386000280F391F4A1F5B1F29833A834B835C83D0
:1038700069817A818B819C812496E2E00C94336388
:1038800019821A821B821C82F3CF4F925F926F9231
:103890007F92AF92BF92CF92DF92EF92FF920F93FF
:1038A0001F93CF93DF93EC016A017B014AA45BA4D1
:1038B0006CA47DA44C145D046E047F0481F480E04C
:1038C000DF91CF911F910F91FF90EF90DF90CF90FC
:1038D000BF90AF907F906F905F904F9008958C81D4
:1038E000811114C0C114D104E104F10441F301E0D9
:1038F000A7019601BE01625D7F4F8981B7DB81110F
:1039000011C0CAA6DBA6ECA6FDA6DACF5E018EE248
:10391000A80EB11C01E0A3019201B501898145DB2C
:10392000882311F081E0CCCF1C828E8D9F8DA8A1C1
:10393000B9A14A8D5B8D6C8D7D8D840F951FA61F5F
:10394000B71F481659066A067B0660F61B811230BF
:1039500048F28A8D9B8DAC8DBD8D480E591E6A1E16
:103960007B1E01E0A3019201B50189811EDB11508C
:10397000EECFB0E0A0E0EFEBFCE10C940963EC01CA
:103980006A017B01480159018881823009F464C0D1
:10399000833009F481C0813009F0BCC08A011695DA
:1039A0000795040F151FC801892F992786954E8DFD
:1039B0005F8D68A179A1480F591F611D711DCE014E
:1039C00064DF81113BC0882DF801F170EC0FFD1F01
:1039D0002601370121E04222552466247724C0FEC7
:1039E00007C086A58F7090E1899E90011124822BDB
:1039F00086A70F5F1F4F81E08C83C801892F99270D
:103A000086954E8D5F8D68A179A1480F591F611D64
:103A1000711DCE013ADF811111C01170FE01E00F5E
:103A2000F11F411451046104710479F064E0B6940B
:103A3000A794979487946A95D1F786A691E09C8382
:103A4000CDB7DEB7E0E10C94256396A5907FA92D54
:103A5000AF708A2E892AF1CF77276F2D5E2D4D2DDD
:103A60008E8D9F8DA8A1B9A1480F591F6A1F7B1F7A
:103A7000CE010BDF8111E2CFCC0CDD1CEE1CFF1C54
:103A8000E894C0F8B1E0DB22EE24FF24FE01EC0D47
:103A9000FD1D06A797A6D2CF8E8D9F8DA8A1B9A197
:103AA00037E076956795579547953A95D1F7480F42
:103AB000591F6A1F7B1FCE01E8DE8111BFCF92E044
:103AC000CC0CDD1CEE1CFF1C9A95D1F72CEFC2220A
:103AD00021E0D222EE24FF24F601BE96EC0FFD1F5A
:103AE0009381428150E070E060E0BA01552744279D
:103AF000792BCC0EDD1E442755276627707F842A3C
:103B0000952AA62AB72AD6019E968C929182A282E5
:103B1000B38294CF82E092CFAF92BF92CF92DF92E6
:103B2000EF92FF921F93CF93DF93EC016A017B0129
:103B300082E0C816D104E104F10408F4BDC08E8906
:103B40009F89A88DB98DC816D906EA06FB0608F02C
:103B5000B3C08881823009F452C0833009F46FC049
:103B60008130A9F45A01B694A794A40EB51EC501DC
:103B7000892F992786954E8D5F8D68A179A1480F71
:103B8000591F611D711DCE0180DE882321F06FEF6A
:103B90007FEFCB0128C0F501F170EC0FFD1F16A5DA
:103BA0008FEFA81AB80AC501892F992786954E8DDF
:103BB0005F8D68A179A1480F591F611D711DCE014C
:103BC00064DE8111E4CF81E0B822CA0DDB1D8EA531
:103BD000782F612FC0FE11C0B4E076956795BA9535
:103BE000E1F790E080E0DF91CF911F91FF90EF909F
:103BF000DF90CF90BF90AF9008957F70F2CF77277E
:103C00006F2D5E2D4D2D8E8D9F8DA8A1B9A1480FD2
:103C1000591F6A1F7B1FCE0138DE8111B8CFCC0C33
:103C2000DD1CEE1CFF1CE894C0F881E0D822EE24D5
:103C3000FF24CC0DDD1D8FA56EA5782FD2CF8E8DE4
:103C40009F8DA8A1B9A1E7E076956795579547950F
:103C5000EA95D1F7480F591F6A1F7B1FCE0115DE69
:103C6000811195CF82E0CC0CDD1CEE1CFF1C8A95E7
:103C7000D1F78CEFC82281E0D822EE24FF24F60190
:103C8000BE96EC0FFD1F2381628170E090E080E022
:103C9000CB0177276627922BCC0DDD1D2EA5622B3D
:103CA000C180D12CDC2CCC24F12CE12C6C297D2979
:103CB0008E299F299F7097CF61E070E080E090E0AF
:103CC00092CFA6E0B0E0E7E6FEE10C9413638C012E
:103CD0006D837E83ED81FE81DC011596FC93EE936E
:103CE000149716964D915D916D917C911997413085
:103CF00051056105710529F482E02696E6E00C94F1
:103D00002F63ED91FC9186899789A08DB18D48171D
:103D100059076A077B0780F7411551056105710551
:103D200009F041C08081833049F442A153A164A1CC
:103D300075A14115510561057105A9F5D8011A96BE
:103D40001D921D921D921C921D97808591852D813B
:103D50003E812817390780F682A193A1A4A1B5A1BD
:103D600044E0369527954A95E1F7820F931FA11DF0
:103D7000B11DF80186879787A08BB18BD801808110
:103D800091818E96ED81FE81EF70FF2725E0EE0F89
:103D9000FF1F2A95E1F7E80FF91F5396FC93EE9366
:103DA000529780E0AACFE280F0E1EF9E70011124EB
:103DB000D8018D919C911197ED81FE81EE15FF0543
:103DC000E8F41A964D935D936D937C931D971FDDD8
:103DD00069837A838B839C838D819E8134E0969561
:103DE00087953A95E1F729813A814B815C81280FCB
:103DF000391F411D511DDA01C901BBCF8DDE462F90
:103E0000572FBC014F3F2FEF520762077207D1F0C7
:103E1000423051056105710508F46ECFD801ED916E
:103E2000FC9186899789A08DB18D481759076A073B
:103E30007B0708F061CFED81FE81EE19FF09FE835B
:103E4000ED83B6CF81E059CFCF93DF93EC016C8146
:103E50007D8137DF811111C04E855F856889798941
:103E60008881998112DD811108C0EA89FB8995EE6C
:103E70009083E881F98191E09483DF91CF91089557
:103E8000B0E0A0E0E6E4FFE10C940963EC014A0134
:103E90005B0181149104A104B104B9F44A845B84E8
:103EA0006C847D84411451046104710449F08E894D
:103EB0009F89A88DB98D481659066A067B06D0F0F1
:103EC000412C512C3201439415C026DE6B017C013C
:103ED00022E0C216D104E104F10408F4A7C08E89DF
:103EE0009F89A88DB98DC816D906EA06FB06D8F0B9
:103EF00024013501730162018FEFC81AD80AE80A5C
:103F0000F80A8E899F89A88DB98DC816D906EA0648
:103F1000FB06A8F022E0421651046104710450F43B
:103F2000C12CD12C7601C701B601CDB7DEB7E0E1D7
:103F30000C94256322E0C22ED12CE12CF12CB70188
:103F4000A601CE01E9DD462F572FBC0141155105D1
:103F500061057105C1F04F3F8FEF5807680778077B
:103F600029F4CC24CA94DC2C7601DDCF41305105F4
:103F70006105710509F45AC0C414D504E604F704B8
:103F800009F0BACFCDCF22E0C216D104E104F1048A
:103F900008F44CC08E899F89A88DB98DC816D906A2
:103FA000EA06FB0608F042C00FEF1FEF2FEF3FE0DD
:103FB000B701A601CE01DDDC811135C08114910469
:103FC000A104B104C9F4CA86DB86EC86FD868E8521
:103FD0009F85A889B9898F3F2FEF9207A207B20763
:103FE00009F4A1CF0197A109B1098E879F87A88BFA
:103FF000B98B81E08D8397CF82E088169104A1046C
:10400000B104A0F08E899F89A88DB98D8816990674
:10401000AA06BB0658F497018601B501A401CE019A
:10402000A8DC882381F2813009F49BCFC12CD12CEC
:104030007601C39478CFB0E0A0E0E1E2F0E20C9426
:104040000C63EC016B010C811D810F5F1F4F31F47C
:1040500084E0CDB7DEB7EDE00C9428634E855F8534
:1040600068897989411551056105710589F37801E0
:104070008FE0E822FF24E114F104D1F488819981D2
:104080004F5F5F4F6F4F7F4F4E875F87688B798B96
:104090004A855B856C857D854115510561057105F6
:1040A000B9F4DC0118968D919C910817190780F6D8
:1040B0001D830C83888199818E9625E0EE0CFF1C70
:1040C0002A95E1F7E80EF91EFB8AEA8A80E0C1CF63
:1040D000FC0122812150330BF801A4E0F695E7950D
:1040E000AA95E1F72E233F23232B11F715DD4B0172
:1040F0005C01F2E08F169104A104B10410F482E097
:10410000A8CF8FEF88169806A806B80611F481E0AC
:10411000A0CF88819981DC0156964D915D916D917A
:104120007C91599784169506A606B70608F44CC0EC
:10413000C114D10409F48CCF4A855B856C857D85DB
:104140009FDE4B015C0187E081149104A104B1045E
:1041500009F47FCFB1E08B169104A104B10479F288
:10416000EFEF8E169E06AE06BE0689F240E050E0E6
:10417000BA018881998189DB782E8111C8CF288185
:104180003981C9018E96225D3D4F8217930751F503
:10419000C880D980B501A401C60139DBF60162A748
:1041A00073A784A795A7E881F98182817816F0F03A
:1041B00082A593A5A4A5B5A587199109A109B1095F
:1041C00082A793A7A4A7B5A78A869B86AC86BD863F
:1041D000B501A401888199811ADB6E877F87888B5E
:1041E000998B66CFDC011D92CD01CFCF81E0848316
:1041F00040E050E0BA01CF0148DB811188CFE8816F
:10420000F98182A593A5A4A5B5A50196A11DB11D0F
:1042100082A793A7A4A7B5A77394C5CF6F927F92E7
:104220008F929F92BF92CF92DF92EF92FF920F9365
:104230001F93CF93DF93EC017B01DB018C918F32D5
:1042400011F08C3519F4BFEFEB1AFB0A1E821F82A6
:1042500018861986F7018081803208F0A6C070E0C8
:1042600060E0CE012EDD1B8A1A8ADF91CF911F916B
:104270000F91FF90EF90DF90CF90BF909F908F9025
:104280007F906F9008953F0191C040E2DC014D9313
:10429000CD019BC04FEB410F4A3148F46894B1F80F
:1042A000AF01480F591FDA010C93019699C04FE9ED
:1042B000410F4A31A8F76894B0F800EE010FF0CF33
:1042C000E60EF71E40E0113208F444E0892B09F4B1
:1042D000AFC08081853E11F485E0808328303105B0
:1042E000A1F5BB0CBB0C8B2D8C70843009F448609D
:1042F000438770E060E0CE01E4DC811130C04E8580
:104300005F856889798988819981BFDA811127C0A1
:10431000EA89FB898081882309F19385892F887038
:1043200093FD0EC02C899D89AF01455F5F4FE41757
:10433000F507A9F0A22FB92F21919D91291759F0C6
:1043400070E060E0CE0177DED8CF8B2D83708130B6
:1043500051F64061C8CF2A2F9B2FE9CF84E0EC892A
:10436000FD899385882339F0843009F07ECF92FD52
:104370007CCF85E07ACF92FD78CFEA89FB8983856F
:1043800084FFF7CF84899589B0E0A0E0DC0199270C
:104390008827428D538D70E060E0842B952BA62BEF
:1043A000B72B8E839F83A887B98737017301F301E9
:1043B00081918F3209F467CF8C3509F464CFEC8991
:1043C000FD899F01255F3F4FCF012817390709F06D
:1043D0005CCF90E080E070E060E028E030E0B12C5D
:1043E0006F5F7F4FD3011D913D01012F113208F402
:1043F00067CF1F3209F464CF1C3509F461CF1E3238
:10440000C9F082179307A0F417FD12C0C12ED12C5A
:104410004AE2842E41E0942ED4014D914D01442373
:1044200009F438CF042E000C550BC416D506A1F79D
:1044300086E01BCF28303105D9F7BB0CBB0C88E0D8
:1044400090E02BE030E0CCCFB0E0A0E0EAE2F2E296
:104450000C940D63EC016A017B0122E0C216D104C9
:10446000E104F10408F45FC08E899F89A88DB98D9D
:10447000C816D906EA06FB0608F055C046015701E2
:10448000B701A601CE0148DB6B017C01C114D10448
:10449000E104F10431F480E0CDB7DEB7ECE00C9438
:1044A000296381E0C816D104E104F104E1F12FEFA2
:1044B000C216D206E206F206C1F182E08816910425
:1044C000A104B10480F18E899F89A88DB98D8816C9
:1044D0009906AA06BB0638F500E010E09801B50180
:1044E000A401CE0146DA8111D7CF8E859F85A88998
:1044F000B9898F3F2FEF9207A207B20749F00196C3
:10450000A11DB11D8E879F87A88BB98B81E08D83FC
:104510008E899F89A88DB98DC816D906EA06FB0633
:1045200008F4ACCFB8CF82E0B7CF81E0B5CF9B0124
:10453000FC01460F571F2417350709F40895D901C8
:104540008D919D018193F7CFB0E0A0E0EAEAF2E21D
:104550000C9408636C017B014A018091A30714E16C
:10456000882309F491C0FA01118210826091A60794
:104570007091A7078091A4079091A5070E946419E4
:10458000182F811181C08091A80787FD61C0F82F85
:10459000F1703F2E80FF42C18091AE079091AF072E
:1045A000A091B007B091B1074091AA075091AB0715
:1045B0006091AC077091AD07841B950BA60BB70BF0
:1045C000A70170E060E084179507A607B70708F415
:1045D0007C01E114F10409F457C04091AA075091FD
:1045E000AB076091AC077091AD07DB01CA01917018
:1045F000AA27BB27892B8A2B8B2B09F0DCC0E091E3
:10460000A407F091A507828181502A013B01A9E00E
:104610007694679457944794AA95D1F7082F04216C
:1046200009F040C0452B462B472BA1F44091B2071F
:104630005091B3076091B4077091B50742305105AE
:1046400061057105A8F48091A80780688093A80788
:1046500012E01AC04091B6075091B7076091B807B1
:104660007091B907CF0158DA462F572FBC01E6CF1A
:104670004F3F8FEF58076807780761F48091A807CC
:1046800080688093A807132D812FCDB7DEB7E1E1B5
:104690000C9424634093B6075093B7076093B80710
:1046A0007093B907A090A407B090A5074091B607F2
:1046B0005091B7076091B8077091B907C501A7D8A5
:1046C0002B013C01411451046104710409F4BBCF76
:1046D000400E511C611C711CE11492E0F90608F4B3
:1046E00062C0E701CD2FDD27C695F5016281802FDD
:1046F00090E0AC014C0F5D1F262F30E064171506CB
:1047000018F4E901C81BD90B0C2FA3019201B601C3
:10471000F50181810E9436188111B0CFE091A40784
:10472000F091A50784818823D9F082A593A5A4A53B
:10473000B5A584199509A609B709AE0170E060E036
:1047400084179507A607B70758F4BF01625D7F4F2E
:10475000982F8827990F40E052E08C0D9D1DE7DED1
:10476000DC2FCC27DD0FCC0EDD1E8091AA079091A7
:10477000AB07A091AC07B091AD078C0F9D1FA11D99
:10478000B11D8093AA079093AB07A093AC07B09399
:10479000AD07F401808191818C0F9D1F91838083EF
:1047A000EC1AFD0A16CF4092BA075092BB076092EE
:1047B000BC077092BD072091AA073091AB073170FA
:1047C00080E092E0821B930BE7018E159F0508F4B1
:1047D000EC014091BA075091BB076091BC07709102
:1047E000BD078091A4079091A5074FD8811146CFAE
:1047F0008091AA079091AB07A091AC07B091AD074B
:104800009170AA27BB278E966091A4077091A50787
:10481000680F791FAE01C6018ADEA5CF17E034CF3D
:104820002F923F924F925F926F927F928F929F92C0
:10483000AF92BF92CF92DF92EF92FF920F93CF93FE
:10484000DF935C016B011A018091A307C4E1882307
:1048500009F45FC0FA01118210826091A60770917D
:10486000A7078091A4079091A5070E946419C82FFB
:1048700081114FC08091A80787FD61C181FFD1C11F
:104880008091AE079091AF07A091B007B091B107AA
:10489000AC01BD014C0D5D1D611D711D481759070F
:1048A0006A077B0708F0F0C08091AA079091AB07D8
:1048B000A091AC07B091AD074091AE075091AF0702
:1048C0006091B0077091B107481759076A077B07D5
:1048D00008F49EC18091A80780628093A80719C040
:1048E0004091B6075091B7076091B8077091B9072A
:1048F000C7DA462F572FBC0111C14F3FFFEF5F07AB
:104900006F077F07C9F48091A80780688093A80784
:10491000C1E08C2FDF91CF910F91FF90EF90DF904E
:10492000CF90BF90AF909F908F907F906F905F904F
:104930004F903F902F9008954093B6075093B7073C
:104940006093B8077093B9078091A4079091A50769
:10495000FC0142A453A464A475A44091BA075091E9
:10496000BB076091BC077091BD07441655066606EB
:10497000770639F440E050E0BA010E94451C8111ED
:10498000C2CF8090A4079090A5074091B6075091A0
:10499000B7076091B8077091B907C4010E94071C5E
:1049A0002B013C01411451046104710409F4C2C09B
:1049B0004D0E511C611C711CC114F2E0DF0608F49D
:1049C000C0C07601EF2CFF24E694F40162818D2FA4
:1049D00090E0AC014E0D5F1D262F30E064171506E8
:1049E00018F47901E81AF90A0E2DA3019201B50114
:1049F000F40181810E94D517811185CF8091A40790
:104A00009091A507FC0142A553A564A575A544197D
:104A10005509660977092701712C612C4415550544
:104A20006605770578F4542F4427550FB501640FB8
:104A3000751F40E052E08E967ADDE091A407F09178
:104A4000A5071482FE2CEE24FF0CAE0CBF1C809137
:104A5000AA079091AB07A091AC07B091AD078E0D5E
:104A60009F1DA11DB11D8093AA079093AB07A09332
:104A7000AC07B093AD07F101808191818E0D9F1D30
:104A800091838083CE18DF084091AA075091AB072D
:104A90006091AC077091AD07C114D10409F404CF43
:104AA000DB01CA019170AA27BB27892B8A2B8B2B8C
:104AB00009F074C08091A4079091A507FC01D281F0
:104AC000D1502A013B01E9E07694679457944794CA
:104AD000EA95D1F7D42109F037CF452B462B472B48
:104AE00009F0FECE4091B2075091B3076091B40730
:104AF0007091B5074115510561057105A9F440E0B4
:104B000050E0BA01BDD9462F572FBC014093B207E0
:104B10005093B3076093B4077093B50741155105DF
:104B20006105710509F4C0CE41305105610571057B
:104B300009F0E3CE8091A80780688093A807C2E0BF
:104B4000E8CE4091AA075091AB076091AC077091F5
:104B5000AD078091AE079091AF07A091B007B091DB
:104B6000B107481759076A077B0780F040E050E01B
:104B7000BA01C4010E94451C8111C5CEE091A40771
:104B8000F091A50742A653A664A675A64092BA075F
:104B90005092BB076092BC077092BD072091AA0794
:104BA0003091AB07317080E092E0821B930B76016D
:104BB0008C159D0508F47C014091BA075091BB0704
:104BC0006091BC077091BD078091A4079091A507E3
:104BD0000E94451C811197CE8091AA079091AB0746
:104BE000A091AC07B091AD079170AA27BB278E9614
:104BF0002091A4073091A507A701B501820F931F4B
:104C000096DCE091A407F091A50781E084831DCF95
:104C10008093AE079093AF07A093B007B093B1070E
:104C200059CEC7E076CE1F93CF93DF93EC0170E0AF
:104C300060E047D8182F811138C04E855F8568899C
:104C40007989888199810E94451C182F81112DC076
:104C5000EA89FB898081853E59F0882349F061E02B
:104C600070E0CE01E8D9E6CFF90111929F0111C0A1
:104C70004E855F8568897989888199810E94451C64
:104C8000182F811112C08A899B89AC01405E5F4F49
:104C90009C014217530741F76C897D894BE050E036
:104CA00046DCE881F98181E08483812FDF91CF9117
:104CB0001F9108954F925F926F927F928F929F9271
:104CC000AF92BF92FF920F931F93CF93DF93CDB715
:104CD000DEB7A4970FB6F894DEBF0FBECDBF9CA37E
:104CE0008BA3F62E1092A5071092A407462F4E71A3
:104CF000BE016F5F7F4FCE0183960E94B3199E0164
:104D0000295E3F4F3E8B2D8B811105C06BA17CA18D
:104D1000CE01019683DA0B891C89811104C001152B
:104D2000110509F486E09F2D9C7109F4D3C08823F6
:104D3000F9F0843049F4CE01019675DF6894F3F8F8
:104D40000B891C898823E1F0A4960FB6F894DEBF86
:104D50000FBECDBFDF91CF911F910F91FF90BF90FC
:104D6000AF909F908F907F906F905F904F9008953D
:104D7000D8011B968C91817109F0B7C0F3FE4EC02B
:104D800080ECF801868788E087878FE8808B8EE348
:104D9000818B1386148E158E168E178E84889588B7
:104DA000B12CA12C540199248824828D938DB0E0DC
:104DB000A0E0882A992AAA2ABB2A128E138E148A66
:104DC000158A89819A8121E0DC0114962C9314972D
:104DD00081149104A104B104E9F09A964D905D907C
:104DE0006D907C909D97B501A4012EDB8111ACCF15
:104DF00089819A81B1E08B1A9108A108B108FC0160
:104E000082869386A486B586B301A2010E94451CC2
:104E100081119ACFF3FE02C06894F5F8E981FA8116
:104E200082A593A5A4A5B5A58093BE079093BF07BF
:104E3000A093C007B093C1071093C3070093C207A4
:104E4000F092A807D80154968D919C91B0E0A0E013
:104E50005C0199248824D8015A964D915C9170E0A8
:104E600060E0D501C401842B952BA62BB72B809332
:104E7000B2079093B307A093B407B093B507D801D6
:104E80005C964D915D916D917C915F974093AE07DB
:104E90005093AF076093B0077093B1071092AA07C1
:104EA0001092AB071092AC071092AD071092BA07A0
:104EB0001092BB071092BC071092BD07F093A50794
:104EC000E093A407868197819093A7078093A60714
:104ED00080E03ACF811138CFD8011B968C9184FDA8
:104EE00006C0F1FE97CF80FF95CF87E02DCF84E0FD
:104EF0002BCFCF93C62F9A01009741F4FA0180E39C
:104F00008193C150C1111082CF91089597FF08C0BD
:104F10004DE2F90141939F01C1509195819591090D
:104F200040E0E42FF0E04F5FE652FB4F6AE070E0B4
:104F30000E948B628083CB01009799F7842F522FB8
:104F4000932F882369F08150E52FF92FA82FB0E027
:104F5000A652BB4F9C91905D91935E2F9F2FF1CFF6
:104F6000F901E40FF11DC41BCDCFEBECF4E080EFB1
:104F700087838FE080838183828384838583868394
:104F800013820895E091C904F091CA048585E485EF
:104F9000F0E0E553FB4F8083089508958091E1048C
:104FA000823011F41092E10481E0089581E00895C7
:104FB0008091E104882321F01092E10481E00895BA
:104FC00081E08093E104FACF80E0089581E00895C4
:104FD00081E0089508959091E5042DE531E0929FD8
:104FE000F001939FF00D1124EC53F84FE60FF11DE3
:104FF000E458FF4F9081992321F0891718F0891BFD
:10500000FCCF80E00895CF93DF93D82FC62F8091F7
:10501000C804D093E704D43068F4815087FD06C0FB
:10502000D13009F445C040F4DD2319F181E0DF916E
:10503000CF910895D450F2CFD250D230B8F76D2F1F
:10504000CADF2091E504B0E1DB9FB0011124680FB5
:10505000711D6F718DE591E0289FF001299FF00D82
:105060001124EC53F84FE60FF11DE058FF4FCC0F21
:105070001DC062E0B0DF4091E504E82FF0E0EE0FE4
:10508000FF1FB096EF732DE531E0429FC001439FB3
:10509000900D11248C53984FE80FF92FF11DE05813
:1050A000FF4FC695C85E60816078C62BC083BECFB7
:1050B00062E091DF4091E50450E0D0E0FE01EE0FA8
:1050C000FF1F90E0880F991F80968F7390E06DE529
:1050D00071E0469F9001479F300D569F300D11247F
:1050E0002C53384F820F931FCD2B59F4FC01E058FD
:1050F000FF4F20812F7720838F579F4FDC011C9219
:1051000095CFDC01A058BF4F2C9120682C938F576E
:105110009F4FE158DC01EC9389CF8091E104882313
:1051200039F01092E10484E08093E70481E008956F
:1051300081E08093E104FACFCF93DF93D82FC62F7D
:105140008091E1048823A9F18091C8049091E7043B
:1051500094300CF4815087FD2FC062E03CDF9091C9
:10516000E504282F30E0220F331F205E3F4F2F73BE
:1051700030E04DE551E0949FF001959FF00D112432
:10518000EC53F84FDF01A20FB31FA058BF4F9C9103
:1051900090789D2B9C93E20FF31FEF57FF4F608198
:1051A00060786C2B608362E08F5F15DF8093C804AA
:1051B00081E0DF91CF91089580E0FBCF80EF809375
:1051C000D10480915805882369F0E091C704E83044
:1051D00018F08FE08093D904E770F0E0E553FB4FBF
:1051E00083E080830895CEDEE091C904F091CA0483
:1051F00080818330B9F44091E504E091E2042DE52B
:1052000031E0429FC001439F900D11248C53984F71
:10521000E80FF92FF11DED51FF4F8081807F8093C2
:10522000D9040895809158058823D9F38091C70443
:105230008370B9F780EFF3CFE091C904F091CA040D
:10524000E80FF11D838190E1980F983058F48F702A
:1052500090E0FC01EE0FFF1FE80FF91FE05EFA4F30
:10526000848D08958091E5040895E82F8830C0F476
:105270008091C9049091CA04E80FF92FF11D838130
:1052800090E1980F983050F48F7090E0FC01EE0F91
:10529000FF1FE80FF91FE05EFA4F858D8D3408F08F
:1052A0008FEF089580EF8093D20408959093CA04FD
:1052B0008093C9041092E1041092E704089580EFEE
:1052C0008093D2048FE08093D1048091C204811135
:1052D0000EC08091C10481110BC085E02BEC34E03D
:1052E000F9019FE091939E2F921B9817D0F3089598
:1052F00083E0F4CF8091C204811108C08091E7045B
:105300008F5F81708093E70481E0089551DEFCCFC8
:10531000E091C904F091CA048381823080F480EF67
:105320008093D2048093D3048093D4048093D504D3
:105330008093D6048093D7048093D804089580EF97
:105340008093D1048FE0ECCFE091C904F091CA04BE
:105350008381833039F42481660F269F612D1124C7
:105360006093860481E00895482FE091C904F0918C
:10537000CA048381833099F4248180918604042EA9
:10538000000C550B840F952F911D97FD0AC02150DD
:10539000330B821793070CF49C012093860481E061
:1053A000089520E0FACF10928604089580FF17C078
:1053B00090910204209143049150921B9F71C1F37C
:1053C00090914304E92FF0E0EE0FFF1FED5FFB4FDC
:1053D000808361839F5F9F719093430408959091B0
:1053E0004404209185049150921B9F71C1F39091C8
:1053F0008504E92FF0E0EE0FFF1FEB5BFB4F80838E
:1054000061839F5F9F7190938504089580918504C7
:1054100090914404891B8F71C9F780914304909146
:105420000204891B8F7191F708951F93CF93DF9327
:10543000C82F142FD22FBADF612F8C2FB7DF6D2F1B
:105440008C2FB4DFDF91CF911F9108950F931F939D
:10545000CF93DF93C82F162F072FD42FE82FF0E01C
:10546000E050FB4F408360E1620FA0DF602F8C2F84
:105470009DDF612F8C2F9ADF6D2F660F8C2F96DFAB
:10548000DF91CF911F910F910895CF93DF93DC01AE
:1054900014968C9114978150282F082E000C330BF2
:1054A000982F1296ED91FC91139797FD10C0EF0184
:1054B000C20FD31F4881461731F0E80FF11D87FD59
:1054C000FA9540838150915021503109EACF608391
:1054D000DF91CF910895FC01448130E020E0822FDC
:1054E000241758F4A081B181A20FB31F9C919F771C
:1054F0002F5F3F4F6913F3CF08958FEF08954798BB
:105500000895449A0895809196039091D70381500D
:10551000891B8F730895CF93C82FF5DF8230B8F0C1
:105520009091D703E92FF0E0E956FC4F2C2F30E0A3
:1055300084E0359527958A95E1F72083CF70C18364
:105540009E5F9F739093D70382E0CF91089580E090
:10555000FCCF84FD5B9A9BB18295807F9F70892BE5
:105560008BB95A9A0895CF93C82FCDDF8230A8F017
:105570008091D703E82FF0E0E956FC4F9C2F9295DD
:105580009F7090619083CF70C061C1838E5F8F7375
:105590008093D70382E0CF91089580E0FCCFD9DFDC
:1055A00088E893E10197F1F75A985B9888E99AE3C4
:1055B0000197F1F70895CF93C82F82958F70EFDF91
:1055C0008C2F8F70ECDFCF91089528E2382F329F17
:1055D000C00111248B5B9C4F08952FB7F8948091E4
:1055E0006F0590917005A0917105B09172052FBF64
:1055F0008093410390934203A0934303B0934403E9
:105600000895E0910A05F0910B058F3F19F080E0B5
:105610000995089581E0FCCFA7E0B0E0E2E1FBE26C
:105620000C941463FC018B0187E0DE01119601905C
:105630000D928A95E1F71B8289818330B1F038F4AD
:10564000823059F0CE010196F801099502C08430EC
:10565000C9F32796E5E00C9430631982CE010196D8
:10566000FB01099584E08983EDCFCE010196FB0112
:105670000995F12CFA82F394FB821982CE010196EE
:10568000F801099584E08983CE010196F801099516
:10569000F6E0FF12EFCFDDCFFC018081833059F1BE
:1056A00038F4882391F08130D9F090E080E00895BB
:1056B0008430D9F741812DE531E0429FC001439FFD
:1056C000900D11248C5C974F089541812DE531E0B8
:1056D000429FC001439F900D11248C53984F089511
:1056E00041812DE531E0429FC001439F900D11247F
:1056F000845C974F089580E295E00895A6E0B0E0BD
:10570000E4E8FBE20C9411638C01C6DF6C01D80164
:10571000EC91E12CE53020F4F0E0EB5DFE4FE08011
:105720008FE692E6AAE6B0E289839A83AB83BC83D4
:10573000AE014B5F5F4F64E070E0CE01019670D820
:10574000F12CC7010496092E000CAA0BBB0B898310
:105750009A83AB83BC83AE014B5F5F4F64E070E024
:10576000CE0101965DD819821A821B821C82F80133
:1057700080818F5F898382818A83AE014B5F5F4F17
:1057800064E070E0CE0101964BD8AE014B5F5F4FF5
:10579000B701C60145D82696E8E00C942D638091A8
:1057A000FF029091FE02891B8F77C9F708950F932E
:1057B0001F93CF93DF93FC01418D80E0442309F4D4
:1057C00054C0C42FD0E08E010F5F1F4FD801AA0F25
:1057D000BB1FA00FB11FAE0FBF1F5C919E01220F18
:1057E000331FD901AC0FBD1FAE0FBF1F11969C9187
:1057F000961709F43FC0842F452FE0CF90E0019623
:10580000DC01AA0FBB1FA80FB91FAE0FBF1F5C930F
:105810009081DF015A9680E09817B1F05D915413A2
:1058200011C0A82FB0E0692F6150770BA617B707FA
:105830005CF4AE0FBF1F5B964C915B975A964C93EE
:105840008F5FEFCF8F5FE8CFD801AA0FBB1FA00FEC
:10585000B11FAE0FBF1F1C92C20FD31FCE0FDF1F91
:105860008FEF89831A8291509083DF91CF911F919E
:105870000F9108958111C2CF518FCACF0F931F93FB
:10588000CF93DF93FC0140A580E0442309F454C08A
:10589000C42FD0E08E010F5F1F4FD801AA0FBB1F8E
:1058A000A00FB11FAE0FBF1F5C919E01220F331FCF
:1058B000D901AC0FBD1FAE0FBF1F11969C9196175B
:1058C00009F43FC0842F452FE0CF90E00196DC0122
:1058D000AA0FBB1FA80FB91FAE0FBF1F5C9390810B
:1058E000DF01999680E09817B1F05D91541311C0D3
:1058F000A82FB0E0692F6150770BA617B7075CF4AB
:10590000AE0FBF1F9A964C919A9799964C938F5FC2
:10591000EFCF8F5FE8CFD801AA0FBB1FA00FB11F39
:10592000AE0FBF1F1C92C20FD31FCE0FDF1F8FEF12
:1059300089831A8291509083DF91CF911F910F91AB
:1059400008958111C2CF50A7CACFFF920F931F9322
:10595000CF93DF93EC01162F042F90DF88818C30DA
:1059600071F4FE01CE0184962681211101C0F480DC
:105970003396E817F907C1F76F2DCE017FDFFE01DF
:1059800081E094819F3F29F08F5F33968D30C9F776
:1059900080E0282F30E0A9014F5F5F4FDA01AA0FA6
:1059A000BB1FA40FB51FAC0FBD1F98A59C93F90199
:1059B000EE0FFF1FE20FF31FEC0FFD1F1183028399
:1059C00088A79881DE01999670E060E0062F69173C
:1059D00028F59B01ED916F5F7F4F4E2F50E0FA014C
:1059E000EE0FFF1FE40FF51FEC0FFD1F4181141791
:1059F00068F7FE01E90FF11D492F50A551A741504D
:105A000031970417D0F32C0F3D1FF90181A79F5F39
:105A10009883CDB7DEB7E5E00C943063FE01E90F63
:105A2000F11DF4CFEF92FF920F931F93CF93DF936B
:105A30008C01D62FF42EE22EC0E0F801E653FF4F82
:105A40008081C81760F4F801EC0FF11DEC53FF4F93
:105A50002E2D4F2D6D2F8081E8DCCF5FEECFCDB79F
:105A6000DEB7E6E00C942F63CF93DF939C01FC013B
:105A7000EC5AFE4F80813296D901AB5ABE4F81302D
:105A800029F410821C92DF91CF910895E901C4514D
:105A9000DF4F888181508C9327583F4FD9018C91DB
:105AA00081508083F0CFCF93DF93DC01EC01C052B3
:105AB000DF4F9C01285E3F4F5D96EC915D97EF3084
:105AC00070F4F0E0E457FA4DE491E88318962196DB
:105AD0000696A217B30781F7DF91CF910895EF5093
:105AE000F0E0EE0FFF1FE457FB4D45915491FC0190
:105AF000E553FF4F51834083E9CFE82FF0E0E050BA
:105B0000FB4F108260E652CCE62FF0E0EE0FFF1F55
:105B1000B096EF73E80FF92FF11D90898189692FF5
:105B20006F77782F7F77807890780895FC01968141
:105B30008181499F800D1124208190E02230A1F0C5
:105B400028F02330A1F08E519B4F0BC04DE551E062
:105B5000649F9001659F300D11242C53384F820FA4
:105B6000931FFC0180810895805E9A4FFACF875A77
:105B70009A4FF7CFDB0190E08C3018F09F5F8C508C
:105B8000FBCF880FE82FF0E0E65BF04EE491EC935A
:105B90008F5FE82FF0E0E65BF04EE4911196EC9316
:105BA0001197E92FF0E0E25CF04EE4911296EC934D
:105BB000129713961C920895FC01862F92819923C7
:105BC00081F0238164816F5F621B880F382F639F90
:105BD000812D1124820F943121F48F3E08F080EF43
:105BE0008E7F08952091100130911101C9018170BB
:105BF00099279195819591098827947B36952795CA
:105C00008227932790931101809310010895FC013E
:105C1000EE0FFF1FE251F14E85919491E62FF0E0D7
:105C2000EE0FFF1FE80FF91F8591949108958C588E
:105C30009F4FFC01208181E0222379F0862F6CE0C8
:105C40000E946B62692F822F90E0E1DF9C0181E06E
:105C50002F3F3F4711F480E0089508950F931F935D
:105C6000CF93DF938C01862FF801EF58FF4F2081EF
:105C70003CE0230390011124260F311D203831050B
:105C800014F02FE730E037FD20E030E8239FE001FB
:105C90001124F801EC58FF4F2081222349F06CE0D9
:105CA0000E946B62692F822F90E0B1DFC80FD91F6D
:105CB000F801EE58FF4F80819E01280F311D87FDAE
:105CC0003A95C901DF91CF911F910F910895A5E0F9
:105CD000B0E0EDE6FEE20C9413632091380530E06D
:105CE000C901880F991F092E000CAA0BBB0BAC0130
:105CF000BD01445254406A4F7F4F49835A836B839E
:105D00007C83220F331F220F331F032E000C440B02
:105D1000550B69817A818B819C810E94C0628901C7
:105D20006BECE62E62E0F62E1D828091390590E044
:105D30006D8182966CDF9801DC010E94E262A09185
:105D40003A05B0E09B01AC010E94FD6269837A8351
:105D50008B839C838B819C81800F911FF7018193A2
:105D600091937F01FD81FF5FFD83F031F1F680911A
:105D7000CB029091CC029093CA028093C9022596DF
:105D8000E6E00C942F63382FE0E2F5E020E08FEF9F
:105D9000321729F0938198239383909589232F5F5D
:105DA00034962630A9F708959091C802E92FF0E0C3
:105DB000E054FD4F80839F5F97709093C8020895D1
:105DC0002FB7F8948DB79EB72FBF2FE0823F920771
:105DD00021F018F0825F9F40089590E080E00895E0
:105DE00084B78093C4048DB79EB74097E2EFFFE07D
:105DF000E817F90718F425EA2193FACF0895982FA8
:105E0000882349F070E06F5F7F4F81E09617170697
:105E100019F080E0089581E008959091FF02E92F44
:105E2000F0E0E05CFD4F80839F5F9F779093FF02DF
:105E300008959091FE022091FF029150921B9F774E
:105E4000C1F3EBCFB0E0A0E0E8E2FFE20C94106316
:105E5000B82EC62EEA01D22EF02EA1DC0BE915E2F7
:105E6000F8018491E6DF0F5F1F4FF5E2013A1F074B
:105E7000B9F78B2DDEDF8C2DDCDF10E0FF20C9F0C1
:105E8000ED2EF12C1C2F1D0FCE0124E0959587954A
:105E90002A95E1F78F70CDDF8C2F8F70CADFC70195
:105EA00034E0959587953A95E1F7C3DF8D2F8F7094
:105EB000C0DF7E01ED0CF11CEC16FD0659F0899156
:105EC000180F82958F70B5DFFE01319780818F703A
:105ED000B0DFF2CF812F82958F70ABDF812F8F7073
:105EE000A8DF87EFA6DF5BDCCDB7DEB7E9E00C9477
:105EF0002C63FF920F931F93CF93DF93EC011881D4
:105F0000F12C153028F4E12FF0E0EB5DFE4FF0802E
:105F1000CE01C2DBAC0100E02F2D6A8181E0810F50
:105F200091DFCDB7DEB7E5E00C943063CF93DF931C
:105F3000D62FC42F72DF8D2F70DF8C2F6EDFDF9195
:105F4000CF9108959C0187E0243C380709F189E04E
:105F50002132380701F18AE02E373807F9F08BE05B
:105F60002B3D3807F1F08DE028333807E9F025594B
:105F70003E40E9F485E090E0880F991F880F991F53
:105F8000FC01E05EFA4F8081811181508069CECFA3
:105F900090E080E0F1CF81E090E0EECF82E090E011
:105FA000EBCF83E090E0E8CF84E090E0E5CF80E0C5
:105FB000EDCF20915A05213009F4C4CF0895B0E007
:105FC000A0E0E5EEFFE20C940E638C01D62F6F3F4C
:105FD00009F4C2C040E0EDDF78018FE7E80EF11C64
:105FE000D7018C91882309F452C0823009F476C01D
:105FF0006801BCEBCB1ABEEFDB0A6D2FC6016BDA72
:10600000C82FF60185818F3FC1F5CF3F51F0A081A8
:10601000B181AC0FB11D8C918F778C936C2FC60121
:1060200034DAF7018081F801E85BFE4F908183301C
:1060300009F097C0C91708F08FC0CC0FEC2EF12CD7
:10604000F801EE0DFF1DEC53FF4F808156DDFFEF91
:10605000EF1AFF0AF801E653FF4F8081E1E0EC0FF1
:106060008E151F0409F00CF4E0E0E00FF12FF11D94
:10607000EC53FF4F808141DD6FC0CF3F91F2019023
:10608000F081E02DEC0FF11D8FEF8083CACFF80176
:10609000E653FF4FB0807801FEEDEF1AFEEFFF0AE6
:1060A000D7015996EC918E2F90E0FC01EE0FFF1F67
:1060B000E80FF91FEE0DFF1DC1816D2FC70177DBC2
:1060C000F701D080D1100DC0E801CC53DF4FDB14B5
:1060D00009F442C0899111DDD394F9CFBB24B39464
:1060E000DACFDC1339C0E18D8E2F90E0FC01EE0F8A
:1060F000FF1FE80FF91FEE0DFF1D6181C801AEDD26
:10610000EC016801B4ECCB0ED11CA12C912CBA147B
:10611000E9F0D7015996EC918E2F90E0FC01EE0F3B
:10612000FF1FE80FF91FEE0DFF1D42814F77BE01E3
:10613000690D711D21E0F60181916F0187D9F80188
:10614000ED58FF4F8081980EA394E1CFF801EB58F2
:10615000FF4F80818823D1F0CDB7DEB7EBE00C9400
:106160002A63853081F49695C91720F4F801EC0F65
:10617000F11D7ECF80915A05833071F740E06D2F7D
:10618000C801E0DEE9CFC91738F7F0CFD801F80130
:10619000E353FF4F90E080E05F962C915F972130B2
:1061A00049F4228311821082EC01C352DF4FC00FE9
:1061B000D11F18820196189636968330910561F7A3
:1061C000CBCFB0E0A0E0E7EEF0E30C940D638C01E0
:1061D000D62FD42E2CDD882309F4A9C04D2D6D2F88
:1061E000C801E7DE58012FE7A20EB11CD5018C9142
:1061F0008D7F780109F0A4C0BEEDEB1ABEEFFB0A5B
:106200006D2FC701D4DAF701808198012A5D3E4FD6
:106210004901873079F4F901C801855C9E4F2281DC
:10622000211101C0C08133968E179F07C1F76C2FD3
:10623000C701BDDAF40181E090819F3F29F08F5FB3
:1062400033968830C9F780E0282F30E0A9014F5FEE
:106250005F4FDA01AA0FBB1FA40FB51FAE0DBF1D04
:10626000F701918D9C93F901EE0FFF1FE20FF31FD1
:10627000EE0DFF1DD183D282D70159968C93599789
:106280009C914801B4EC8B1ABEEF9B0AF0E0E0E071
:10629000CE2FE91708F050C0AF01F40161914F0112
:1062A000FA01319670E09B01220F331F260F371F32
:1062B0002E0D3F1DD90111962C91D21748F7E92FC9
:1062C000F0E0E45CFE4FE00FF11F292FDF013E916B
:1062D00030832150FD01C217C8F34E0D5F1DFA0136
:1062E000828F9F5FD7019C936D2FC801B7DCEC01B3
:1062F000F7019080CC24C394C91408F0C12CD501B7
:10630000EC90EE2009F45DC02C2D4D2DBE01F8015E
:10631000EC53FF4F80819AD8B1E0B91508F0F0C076
:10632000F801EB58FF4F8081882309F4E9C0CDB70D
:10633000DEB7ECE00C942963F701E90FF11DD0CF33
:10634000BCEBEB1ABEEFFB0AF701C48090E080E0E3
:10635000C82F8C1508F050C0D701ED91FC91E80FC3
:10636000F91F2081322F3F77D31302C027FD02C0CF
:106370000196EECF8F3F09F042C0F70185818F3F34
:1063800009F08CC06D2FC701A6D8C82F8F3F09F028
:106390008BC090E080E08C1508F06EC0D70112969B
:1063A000ED91FC911397E80FF91F20812C1538F41B
:1063B000ED91FC91E20FF11D308137FFC22F019664
:1063C000EACFF12CF801E653FF4F8081F81608F070
:1063D000A3CFBE016E0D711DF801EF0DF11DEC5341
:1063E000FF4F2C2D4D2D808131D8F801ED58FF4FF6
:1063F0008081E80EF394E6CFCFEFC110BECFF50158
:106400009081F801E85BFE4F8081933009F05BC01A
:10641000C81708F08CCFCC0F6D2FC8011FDC5C01B2
:10642000EC2EF12CF801EE0DFF1DEC53FF4F20E098
:106430004D2DBC0180810AD8F801ED58FF4F6081D5
:106440006A0D7B2D711DFFEFEF1AFF0AF801E6536D
:10645000FF4F8081E1E0EC0F8E151F0409F00CF472
:10646000E0E0E00FF12FF11DEC53FF4F20E04D2D48
:1064700080810E94262A44C0CF3FB1F490E080E0A2
:106480008C1590F4D7011296ED91FC91E80FF91F4D
:1064900020812C1508F4C22F0196F2CF8F5F8C1546
:1064A00080F48583F701C581D701ED91FC91EC0F54
:1064B000F11D8D2F806880836C2FC7010E94452AB3
:1064C0009ECF1582EFCF9530B1F58695C81780F431
:1064D0006D2FC801C3DBF801ED58FF4F2081BC01CF
:1064E000C29F600D711D1124F801EC0FF11DBCCF8E
:1064F00080915A05833021F44D2D6D2FC80122DD86
:10650000D801F801E353FF4F90E080E05F962C91B3
:106510005F97213049F4228311821082EC01C3522B
:10652000DF4FC00FD11F1882019618963696833020
:10653000910561F7FCCEC81708F0F9CEC9CF1F93BB
:10654000CF93DF93EB01142F68DC112331F08881A6
:1065500064DC113011F0898160DCDF91CF911F91F3
:1065600008958F5F80933F0210923E0210923D0289
:106570000895282F822F8295807F880F880F6F7350
:10658000862B9091E803E92FF0E0EE0FFF1FE35D0B
:10659000FD4F808341839F5F97709093E803089538
:1065A0002C988EBD0DB407FEFDCF2C9A089595B1A1
:1065B000987F982B95B90895AF92BF92CF92DF92B2
:1065C000EF92FF921F93CF93DF93EC01FC01E65A09
:1065D000FE4F81E0808310E06E018AECC80ED11C72
:1065E000F6018081181758F4FE01E10FF11DEC53FC
:1065F000FF4F60E080810E94D6291F5FEDCF88EABF
:1066000091E60197F1F710E0F60180811817E0F4A8
:10661000FE01E10FF11DEC53FF4FF0800E94062AAE
:106620008F2DC5DF80E7BCDF5E01F0E7AF0EB11C48
:106630007E01F7018FEFE81AF80A8081B1DFEA14D2
:10664000FB04B9F71F5FE0CFDF91CF911F91FF905F
:10665000EF90DF90CF90BF90AF900895FC019081B4
:10666000933031F02181822F880F820F890F089596
:1066700082E10895CF93DF93E6E1F1E08381C48165
:10668000D82FCF01EBDFE82FF0E0EE0FFF1FE6572A
:10669000FB4FD183C083DF91CF9108950E94062ADA
:1066A00087E085DF2E9A80E58CBD81E08DBD8093EB
:1066B0004B0108950F931F93CF938C01C42FFC01BE
:1066C00080819DDB8823B1F0F80191812281291717
:1066D00038F0C91718F081E02C1738F480E005C0B5
:1066E00081E02C1710F4C917C8F38170CF911F9166
:1066F0000F91089580E0FACF0F931F93CF93DF930C
:10670000EC0140E050E0BA010E94451C182F8111B5
:106710005CC08881833009F046C08D81882309F4EC
:1067200042C01AA61BA61CA61DA6BE01625D7F4F15
:106730009E01225D3D4FCB018217930709F04BC0AC
:1067400085E5FE01E45DFD4F80838AEA3196808312
:1067500082E58EA78FA781E688AB91E499AB22E70B
:106760007B97208331962083319690833196808366
:106770008E859F85A889B989319680839183A2836C
:10678000B3838A859B85AC85BD8534968083918350
:10679000A283B3832A893B894C895D8901E0898181
:1067A0000E94D5171D82898111E081110EC0809150
:1067B0001501182F117080FD08C00E947017892BD9
:1067C00071F00E9421170E942117812FDF91CF9134
:1067D0001F910F910895FC011192CF01ADCF11E0EF
:1067E000F2CFCF936091A6077091A7078091A4077D
:1067F0009091A5070E946419C82F811108C080914B
:10680000A80785FD07C01092A5071092A4078C2F3A
:10681000CF9108954091BE075091BF076091C00786
:106820007091C1078091A4079091A5070E94451C13
:1068300081113EC0E091C207F091C3078385806259
:1068400083878091AE079091AF07A091B007B09178
:10685000B107848F958FA68FB78F8091B2079091E3
:10686000B307A091B407B091B5072091B20730915A
:10687000B307338F228FCD01AA27BB27848B958B3B
:1068800080EC868B88E0878B8FE8808F8EE3818F0A
:106890008091A8078F7D8093A8078091A40790918D
:1068A000A50721E0FC01248327DF882309F4ABCF6F
:1068B000C82FADCF1F93CF93DF93D82FC92F162F9B
:1068C0008091A30781118DDF612F8D2F9C2F0E9456
:1068D0005A26813039F40E942319612F8D2F9C2F65
:1068E0000E945A2691E0811190E09093A307DF91D6
:1068F000CF911F910895CF92DF92EF92FF92CF93A5
:10690000DF93CDB7DEB7EA970FB6F894DEBF0FBEC0
:10691000CDBF9AAF89AF41E0BE016F5F7F4FCE011F
:10692000C9960E94B31981112BC0CE018D969E8B02
:106930008D8B69AD7AAD8C970E940E21811120C09C
:10694000EB89FC8986E03097D9F0238520FD60C073
:10695000C488D588F12CE12C7601DD24CC24828DED
:10696000938DB0E0A0E0C82AD92AEA2AFB2A24FDA8
:1069700014C0CE0101960E94241F882309F45CC034
:10698000EA960FB6F894DEBF0FBECDBFDF91CF9170
:10699000FF90EF90DF90CF90089582E0C816D10469
:1069A000E104F10408F45AC046E150E0BE016F5F13
:1069B0007F4FCE0147960E949722CD8EDE8EEF8EBE
:1069C000F8A262E070E0CE0147960E94611E81113C
:1069D000D7CF84E04DA15EA16FA178A541155105E7
:1069E0006105710519F4882399F01CC08F89988D71
:1069F0000E94451C811116C0E9A5FAA58081882353
:106A0000C9F0853E39F08E3229F0838583FD02C0BE
:106A100087E0B6CF70E060E0CE0147960E941B2071
:106A20008823C1F21DA21EA21FA218A6843009F05D
:106A3000A7CF9FCF84E0F6CFC114D104E104F104C5
:106A400021F489819A8158DE9BCFB701A601898103
:106A50009A810E942422811193CFF3CF82E090CFBC
:106A6000279A259A2698249A2C9A249A2C9A8DB59E
:106A70008E7F8DBD8DB581608DBD81E58CBD089506
:106A80002E98EEDF10924B010895CF9307DE0E94FF
:106A90002319C82FF5DF8C2FCF910895FC01CB016E
:106AA000EE0FFF1FE05DF74D6591749150E00C947F
:106AB0006663CF93DF93EC014C8150E070E060E0BF
:106AC000888199810E948B6390E08C81981748F4AB
:106AD000EA81FB81E90FF11D8150891B80839F5F53
:106AE000F4CFDF91CF910895CF93DF93EC0118821B
:106AF00044E250E070E060E004960E948B634CE05A
:106B000050E070E060E0CE018A960E948B6318A688
:106B1000CE0187962FEF29832396C817D907D1F77F
:106B2000DF91CF910895CF93DF93EC01188245E177
:106B300050E070E060E004960E948B6347E050E014
:106B400070E060E0CE014B960E948B63198E8FEF50
:106B500089838C838F838A878D87888B8B8B8E8BA1
:106B6000DF91CF910895CF92DF92EF92FF921F9322
:106B7000CF93DF93EC01FC01E551FF4F1081111120
:106B800040C0EC56F10980818D7FD9F4CE018E5D35
:106B90009E4FC9DF7E018CEEE80EF11CC701A4DF19
:106BA000D12CFE01E653FF4F8081D816B0F4FE01D0
:106BB000ED0DF11DEC53FF4F80810E947D2DD3948C
:106BC000F0CFFE01EC5BFE4F448150E070E060E0EE
:106BD000808191810E948B63DDCF6E01EFEACE1A36
:106BE000EEEFDE0AF60160816F3F59F0E95DF109D1
:106BF0008081853071F040E0CE01DBD98FEFF60166
:106C00008083DF91CF911F91FF90EF90DF90CF9025
:106C10000895F7018081181788F7E10FF11DE1A5AC
:106C20008E2F90E0FC01EE0FFF1FE80FF91FEE0D15
:106C3000FF1D40E06181CE01BCD91F5FEACFAF925A
:106C4000BF92CF92DF92EF92FF921F93CF93DF9389
:106C5000EC01162F0E94172E882329F17E018BEE5E
:106C6000E80EF11CF7018081811130C05E01F7E769
:106C7000AF0EB11CF5018081833040F56E01FCEE52
:106C8000CF0ED11C612FC6010E943E2CF5018081E0
:106C9000882331F0813089F431968081853069F420
:106CA000612FCE018CD9DF91CF911F91FF90EF9092
:106CB000DF90CF90BF90AF900895F6018081811151
:106CC000F2CFF7011082CE014EDFEDCFFE01E05191
:106CD000FF4FCC5EDE4F8081811305C08181882308
:106CE00011F0806881833396EC17FD07A1F7DBCFA5
:106CF000EF92FF920F931F93CF93DF93EC01162F28
:106D0000042F0E94172E882329F0011108C0612F3B
:106D1000CE0195DFCDB7DEB7E6E00C942F637E01A0
:106D200087E7E80EF11CF70180818330B9F49E01FA
:106D300020513F4FBE016C5E7E4FCE0184519F4F6C
:106D400026173707E9F02D5F3F4FF9013397408150
:106D50004113F3CF612F0E943E2CDCCF8430D1F25F
:106D6000402F612FCE0184519F4F0E94A52CF70127
:106D700080818111CFCF402F612FCE0122DACACF7F
:106D8000402F612F0E94A52CC5CFEF92FF920F9349
:106D90001F93CF93DF93082F162FC0E2D5E084EC2A
:106DA000E82E87E0F82E412F602FCE0183DC882368
:106DB00019F0612FC70143DF249683EAE81A8EEFAA
:106DC000F80A85E0C833D80771F7CDB7DEB7E6E03B
:106DD0000C942F63CF93DF9380915A05813019F47F
:106DE0008CEF0E94D42EC4ECD7E0FE01E551FF4F9A
:106DF0001082CE01B8DEC35ADE4F8FE0C23FD80703
:106E0000A1F710925805DF91CF9108951F93CF936A
:106E1000DF93EC01FC01E158FF4F80818D7FF9F495
:106E2000CE018E5D9E4F7FDECE0184519F4F5CDE92
:106E300010E0FE01E653FF4F80811817A8F4FE0111
:106E4000E10FF11DEC53FF4F8081E82FF0E0E0509F
:106E5000FB4F108260E70E94D6291F5FEACFCE0168
:106E60008C5B9E4F26DEE0CFDF91CF911F9108957E
:106E70000F931F93CF93DF93EC018C0101581F4FA9
:106E8000F8019081892F8D7FAE014E5D5E4F81119B
:106E90000CC0CA0148DEC55ADE4FF80180818883E4
:106EA000DF91CF911F910F910895FE01E653FF4F9F
:106EB00020819330D9F430E02F5F3F4F36952795EE
:106EC000FE01EC5BFE4F24834F5F5F4F5183408395
:106ED0009E01215D3E4F3383228381E0943009F48B
:106EE00080E081958583CF01E4DDD5CF953041F7F2
:106EF000220FE6CFA3E0B0E0E0E8F7E30C941163E3
:106F00008A839B83162F042FF22EEA81FB81E60FE2
:106F1000F11DE0804083CA80DB8026EAC21A2EEF92
:106F2000D20AD6018C9181608C93FF2009F46AC04B
:106F300080915A05823008F461C0833021F46F37A4
:106F400011F4443009F0F02EEA81FB8127E0E43CA3
:106F5000F207D9F089E0E132F80709F463C09AE05A
:106F6000EE37F90709F461C0ABE0EB3DFA0709F42D
:106F70005FC0BDE0E833FB0709F45DC085E090E049
:106F8000E559FE4021F080E00CC090E080E0880FE1
:106F9000991F880F991FFC01E05EFA4F80818111D3
:106FA00081509091FD029F5F9093FD02209112010C
:106FB000806B8983121302C0903290F0412F441FDE
:106FC0004427441F63E689810E94962F412F4F7703
:106FD00062E689810E94962F109312011092FD02A1
:106FE0004F2D441F4427441F66E089810E94962F3D
:106FF0004F2D4F7766E289810E94962FD6018C91A2
:1070000082608C931037D0F4202F412F60E28A8168
:107010009B810E94122D18511831C8F12396E8E087
:107020000C942D6381E090E0B2CF82E090E0AFCF8E
:1070300083E090E0ACCF84E090E0A9CF1737E0F494
:10704000202F40E9410F60E38A819B810E94122D2D
:10705000183721F7EA81FB81E858FF4F80818130A2
:10706000D9F081E0EA81FB81EC5AFE4F80838A816E
:107070009B810E94342DD2CF1F3781F40E1571F2FF
:107080008A819B81C3DE8A819B81F2DEC7CF8A81A0
:107090009B810E94532DC2CF8FEFE4CF1B37C1F6E7
:1070A000EA81FB81E558FF4FE081F0E0E457FA4DBB
:1070B000E4918A819B8187519F4FDC01EC93AECF95
:1070C000EF92FF921F93CF93DF93EC01FC01E55801
:1070D000FF4FE081F0E0E457FA4DE491DC01A75165
:1070E000BF4FEC930E94532DFE01E65AFE4F81E004
:1070F00080837E0180E7E80EF11C10E0F70121910A
:107100007F01412F60E3CE010E94122D1F5F1730D7
:10711000A9F7FE01E158FF4F9081E452FF4F8081B3
:10712000981721F0CE0172DECE01A2DEDF91CF9161
:107130001F91FF90EF900895B0E0A0E0E2EAF8E33D
:107140000C94106380E2C82E85E0D82ECEE8D8E0FB
:1071500010E000E07E018AECE81AF108F601B38045
:10716000C70154DE188291E080E02B2D2923A9F07D
:10717000E88121E02E0F28834DE551E0049F900126
:10718000059F300D149F300D11242C53384FE20F02
:10719000F32FF11DEC53FF4F8083990F8F5F8630E3
:1071A00021F7C70165DEC70107DAC70189DF0F5F75
:1071B0001F4FF4E0CF0ED11CC35ADE4F063011052D
:1071C00049F6CDB7DEB7E9E00C942C630E94672E38
:1071D0008FEF0E94C32EB0DF81E08093FC02089500
:1071E0000F931F93CF93DF93EC018881823031F1AD
:1071F00070F48823A9F049812DE531E0429FC00158
:10720000439F900D11248C53984F5ADF04C0833054
:1072100099F0843081F3DF91CF911F910F91089500
:1072200049812DE531E0429FC001439F900D11241B
:107230008C53984FC1D9EFCFC9DFEDCF29810DE530
:1072400011E0209FC001219F900D11248C53984F75
:10725000B3D92981209FC001219F900D1124D3CF44
:107260000F93FC01962F342F422F202F86816181AE
:10727000389F600D112480818230A1F030F070E0E1
:10728000833049F16E517B4F28C0ADE5B1E09A9F44
:10729000F0019B9FF00D1124CF018C53984F2ADEF3
:1072A0000F910895E62FF0E0E05EFA4F80814817D5
:1072B000B9F340838091FC0282608093FC026831C4
:1072C00028F46370633061F781DFEACF6B3140F7F8
:1072D0000E94672EE5CF675A7A4FFB014083E0CFCB
:1072E000EF92FF920F931F93CF93DF93EC01F62E53
:1072F000142FE22E0E94962D282FEE2D0E2C000C1E
:10730000FF0B9A818B81933099F4E20FF11D27FDD9
:10731000FA95082E000C990BE817F9079CF08C8160
:10732000082E000C990B8E179F0764F02E2F0AC0B1
:10733000E20FF11D8E171F0609F024F48C818E17C1
:107340001F06A4F701E0412F6F2DCE0189DFCDB7D5
:10735000DEB7E6E00C942F63CF93DF93EC0143E0BC
:1073600050E070E060E0835B9E4F0E948B6343E0DF
:1073700050E070E060E0CE0183529F4F0E948B632B
:10738000FE01E651FF4FDE01A751BF4F8C91808374
:10739000EA59FF4F108231968FEF8083319681E05A
:1073A00090E091838083EA5DF1098081813089F0EA
:1073B00081E0FE01EC5AFE4F80833396DE01A9582E
:1073C000BF4F8C918083CE010E94342DDF91CF91ED
:1073D00008958FEFEECF80915A05813019F48AEF2E
:1073E0000E94D42E1092EC021092C7041092EB026D
:1073F00084EC97E0B1DF81E299E0AEDF8EE79AE0BE
:10740000ABDF8BED9BE0A8DF88E39DE0A5DF85E99E
:107410009EE0A2DF8091CB029091CC029093CA02B1
:107420008093C90281E08093580508951F93CF93FC
:10743000DF93182F80915805811101C0CCDFC4EC77
:10744000D7E044E6612FCE0153DCC35ADE4F8FE014
:10745000C23FD807B1F7DF91CF911F9108951F93D5
:10746000CF93DF93109113018091C60481110AC05C
:10747000812FDCDF81E08093C60481E0DF91CF9132
:107480001F910895C4ECD7E0612FCE01D8DBC35A19
:10749000DE4F8FE0C23FD807B9F71092C604EDCF98
:1074A000EF92FF920F931F93CF93DF93C82F80919A
:1074B000C604882311F1809113018F3720F41C1624
:1074C00024F08823C9F0C7FF17C08C0FAFDFD0911D
:1074D000130104EC17E082EFE82E8FE0F82E6D2FF9
:1074E000C801ADDB035A1E4FE016F106C1F78091CB
:1074F0001301C80FC093130181E0CDB7DEB7E6E0FA
:107500000C942F63A6E0B0E0E8E8FAE30C9407637C
:107510008091EC0291E0980F853009F4ECC09093D3
:10752000EC0280915805882309F44BC17BE3C72EF8
:1075300078E0D72E04EC17E0F6012081DF01A0529D
:10754000BF4F8C91082E000C990B2817190609F4CF
:10755000EDC084EC97E000DF81E299E0FDDE8EE78C
:107560009AE0FADE8BED9BE0F7DE88E39DE0F4DE47
:1075700085E99EE0F1DE80915A05813019F488EFAB
:107580000E94D42E81E199E09E838D836EE8E62EE1
:1075900068E0F62E312C212C712C612C91E09C831B
:1075A000D70190968C9190978F5F90968C9390973F
:1075B0005F969C915F97891708F4BBC290961C92C6
:1075C000F6012081AD81BE811A968C911A97082E02
:1075D000000C990B2817190609F0B0C08581882383
:1075E00071F0EC91EF71C80180599F4FE80FF92FAE
:1075F000F11D20894BE060E4C8010E94122DF601C4
:107600008681882391F0AD81BE811196EC91E05F77
:10761000EF71C80180599F4FE80FF92FF11D2089A4
:107620004CE060E4C8010E94122DF6018081823096
:1076300009F0CBC0D70192968C918823D1F0878135
:107640008823B9F0AD81BE8112966C91C801805932
:107650009F4F0E94842D972E9111D6C0ED81FE81FF
:107660006481C8010E94DF2F8FEFAD81BE81149627
:107670008C93B80164587F4FAD81BE8190E08D91AD
:107680008F5FFD0182939F01923039F4F6014081B2
:10769000443019F4803108F028C1FB01408184177F
:1076A00008F027C19F5F6F5F7F4F933041F7D6018E
:1076B0001396EC91F0E0EE0FFF1FEC55F14E859123
:1076C0009491ED81FE81258136818223932321E0EF
:1076D000892B09F420E0B22EB194A12CD7018C9112
:1076E000A81608F009C12B2D4DE060E4C8010E94E6
:1076F000122DA394F3CF1092EC028091C70491E075
:10770000980F8F3081F09093C704E091C704F0E0A8
:10771000EE0FFF1FE553FD4F808191819093CA02C8
:107720008093C902FECE1092C704EFCFE35AFE4FFA
:1077300030E1E936F30709F000CF1DCFAD81BE81FE
:107740001A962C93F70111A2C8010DDAC80104DEC4
:10775000D70192968C9181111C82BFEF6B1A7B0A24
:10776000E3EACE1AEEEFDE0A035A1E4FF3EA2F1AAF
:10777000FEEF3F0A8D819E81835A9E4F9E838D83AB
:1077800093EAE91A9EEFF90AA6E06A16710409F075
:1077900007CF809138058832A0F020913B05BC814D
:1077A000BB2309F463C28091EB028F5F8093EB02ED
:1077B00038E1239F900111248217130611F008F07D
:1077C00058C22696E2E10C942363843009F051CF2D
:1077D000578051105CC0C801C6D9AD81BE811396D7
:1077E0002C9113972F5F13962C93552009F441CFBA
:1077F000B4E05B9EC0011124281719060CF439CFA0
:10780000ED81FE81138235CFED81FE81F997E08114
:10781000F0E09F01220F331F2E0F3F1FF801E451AC
:10782000FF4FE20FF31FA180A60EBB24BB1CBCE3DD
:10783000AB1AB108E0E8AE16B1041CF04FE7A42E75
:10784000B12CB7FCA12C8A2CAD81BE8114966C9111
:1078500081110EC0C8010E94DF2F492D4F776A2D7C
:10786000C8010E94E130AD81BE8114968C9201CF97
:10787000A616C9F3492D4F776A2DC8010E94E13041
:10788000ED81FE816481C8010E94DF2FECCFAD81C4
:10789000BE8113968C91652D0E946B62492E9111C9
:1078A0009CCFC80160D94801B0E78B0E911CED81D7
:1078B000FE818381652D0E946B62880F880F89830A
:1078C0005801FCEEAF0EB11C6981640DC4010E9429
:1078D000842D472F992321F04F77C5010E94A52CB5
:1078E000439434E04312F0CF78CFED81FE811282D1
:1078F000D9CEF9011082D6CEF6018081813019F0FF
:10790000833008F407C1D60111968C91F70192A13A
:10791000992311F0B1100FC0AD81BE8114966C9106
:10792000853009F47CC1C8010E94DF2F8FEFED8103
:10793000FE818483EFC0B12C853009F44EC1ED8106
:10794000FE816481C8010E94DF2FD70192969C902E
:10795000F6012181A92CB12C2430C1F50E94F22D11
:10796000F0911101FA831B828F2F8F70AD81BE8140
:1079700019968C9319978A819B8124E09595879518
:107980002A95E1F718968C93F6019281292F30E021
:10799000AD81BE8119968C911997482F082E000C45
:1079A000550B4217530724F0891B19968C93F0CF7F
:1079B000ED81FE818085282F082E000C330B2A15BF
:1079C0003B050CF441C089198087F2CFAD81BE819F
:1079D00017968C91179718969C911897980F492F86
:1079E000092E000C550B4A155B054CF118961C929C
:1079F000ED81FE819185980F9187492F092E000C0A
:107A0000550BD60112963C913417150619F014F057
:107A100097FF1AC0223009F044C08195ED81FE81A4
:107A20008783C8010E94342DF1E0F91508F48DCF49
:107A3000D60112968C91823008F087CF05C097FD51
:107A400029C0ED81FE819087ED81FE812085F801BE
:107A5000E451FF4FDF01A20FB11D99968C91D60121
:107A600011969C91933009F1B3E08B9FE00DF11DCD
:107A700011243196B08041814F77AD81BE81199636
:107A80008C91BCE08B9FB00C1124B7FE3BC0E4EF9F
:107A9000BE0EFBCF9FEF990DAD81BE8118969C93D2
:107AA000A7CFC8010E94342DCFCFED81FE81F99779
:107AB0009081F70182A18150821B40E0292F30E0A4
:107AC0008417B9F02F5F3F4FF901EE0FFF1FE20F50
:107AD000F31F6DE571E0669E9001679E300D769E06
:107AE000300D1124E20FF31FE055F74F90814F5FE7
:107AF000E5CFF10133E0939FE00DF11D1124EF5428
:107B0000F74FB8CF6B2DC8010E94E130AD81BE8127
:107B10001496BC92AD81BE8115968D919C9116975D
:107B2000880F991F009709F49AC016969C938E931C
:107B30001597980123523F4F4801FDEC8F0E911C81
:107B400028018BEC480E511C5801D5015D968C9193
:107B50008F3088F5F90180818F5F80839381891749
:107B600008F01082D5015D96EC91F0E0EE0FFF1F5A
:107B7000E053F14E85919491F9016081689FA001D5
:107B8000699F500D1124E1E0D4016D917C9164173F
:107B9000750708F4E0E0D4011296EC9312974D9328
:107BA0005C93F701658D768D0E947762D2016D93AB
:107BB0007C93168E158EB8E0AB0EB11C2F5F3F4F35
:107BC000E6E08E0E911CF6E04F0E511CC80148965F
:107BD000A816B90609F0B9CFBBCDF70182A1B81636
:107BE000C0F4F801E451FF4FDF01AB0DB11D9996D0
:107BF0008C9190E09C01220F331F820F931FE80F9E
:107C0000F91F42814F776181C8010E94E130B3942E
:107C1000E4CF8CE3AD81BE8114968C937BCF6F3F14
:107C200009F484CEB12CF70182A1B81608F07ECEFB
:107C3000C80184519F4FFC01EB0DF11D21A530E0DF
:107C4000A901440F551F240F351F820F931FDC011C
:107C500011966C91C8010E94DF2FB394E4CF81E0AC
:107C600090E0ED81FE819683858363CF1092EB02D5
:107C7000A8CDB0D8A6CDCF93DF93C82FD62F8091B3
:107C8000E9038093E8030E94ED2A20E130E030937D
:107C9000D9032093D8033093DB032093DA03309386
:107CA000DD032093DC033093DF032093DE03309366
:107CB000E1032093E0033093E3032093E203309346
:107CC000E5032093E4033093E7032093E603CD30EC
:107CD00010F4C0938904C09301048EE0C89FB001E2
:107CE000112465517A4D4EE050E083EF93E00E94FD
:107CF0004B636091F4037091F50348E150E088E034
:107D000095E00E944B63E091FF03F0E0E651FC4FE9
:107D1000C083DD2339F0E0910805F091090583EF78
:107D200093E00995E0911A05F0911B050995DF9103
:107D3000CF910895823110F461E09DCF0895809134
:107D4000E704883080F4E091C904F091CA04DF01AF
:107D5000A80FB11D87FDBA9513969C91985F92303C
:107D600020F48385E7DF81E008950E9435298F3F65
:107D7000D1F30C94D8272091E70424300CF4DFCF02
:107D8000245081E090E0AC0102C0440F551F2A95B9
:107D9000E2F79A01E091E50454E0E59FF001112437
:107DA000DF01A05EBA4F13968C91982F922381F435
:107DB000A0E2B5E013964C911397922F90959423DF
:107DC00013969C931397149695E0A833B90791F7EF
:107DD0008227E05EFA4F9381981729F083838FEF13
:107DE0000E94C32EA9D981E0089580918904A2CF71
:107DF000873009F4FADF81E00895CF93C82F80918E
:107E0000F30391EF980F923040F48091FE0392DFDC
:107E10008C2F0E94012BCF9108958D30E0F78C0FAD
:107E20008F3F21F08B309CF380E0F1CF8AE0EFCFE1
:107E3000CF93DF93C82F8091C8049091E1049111F2
:107E40003FC08C0F87FD30C09091E504692F70E032
:107E50004DE551E0949F9001959F300D1124F9015B
:107E6000E05CF74F2F5B374FD9019C912081291798
:107E700008F4292F4DE551E0649FF001659FF00D56
:107E8000749FF00D1124EE5BF74F9081921708F468
:107E9000922F282F082E000C330B9217130651F047
:107EA0004CF08093C80402C08FEFA7DF81E0DF9120
:107EB000CF9108958FEF890F1C169CF781E0F5CFC5
:107EC00091E09093E104D091E704D43060F58150C3
:107ED00087FDECCFD13009F452C038F5D111E6CF8F
:107EE00062E00E94EB274091E504E82FF0E0EE0FFE
:107EF000FF1FB096EF732DE531E0429FC001439F15
:107F0000900D11248C53984FE80FF92FF11DE05874
:107F1000FF4F9081892F8F77C80FC7FDC7CF90780B
:107F20009C2B9083C3CFD450D3CFD250D23008F003
:107F3000BDCF6D2F0E94EB272091E50490E1D99FE2
:107F4000B0011124680F711D6F718DE591E0289FBC
:107F5000F001299FF00D1124EC53F84FE60FF11DAD
:107F6000E058FF4F80810C2E000CDD0BC80FD11D97
:107F7000CF3FD10511F008F099CFC08397CF62E0D1
:107F80000E94EB276091E504462F50E0282F30E057
:107F9000220F331F205E3F4F2F7330E0EDE5F1E0FD
:107FA0006E9FC0016F9F900D11248C53984F820FCC
:107FB000931FFC01E058FF4FD081D7FF2CC08F5793
:107FC0009F4FFC018081805890E001968C0F911D9D
:107FD000C7FD9A958130F1E09F0708F067CFF9015E
:107FE00031960097D9F46DE571E0469FC001479F37
:107FF000900D569F900D11248C53984F280F391FC8
:10800000D901A058BF4FDF77DC93E80FF91FE05884
:10801000FF4F10824BCF90E080E0D8CFADE5B1E0CC
:108020004A9FB0014B9F700D5A9F700D11246C53E5
:10803000784F260F371FD901A058BF4FD068DC9367
:10804000E60FF71FE058FF4F815880832FCF811133
:1080500003C01092C80408958FE78093C8048FEF7F
:10806000E7CE9093CA048093C9041092E10484E09F
:108070008093E70480E0DCCECF93DF93C82FD091CC
:10808000F30380910104823110F460E0F4DDE091AB
:108090001E05F0911F056C2F8D2F0995DF91CF9153
:1080A0000895E091C904F091CA048381813009F4F4
:1080B000E3DF81E00895809186048F5FDDDF81E05A
:1080C0000895863069F4E091C904F091CA0483816F
:1080D000823020F0809186048F5FCEDF81E00895AA
:1080E0008730E1F7E091C904F091CA0481E09381FF
:1080F000923098F380E0F1CFA8E0B0E0E2E8F0E45D
:108100000C941363F82E09831A832B833C834D83CD
:108110005E836F8378878091E9038093E8030E94F0
:10812000ED2A48E150E063ED75E288E095E00E94B9
:108130004B6388E0FE013196A6EFB3E001900D920B
:108140008A95E1F7F092F30308E015E0D801ED918C
:10815000FC9183EF93E00995E0928604D801529652
:10816000ED91FC9109952896E6E00C942F63EF922F
:108170000F931F93CF93DF93CDB7DEB728970FB63A
:10818000F894DEBF0FBECDBF88E0FE013196DF015F
:108190001D928A95E9F78AEC97E2482F9E838D839A
:1081A000E12C09811A812B813C815E816F81788568
:1081B00082E0A2DF28960FB6F894DEBF0FBECDBFD7
:1081C000DF91CF911F910F91EF900895CF93C82F1A
:1081D00080E091E0CE3FA1F080910F018C1771F00B
:1081E0008FE0C89FB00111246756704E4FE050E0F9
:1081F0008DEE92E00E944B63C0930F018DEE92E0F2
:10820000CF9108950F931F93CF93DF93162FDEDF47
:10821000EC0140E0612F0E94962D9C81891760F04F
:1082200001E020E040E0612FCE011AD881E0DF912B
:10823000CF911F910F91089521E040E0612FCE0171
:108240004FD880E0F4CFE091C904F091CA04E80F60
:10825000F11D838190E1980F983058F48F7090E071
:10826000FC01EE0FFF1FE80FF91FE05EFA4F868D4D
:108270000895883F58F4AADFDC011796EC91EF3F90
:1082800039F0F0E0EE51FB4F808108958FEF0895B3
:1082900080E00895B0E0A0E0E0E5F1E40C94126322
:1082A000D82FD62E883090F4E091C904F091CA04FA
:1082B000DF01A80FB11D13968C9198E0980F9230B2
:1082C00088F4883F49F44FE4461748F081E0CDB781
:1082D000DEB7E7E00C942E635FE25617B8F38385B0
:1082E00029DDF4CF8D2F0E9435298F3F79F36EDF82
:1082F0007C0180915C05882309F442C001E010E014
:108300000D2E02C0000F111F0A94E2F78091C504E0
:108310008023B1F58D2F97DFC82F8D2F0E941C2948
:10832000682F4C2FC7010E94962DC82F6D2DC701B5
:108330000E94DC2DF70192819330D9F52C2FCC0FC0
:10834000330B281B310987FD339537FF03C0319567
:1083500021953109F70184819381891B90E045E0E3
:10836000959587954A95E1F78217930724F48081C4
:10837000843009F0ABCF8091C504082B0093C5046D
:10838000D093E7048D2F5FDFD82F8091E7040E9400
:108390001C29C82F6D2DC7010E94DC2D282F01E05C
:1083A0004D2F6C2FC7010E94303982E08093E10489
:1083B0008DCF4C2F481B550B9A01C7CF0F931F939E
:1083C000CF93DF93D82F853078F4C091E70462DF34
:1083D000D11104C0C093E7041092E10481E0DF9161
:1083E000CF911F910F910895D550DD0F8091E50435
:1083F00023E030E00D2E01C0220F0A94EAF7209509
:1084000044E0849F80011124005E1A4FF801C3816B
:108410002C2370E095E0759567959A95E1F7AB018F
:1084200002C0440F551FDA95E2F7EA01C22B0E9401
:10843000C32E8C23F8019381891781F283830E94D4
:108440009C38CCCF682F8091E104882361F0809123
:10845000E7049EEF980F923028F41CDF1092E1049D
:1084600081E0089580E008950F931F93CF93DF93E9
:10847000D82FC091E7048091E1048823E9F08C2F84
:108480000E943529182F8F3F71F08C2FDCDE082FCA
:108490008C2F0E941C29C82F812F98DE2D2F402F52
:1084A0006C2F0E94703981E08093E10481E0DF91BC
:1084B000CF911F910F910895CD0F2091C904309154
:1084C000CA04C83050F4F901EC0FF11DC7FDFA954C
:1084D00083818F3F39F4CD0FF4CF8FEFC7FF81E059
:1084E0008CDCE4CFC093E704E1CF9091E7042091C6
:1084F000E104222319F094300CF4B6CF890F87FFE2
:1085000004C08FEF7ADC81E008958A3014F081E0B6
:10851000F9CF8093E704F7CF811105C08FEF8093E7
:10852000E70481E0E2CF89E08093E70408958111B8
:1085300005C08FEF8093E70481E096CF88E08093B9
:10854000E7048FEFFACF9093CA048093C904109286
:10855000E1048FEF8093E70481E086DF1092C50489
:108560000895F1DF8FEF8093E70481E0BECF0F9392
:108570001F93CF93DF938093E70492E09093E104FD
:108580000091880410E0843061F158F4813091F159
:1085900068F4882331F181E0DF91CF911F910F9131
:1085A0000895853039F186508230A8F7660F209102
:1085B0008704629FC12D1124D0E08D2F07DEDC01DE
:1085C0008C91823030F5F801EE0FFF1FE00FF11FA4
:1085D000E05EFA4FD58F15968C91C817C8F4C68FF8
:1085E000DACF70E024E0759567952A95E1F76093FE
:1085F0008804D1CF660F26E0629F612D1124F80117
:10860000EE0FFF1FE00FF11FE05EFA4F648FC3CF44
:10861000C81BDF5FDD3489F6BECFB0E0A0E0E3E148
:10862000F3E40C9411630FEF18160CF401E0C09101
:108630008804D0E06E01CC0CDD1CC6018C0F9D1FA0
:108640009C01205E3A4F7901D9015D968C91BEDD87
:10865000FC01D7015E968C915E97800F87FD11C05B
:108660009581282F082E000C330B9217130649F022
:1086700044F05E968C9381E0CDB7DEB7E8E00C94D1
:108680002D63F601EC0FFD1FE05EFA4F158D100F04
:108690001D3488F7812F9ADDFC0180818230B8F784
:1086A000CC0DDD1DC05EDA4F1D8F013011F41E8E22
:1086B000E2CF858181508E8FDECFCF939093CA0415
:1086C0008093C9041092E1041092E7041092870489
:1086D000C0E08C2F7BDDFC018081823030F4809102
:1086E00087049581890F80938704CF5FCD3489F704
:1086F000CF910895B0E0A0E0E0E8F3E40C940F63BC
:10870000D82EC92ED62FE42EC62F2D2F2E0D33276F
:10871000331FC2171306ACF580E88C0FEEEF8034E0
:1087200020F0EFEFC13C08F4EC2FF0E0E351F44D02
:1087300084918F3FD1F04ADD8C01FC01B380F4803D
:10874000F394AF2CAB180E94F22D80911101482FA9
:10875000A1100DC0F801438194819413482F20E0AB
:108760006C2F8D2D9C2D0E947A37CF5FCECF4A156E
:1087700020F08B2D8F19480FFACFF8018381480F15
:10878000EECFCDB7DEB7EAE00C942B63CF93DF9347
:10879000D82FC92F61110DC040E750E06CE174E2A1
:1087A0000E944B638D2F9C2F0E94DC32DF91CF9172
:1087B000089540E760E09EDFF5CF1F93CF93DF93EE
:1087C000EC01162FE3DF111110C044E550E06CED11
:1087D00077E2CE0180599F4F0E944B63CE010E94E9
:1087E0006038DF91CF911F91089544E560E7CE0195
:1087F00081DFF4CF1F93CF93DF93182F48E350E02E
:108800006CE67EE180E295E00E944B63C4ECD7E029
:10881000612FCE01D2DFC35ADE4F8FE0C23FD807AF
:10882000B9F70E94E638DF91CF911F910895CF9359
:10883000DF93EC0180911601833041F46CE477E220
:10884000CE010E945F63DF91CF91089590E04EE0EA
:10885000BE018C599E4F0E944E35809117018F5C4E
:108860008B83F1CFCF93C82F40E150E06FEE77E0DC
:1088700089E595E00E94A2639091680580E029E572
:1088800035E0F9012F5F3F4F4081840F45E02836E6
:108890003407B9F7981302C0CC2341F040E150E00F
:1088A00063EC75E289E595E00E944B63CF910895F2
:1088B000AF92BF92DF92EF92FF920F931F93CF93ED
:1088C000DF93D82E092F162F7A01A62EB12CFA018C
:1088D00060817181A5010E94A263F701C081D181ED
:1088E000CA0DDB1DD183C083CE010E94B263282F45
:1088F0002196F701D183C08390E0115038F0ED2D1F
:10890000F02F8191980FDE2E0F2FF7CF81E02913E2
:1089100080E0DF91CF911F910F91FF90EF90DF905A
:10892000BF90AF900895CF92DF92FF920F931F9365
:10893000CF93DF93F82E092F162FEA01C62ED12CE4
:1089400068817981A6010E94BA63888199818C0D22
:108950009D1D9983888360E0115038F0EF2DF02F32
:108960002191620FFE2E0F2FF7CF0E94C3638881E3
:108970009981019699838883DF91CF911F910F91FF
:10898000FF90DF90CF900895A2E0B0E0EAECF4E42D
:108990000C9415631A82198204EC17E0AE014F5F44
:1089A0005F4F64E5C80180599F4FBDDFAE014F5F47
:1089B0005F4F60E7C801B7DF035A1E4F8FE0023FE9
:1089C000180761F7AE014F5F5F4F68E380E295E003
:1089D000AADF2296E4E00C9431630F931F93CF93A8
:1089E000DF938C01EB01AB0170E060E00E947563E6
:1089F000009719F0EC01C01BD10BCE01DF91CF9194
:108A00001F910F9108951F93CF93DF93EC01162FC1
:108A100070E0E3DFFE01E80FF11D8E2F8C1B811744
:108A200018F480E28193F9CFDF91CF911F910895DF
:108A3000A4E0B0E0EEE1F5E40C9411636C01142FB6
:108A400079016F3F71F080E7F901808384E78183CA
:108A500080E282836F5C638384830550C90105963D
:108A60007C01402FB701F601858596850E944E3521
:108A7000F60187818F3FF1F080E289831C82812F8C
:108A800090E0AE014E5F5F4F62E001960E94792751
:108A9000602F70E0C701A1DF982FDE011196F7016A
:108AA000E80FF11D8D5F901728F42D919F5F2193A2
:108AB0009813F9CF602FC701A6DF2496E8E00C9445
:108AC0002D63CF92DF92EF92FF920F93CF93DF93BC
:108AD000E0908804F12CC701880F991FE80EF91E59
:108AE000C701805E9A4F7C01FC01858D6FDB6C01B4
:108AF00080E00E94E52AEC01219647E250E06FEF0A
:108B000076E2CE010E94666367E2CE017CDF81E0FF
:108B10000E94E52AEC0147E250E060EF76E2019620
:108B20000E946663809188048F5C8E8397E09F83A8
:108B3000F701848D8F5C8D879E879E01215F3F4F5B
:108B400009E1468D6FEFC60173DF87E27E01E80E13
:108B5000F11CF70132979081903211F48150F6CFD9
:108B6000C8E2C81BF601C73088F4818592854C2F76
:108B7000B7010E944E356C2FC70145DFDF91CF91C1
:108B80000F91FF90EF90DF90CF90089583859485AB
:108B9000EECFEF92FF920F931F93CF93DF937C0161
:108BA000162F042FC62FD0E0BE0117DF282F18176D
:108BB000A9F02197CE0DDF1D8E0D9F2D911DFE0179
:108BC0003C2F3E1B311750F40197321728F4DC017B
:108BD0003C9130833197F4CF0083FCCFCDB7DEB723
:108BE000E6E00C942F63EF92FF921F93CF93DF93F5
:108BF00080E00E94E52AFC01EC0121964091C90425
:108C00005091CA04DA0113968C91823009F44EC057
:108C1000A0F42496811144C0CF01835B9F4F2FE6BF
:108C2000DC012C9301962BE6DC012C938FE28183EF
:108C300081E2828386E0838303C019E1833009F0F7
:108C400013E2FA016781708561157105C1F1412F49
:108C500050E0CE010E946663612FCE01D4DEE09029
:108C6000C904F090CA04D70119968D919C91009780
:108C700071F10E949963BC01AB015527212F30E0AF
:108C8000C901841B950B01968C0F9D1FDC01EC9193
:108C9000E034C1F02C0F3D1FD901EC931150ECCF03
:108CA0008BE5818389E682838DE5C5CF88E2818368
:108CB0008FE3828389E28383EF012596C1CF80E42D
:108CC0008883CDCFF701618572850E948263E09130
:108CD000C904F091CA0483818330B1F48BE5898F94
:108CE0007E018BE1E80EF11C20918604858196813E
:108CF0004AE0B701820F911D0E944E3540E26AE0C2
:108D0000C70147DF8DE58EA3E091C904F091CA0445
:108D10008381823068F081E00E94E52AEC0148E01E
:108D200050E067EE76E24F960E94666387E08BA381
:108D3000DF91CF911F91FF90EF900895B0E0A0E0F8
:108D4000E4EAF6E40C94116300E0802F0E94E52A27
:108D5000EC011091C804100FFF24FA94F10E48E2C0
:108D600050E060E270E00E948B63F7FCBDC080E3DE
:108D700089831A3030F01A5089818F5FF9CF01E072
:108D8000E4CF105D1A8362E08F2D0E94EB27682FDD
:108D900087E08B838A87611103C085EA8B878C8388
:108DA0004091E5042DE531E0429FC001439F900DC5
:108DB00011248C5C974F0E94842D262FE72ED82EED
:108DC000192F992309F489C0BE016B5F7F4F822F51
:108DD0000E94BA2D80E28887112309F482C081E0C5
:108DE000D11084E08F876E0120E1C20ED11CA60154
:108DF00063E08E2D90E00E94792740E263E0C60197
:108E0000C8DE60E08F2D0E94EB279091E504E82FEB
:108E1000EF714DE551E0949F9001959F300D112425
:108E20002C53384FE20FF32FF11DE058FF4F908184
:108E3000811102C085EA8D8B6E018AE1C80ED11CBA
:108E4000A60163E0892F90E00E94792740E263E069
:108E5000C6019FDE87E08C8B61E08F2D0E94EB279F
:108E60009091E504E0E1E80FEF714DE551E0949F4A
:108E70009001959F300D11242C53384FE20FF32FA2
:108E8000F11DE058FF4F9081811102C085EA8F8F5C
:108E90007E0124E2E20EF11CA70163E0892F90E03D
:108EA0000E94792740E263E0C70173DE87E08E8F7E
:108EB000013009F064CF8091E1049FE5811101C088
:108EC0009FEF90931401811118C08FEF8093E604F7
:108ED000CDB7DEB7E8E00C942D638DE28E838F83EF
:108EE00079CF85E08F878DCF45E250E06DE87BE25A
:108EF000CE0103960E944B63DBCF8091E70490E0A4
:108F0000843010F0845098E29C5F2AE0829F900D9C
:108F100011248695890FDACF0F931F93CF93DF9398
:108F200080E00E94E52AEC014DE050E061E77BE241
:108F30000E944B638E01035F1F4F0E94E02EA80129
:108F400065E00E94792740E265E0C80122DE44E046
:108F500050E06CE67BE2CE0145960E944B63699639
:108F60000E94E02E8E50904FE2EFFFE0E817F907E5
:108F700028F42081253A11F43196F8CFAE0165E04E
:108F8000CF01825F9F400E94792740E265E0CE01D9
:108F900000DE81E00E94E52AEC0144E050E067E653
:108FA0007BE20E944B638091C404282F30E094E060
:108FB000359527959A95E1F72A30E0F4205D2C83CA
:108FC0008F708A30C8F4805D8D8343E150E063E5A3
:108FD0007BE2CE0109960E944B6344E050E06EE4D0
:108FE0007BE2CE0184960E944B63DF91CF911F916B
:108FF0000F910895295AE3CF895AE6CFEF92FF9255
:109000000F931F93CF93DF93F82E8B018FE2E82EFF
:10901000E0920103DB018C9190E040E262E073E0BA
:1090200087599E4F0E944E3582E093E00E949963DB
:10903000EC01CE5FDC4F8FEF8F0D823018F562EBC5
:1090400075E2CE010E945463CE010E949963C80F5D
:10905000D91FFE018EE28193D8018C9190E043E00C
:10906000BF0187599E4F0E944E35B2E0FB1202C0ED
:109070008EE789831C8281E093E0CDB7DEB7E6E01E
:109080000C942F63B3E0FB1220C068EA75E2CE01B6
:109090000E945463CE010E949963C80FD91FF80142
:1090A0008081833029F08181805D8883E9822296E6
:1090B000F8018481AE0163E090E00E94792740E3EB
:1090C00063E0CE0166DD2396C4CFF110F1CF61EAF3
:1090D00075E2CE010E945463CE010E949963FE01A5
:1090E000E80FF91FD80113968C918F5B8083EF01F5
:1090F0002296E182DDCFAFE5B0E0E1E8F8E40C9440
:109100000763182F65966FAF659766967FAF669772
:109110000E944E3366966EAD7FAD6697812F6EDFEF
:109120005C010E94F13385E080930003113039F037
:109130001111E1C080915D05882309F4DCC0B501FF
:1091400081E293E00E94926381E293E00E9499633E
:10915000FC01E25EFC4F8EE7808381E293E00E9497
:109160007B346096BFAEAEAE609741E0BE01695EF3
:109170007F4FCE01825B9F4F0E94B3198111BBC00C
:109180008F89988D9A838983CE018E5B9F4F9CA790
:109190008BA760966EAD7FAD60978B970E940E2176
:1091A0008111A9C069A57AA56115710509F4A3C04B
:1091B000655F7F4F45E150E0CE018D960E9497227A
:1091C00046E150E0BE01695E7F4FCE0101960E94EC
:1091D000972261E273E0CE0101960E940E21843055
:1091E00009F089C0CE0101960E941326811183C027
:1091F000EB88FC8843E150E0BE01615D7F4FC70111
:109200000D960E9497228DA58062D7011B968C93A4
:10921000EF89F88D81E084834D8D5E8D6F8D78A10F
:109220008F819885A985BA85481759076A077B07F2
:1092300009F457C0F701838584FF53C009811A815F
:109240004489558970E060E0BA0155274427828D32
:10925000938DB0E0A0E0482B592B6A2B7B2BC801E3
:109260000E94071C462F572FBC014115510561056F
:10927000710509F440C0C8010E94451C81113BC022
:1092800009811A81D801A15BBF4F8C918E3249F5BB
:109290008F819885A985BA85F8012081233061F4F2
:1092A00042A153A164A175A1481759076A077B071A
:1092B00019F480E090E0DC01980128593F4FF90152
:1092C00091838083CD01AA27BB2726503109F9015C
:1092D00080832F5F3F4FF901908381E0D80114967E
:1092E0008C93CE0147960E94241F811104C08F8960
:1092F000988D0E947C336AE0C5010E945A34182F71
:10930000853009F053C1F50131966A96FFAFEEAF93
:109310006A976A96AEADBFAD6A971D916A96BFAF68
:10932000AEAF6A97112309F43CC11F3291F71E9228
:109330006896BFAFAEAF6897BEA6ADA641E0BE01CE
:109340006F5F7F4FCE018D960E94B319082F811158
:109350001FC1CE0147969E8B8D8B6DA57EA546972E
:109360000E940E21082F811106C06896EEADFFAD58
:1093700068971083CECF843009F00AC140E050E0F6
:10938000BA0189819A810E94401F6B017C01C1143E
:10939000D104E104F10409F4F4C089819A8102E066
:1093A000F1E0CF16D104E104F10409F4EBC001E0CF
:1093B000FFEFCF16DF06EF06FF0609F4E3C040E03B
:1093C00050E0BA010E94451C082F8111DBC00981C1
:1093D0001A81B701A601C8010E94071C2B013C019C
:1093E00018012EE2220E311CC801825D9D4F410101
:1093F0008816990609F08DC09801275C3F4FC1017E
:109400002817390709F089C02EE2F80126A780E164
:1094100081AF80ECEC5BFF4F808388E031968083E6
:109420008FE8319680838EE3319680833196D182A6
:10943000C082C701AA27BB2764968CAF9DAFAEAF91
:10944000BFAF6497369780836296AEADBFAD62972B
:10945000AB2FBB276C96BFAFAEAF6C973196A08396
:1094600040E250E0B101C801825B9F4F0E94972209
:10947000F801E15BFF4FBEE2B0834F8158856985FB
:109480007A85E981FA818081833061F482A193A198
:10949000A4A1B5A1481759076A077B0719F440E052
:1094A00050E0BA01D801A859BF4F11965C934E9372
:1094B000AB016627772716974C9311965C93128120
:1094C000111130C0CE0101960E941326082F811180
:1094D00059C0EB89FC8980E1838780EC868B88E02A
:1094E000878B8FE8808F8EE3818FD38EC28E6196BB
:1094F0002FAD6197248B6B968FAD6B97858B898190
:109500009A8121E0DC0114962C930E947C33082F71
:109510003FC0F40111924F016BCF40E2DC014D934B
:10952000CD016ECFD301C2010196A11DB11DA09640
:109530008CAF9DAFAEAFBFAFA09789819A81DC01A0
:109540009A964D925D926D927C929D9721E0149631
:109550002C9340E050E0BA010E94451C082F811175
:1095600011C0C1018816990641F41150A0964CAC67
:109570005DAC6EAC7FACA097A3CFFC011192CF0184
:10958000F1CF07E0B701A60189819A810E942422C8
:109590008FE26896EEADFFAD68978083077F09F490
:1095A000B8CE6AE0C5010E945A34182F111183C049
:1095B00082E599E4A6E4B6E489839A83AB83BC830D
:1095C000AE01495E5F4F64E070E0CE0101960E94FB
:1095D00010246696AEADBFAD6697EC914CED50E0B1
:1095E000E23071F04CE655E0E33051F040E0E53018
:1095F00020F4F0E0EB5DFE4F408150E0445F5F4FB0
:10960000445E5F4F70E060E049835A836B837C83E4
:10961000AE01495E5F4F64E070E0CE0101960E94AA
:1096200010248DE492E4ABE4B3E589839A83AB83A1
:10963000BC83AE01495E5F4F64E070E0CE010196ED
:109640000E9410248EE691E6ADE6B5E689839A8302
:10965000AB83BC83AE01495E5F4F64E070E0CE0136
:1096600001960E94102480E190E0A0E0B0E08983A0
:109670009A83AB83BC83AE01495E5F4F64E070E0C8
:10968000CE0101960E941024AE01495E5F4F60E159
:1096900070E06696EEADFFAD6697858196810E947B
:1096A00010246EE77BE266968EAD9FAD66970E94B2
:1096B0000C2B0E94F1330E944035812FC15ADF4F9D
:1096C000E2E10C942363ABE1B0E0E9E6FBE40C9447
:1096D0000863F82E8B01342E0E944E33B8018F2D73
:1096E0008DDC7C010E94F13385E08093000361E012
:1096F000C7010E945A34F82E811116C0AE01405F96
:109700005F4F64E070E0CE010C960E94A4228C852D
:109710009D85AE85BF8582359944A644B64461F0E7
:109720000E94F13335E1F32E0E9440353F2C832D0A
:109730006B96E1E10C942463AE01405F5F4F64E0FF
:1097400070E0CE0108960E94A422AE01405F5F4FF8
:1097500064E070E0CE010C960E94A4228C859D8569
:10976000AE85BF858D349244AB44B345C9F6409174
:10977000AA075091AB076091AC077091AD0780913B
:10978000AE079091AF07A091B007B091B10748170D
:1097900059076A077B0769F40E94F1330E9440353C
:1097A000332029F260EF78E3C8010E940C2B312CA2
:1097B000BECFAE01405F5F4F64E070E0CE010C961B
:1097C0000E94A422AE01405F5F4F64E070E0CE01D2
:1097D00008960E94A4228C859D85AE85BF858F3614
:1097E00042E694074AE6A40740E2B40709F043C002
:1097F000332009F44EC0AE01405F5F4F64E070E07B
:10980000CE010C960E94A422FE01339685E0DF0172
:109810001D928A95E9F7EC85E150E9838D858111E8
:1098200027C0D80111968C918A83F12CE53020F461
:10983000F0E0EB5DFE4FF0804F2D50E070E060E017
:1098400088859985AA85BB850497A109B109481720
:1098500059076A077B07E9F4CE0101960E944C2B59
:109860006F2D70E0AE01405F5F4F0E94A4227FCF5A
:109870008150990BD9CF8E369146AD46B54649F405
:10988000D80115968D919C91009719F0688579857E
:10989000E9CF8091A307882309F469CFC090AA0774
:1098A000D090AB07E090AC07F090AD0748845984A6
:1098B0006A847B846091A6077091A7078091A407B2
:1098C0009091A5070E946419811151CF2091A8079A
:1098D0008091AE079091AF07A091B007B091B1070A
:1098E00027FD45CFC40CD51CE61CF71C8C159D0527
:1098F000AE05BF0520F421FD02C06C017D01809101
:10990000AA079091AB07A091AC07B091AD07109258
:10991000AA071092AB071092AC071092AD07C114C2
:10992000D104E104F10409F043C0C12CD12C76012B
:109930008091AA079091AB07A091AC07B091AD07B9
:10994000AC01BD01517066277727452B462B472B6D
:10995000A9F04091BA075091BB076091BC07709184
:10996000BD074C155D056E057F0541F0C092BA0735
:10997000D092BB07E092BC07F092BD074091AE07C2
:109980005091AF076091B0077091B1074817590720
:109990006A077B0708F0EBCE8093AE079093AF0782
:1099A000A093B007B093B1078091A8078062C5C0AB
:1099B000E091A407F091A507FB8BEA8B4280512C24
:1099C000712C612C29E0440C551C661C771C2A95CF
:1099D000D1F70097A105B10509F490C09C01AD0134
:1099E00021503109410951092C8B3D8B4E8B5F8BE6
:1099F000D701C6010197A109B109888F998FAA8F54
:109A0000BB8FBC01CD01A30192010E949E6249015E
:109A10005A016C897D898E899F89A30192010E94D8
:109A20009E6282169306A406B50608F467C08827CE
:109A30009927DC0184199509A609B7092C893D8964
:109A40004E895F8982239323A423B5238093AA0799
:109A50009093AB07A093AC07B093AD07C81AD90A8F
:109A6000EA0AFB0A4091B6075091B7076091B80720
:109A70007091B907411551056105710509F455CF7C
:109A80004C145D046E047F0408F471C08091AA0731
:109A90009091AB07A091AC07B091AD078C0D9D1DC7
:109AA000AE1DBF1D8093AA079093AB07A093AC0790
:109AB000B093AD07D701C6019170AA27BB27892BA8
:109AC0008A2B8B2B09F431CF8091A4079091A507A5
:109AD0000E94071C462F572FBC01411551056105F7
:109AE000710541F189E0F694E794D794C7948A957B
:109AF000D1F7C40ED51EE61EF71E1ACF4091B2074D
:109B00005091B3076091B4077091B50741155105A5
:109B10006105710519F540E050E0BA018A899B8919
:109B20000E94401F462F572FBC014130510561054F
:109B3000710531F48091A80780688093A80717CE3B
:109B40004F3F3FEF530763077307A1F34093B207FB
:109B50005093B3076093B4077093B5074093B6076B
:109B60005093B7076093B8077093B90783CF80917C
:109B7000A4079091A5072091A80721FF0DC00E947E
:109B8000401F462F572FBC01411551056105710536
:109B900041F4730162017ACF0E948C1D462F572F2A
:109BA000BC018091AA079091AB07A091AC07B0913E
:109BB000AD074A015B01E2E08E1A9108A108B108E5
:109BC000FDEF8F16FFEF9F06AF06BF0608F0B2CF7E
:109BD000E091A407F091A50786889788A08CB18CA6
:109BE000481559056A057B0508F0A4CF4093B607D0
:109BF0005093B7076093B8077093B907840D951D0C
:109C0000A61DB71D8093AA079093AB07A093AC073E
:109C1000B093AD07C418D508E608F70831CFA7E020
:109C2000B0E0E5E1FEE40C94156387E0E6E1F1E0E5
:109C3000DE01119601900D928A95E1F786E191E09F
:109C40000E942E33E82FF0E0E351FB4F00810150DA
:109C50000D8341E0BE016F5F7F4F83E034DD182F3D
:109C6000811109C086E191E00E942E33E82FF0E0D7
:109C7000E351FB4F0083812F2796E4E00C9431637E
:109C8000A7E0B0E0E6E4FEE40C9417631092C2048F
:109C900086E191E00E942E33E82FF0E0EE0FFF1FE7
:109CA000E657FB4F81818093190186E191E00E9484
:109CB0002E33E82FF0E0EE0FFF1FE657FB4F8081B9
:109CC00080931A0180EB94E090931C0180931B0118
:109CD0001092E10481E08093E7048093C00487E060
:109CE000E6E1F1E0DE01119601900D928A95E1F72F
:109CF00040E0BE016F5F7F4F80E0E5DC882341F0EC
:109D000040E150E06EE177E280EB94E00E944B632B
:109D10002796E2E00C9433638091E504909117015B
:109D2000981304C090910605992329F08093170198
:109D300010920605A5CF08950F931F93CF93DF933D
:109D4000EBDF80E00E94E52AEC018C010F5F1F4FE2
:109D5000C8010E9417446FE0C8010E94034547E014
:109D600050E06BED7BE2CE0146960E9466636E96F4
:109D700086E191E00E942E33E82FF0E0E351FB4FA3
:109D80008081AE0163E090E00E94792740E263E0C9
:109D9000CE010E94C94581E00E94E52AEC0147E21C
:109DA00050E063EB7BE201960E94666387E08D835F
:109DB0008A87898F8E8F8BA3DF91CF911F910F910F
:109DC00008950F931F93CF93DF93A6DF80E00E9447
:109DD000E52AEC018C010F5F1F4FC8010E94174458
:109DE0006FE0C8010E9403458091C004882331F0D0
:109DF0008091C204811102C085EA8F878091190188
:109E00008F5B888B8E010F5E1F4F80911A01A80116
:109E100063E090E00E94792740E363E0C8010E947C
:109E2000C94565964FE050E060EB74E0CE010E94BA
:109E300082636FE0CE010E9403451091C20481E06D
:109E40000E94E52AEC010196111130C02091C10455
:109E500047E250E0222309F162EA77E20E9466635A
:109E600087E08D838A8787E08BA39091C20480E28C
:109E7000913029F48091E104882339F18FE58093B2
:109E800014018091E704811122C080E18093E604EF
:109E9000DF91CF911F910F9108956AE777E20E94B9
:109EA000666387E08A878F878C8BDDCF47E250E03F
:109EB00062E577E20E94666387E08D838A878F87F9
:109EC0008C8B898F9FE79E8BCFCF8FEFD8CF813040
:109ED00029F48FEF9130D1F683E1D8CF8D5ED6CFC4
:109EE000EF920F931F93CF93DF93CDB7DEB72897F1
:109EF0000FB6F894DEBF0FBECDBFE82F8091C2042D
:109F00008111ACC08091C10481117FC0E83008F09C
:109F10004CC0F0E0E352FC490C94DC6280911601E5
:109F20008330F1F41092160186E191E00E942E3305
:109F3000E82FF0E0EE0FFF1FE657FB4F8181809383
:109F4000190186E191E00E942E33E82FF0E0EE0F38
:109F5000FF1FE657FB4F808180931A0191DE25C0D9
:109F60008F5F80931601E0CF80EB94E00E9417444E
:109F700088E0EDE1F1E0DE01119601900D928A9505
:109F8000E1F7E090C30409811A812B813C814D8166
:109F90005E816F81788581E00E947C4006C069E720
:109FA0007FE286E191E00E940C2B81E028960FB6BB
:109FB000F894DEBF0FBECDBFDF91CF911F910F91FF
:109FC000EF90089581E08093C20492E09093E704BB
:109FD0008093E1044FE050E06EE177E280EB94E0A3
:109FE0000E943E63892B09F74FE050E060E270E089
:109FF00080EB94E00E948B63D8CF8EE00E949A3E63
:10A00000D4CF81E08093C104D0CFE23011F120F4AD
:10A01000E11109C08FE0F2CFE630E9F0E73029F630
:10A020000E94F53EC2CFFE01329687E0DF011D920D
:10A030008A95E9F78EE297E2482F9E838D83E12C83
:10A0400002E01A812B813C815E816F81788583E0FB
:10A05000A3CF81E1D3CF91E08927D4CFE83008F0B6
:10A06000A4CFF0E0EB51FC490C94DC62E091E704F2
:10A070000E2E000CFF0BE255FB4F81E4808395CF41
:10A08000E091E7040E2E000CFF0BE255FB4F81E63A
:10A09000F5CFE091E7040E2E000CFF0BE255FB4FCD
:10A0A00081E3ECCF8091E704082E000C990BFC01B2
:10A0B000E255FB4F20E22083019606C08091E70421
:10A0C000082E000C990B01978131910514F080E165
:10A0D00090E097FD80E08093E70467CF8091E704EC
:10A0E000082E000C990BE8CF66E171E080E003D800
:10A0F000811103C00E943A3331CF0E94B74055CF3F
:10A100001092C1048091E504809317010E944535A7
:10A1100081110E94B740B4DD1092060581E0809362
:10A12000C3040895A7E0B0E0E8E9F0E50C941263F9
:10A13000182F80915A058350823030F440E070E04F
:10A1400060E0812F0E949F32103F11F5109248016C
:10A15000109247011092460110920003809146012F
:10A1600090914701FC01E556FA4DE4911E1353C04E
:10A1700001969093470180934601069708F441C0E9
:10A1800081E080930003109247011092460139C08C
:10A1900080910003823009F457C080F58823F1F2E2
:10A1A00080914601909147019C012F5F3F4F309372
:10A1B0004701209346018C5B9E4FFC0110832230A7
:10A1C0003105F9F4109247011092460182E0809324
:10A1D0000003E0914401E63110F5E13180F5E6300D
:10A1E000A0F4EE23C1F0E150F0E0EB5DFE4F808182
:10A1F00090E0909343018093420103C0833009F4BF
:10A2000056C02796E7E00C942E638091450190E0BC
:10A210000296EF3071F383E080930003F2CFEA31CE
:10A2200021F030F4E651E330B0F781E090E0E1CF87
:10A23000EF3189F73093430120934201E2CF10922E
:10A24000430110924201DDCF4091460150914701F8
:10A25000BA01769567952091420130914301E091D2
:10A260009901F0919A01E60FF71F40FF1BC01F7084
:10A270008081182B10836217730728F4809148019E
:10A28000180F109348014F5F5F4F50934701409361
:10A2900046012F5F3F4F220F331F4217530708F02D
:10A2A000BACFAFCF112F1295107F1083ECCF173F8D
:10A2B00091F50091990110919A01E0914201F0917C
:10A2C0004301E00FF11F908180914801981323C052
:10A2D0008091590580FD1FC09E012F5F3F4F79017E
:10A2E00087E0F90111928A95E9F760914501809123
:10A2F000E504662321F0262F2150330BC9018A8300
:10A30000E0914401E631B0F4E13108F04DC0E630AF
:10A3100020F4E11134C085E07FCFEF30E1F7462F24
:10A3200050E0B8016E5F7F4FF801808191810E94FB
:10A33000826338C0EA3129F0C8F48AEE8E0F833088
:10A3400050F7E651E9836C83F80180818D8340E00A
:10A35000B70180E0B8D94E815F8100E020E16091D3
:10A360004501809144010E94222F1CC0EF3199F6D3
:10A37000F8014081518101E0262F8FE0F4CFE150B8
:10A38000E983F0E0EB5DFE4FD080DD2041F0C701B6
:10A390000E944C2B4D2D50E0B8010E948263C701F2
:10A3A0000E94F03884E038CFE151E98369E77FE229
:10A3B000C7010E940C2BF6CFA7E0B0E0E2EEF1E57A
:10A3C0000C941263F82E092F87E0EF2DF92FDE0190
:10A3D000119601900D928A95E1F78F2D0E942E33F0
:10A3E000E82FF0E0E351FB4F10811D83BE016F5F4A
:10A3F0007F4F83E00E947B481F5F1D83BE016F5F1C
:10A400007F4F83E00E94FE47D82EE92E0E944E33F4
:10A4100085E0809300038D2D9E2D0E947B340E9449
:10A4200040358F2D902F0E942E33E82FF0E0E3511E
:10A43000FB4F10832796E7E00C942E63A7E0B0E073
:10A44000E4E2F2E50C9416638830D0F5E82FF0E0F2
:10A45000E351FC490C94DC6266E171E081E00E940A
:10A460007B480E94F53E2CC087E0E6E1F1E0DE018A
:10A47000119601900D928A95E1F7CE0101969CDF2D
:10A48000BE016F5F7F4F81E00E947B4841E0BE01CB
:10A490006F5F7F4F82E017D9E4CF87E0E6E1F1E01C
:10A4A000DE01119601900D928A95E1F7CE01019699
:10A4B00083DF41E0BE016F5F7F4F81E0ECCFAFDB18
:10A4C00081E02796E3E00C94326387E0E6E1F1E077
:10A4D000DE01119601900D928A95E1F786E191E0F7
:10A4E0000E942E33E82FF0E0E351FB4F10811F5FF5
:10A4F0001D8341E0BE016F5F7F4F83E0E4D881118F
:10A50000DFCF86E191E00E942E33E82FF0E0E351A7
:10A51000FB4F1083D5CF86E191E04EDFA2CF0E94A2
:10A52000453586E191E048DF7ACBAEE0B0E0EBE97B
:10A53000F2E50C941663182F883008F45CC082E0B2
:10A5400088871A861B861C861E861D868091E504D8
:10A5500089870E9445351A30C9F148F4183081F0D6
:10A560001930C1F081E02E96E3E00C9432631E3086
:10A57000C9F78AE20E94B132CE0108961DDFF2CF00
:10A5800083E40E94B132BE01685F7F4F81E00E9488
:10A590007B48E8CF83E50E94B13287E0FE01389620
:10A5A000DE01119601900D928A95E1F7CE01019698
:10A5B00003DFBE016F5F7F4F81E00E947B4841E077
:10A5C000BE016F5F7F4F82E07ED8CCCF80E50E94D6
:10A5D000B13287E0FE013896DE01119601900D92AE
:10A5E0008A95E1F7CE010196E7DE41E0BE016F5F9B
:10A5F0007F4F81E0E9CFE091C904F091CA048081E6
:10A600008F508230A8F420E089E595E0FC010196A6
:10A610003081230F35E088369307C1F72093680512
:10A6200040E150E06FEE77E089E595E00E94BA6383
:10A6300080E099CFCF93DF93C62F813031F0833004
:10A6400009F455C0DF91CF910895662331F18FEF62
:10A65000860F8093C304D1E0613009F0D0E086E139
:10A6600091E0AADE80911601823091F188F4209168
:10A670001701811114C04DE551E0249FC001259FB1
:10A68000900D11246D2F8C53984F0E94C64305C026
:10A69000833019F48D2F0E94FA43F2DAD3CF4DE5BF
:10A6A00051E0249FC001259F900D11248C53984F99
:10A6B000C13049F048E450E064EE77E288589F4F9B
:10A6C0000E944B63EACF48E468E70E947A43E5CFF3
:10A6D000409117012DE531E0429FC001439F900D4D
:10A6E00011246D2F8C53984F0E94DD43D6CF6623E3
:10A6F00009F4A8CF8EE30E94B1320E94C444A2CFD5
:10A70000A7E0B0E0E6E8F3E50C94176329833A8309
:10A710004B835C836D837E838F83233021F580910F
:10A72000FC0290911E09892B90917B0A892B9091B4
:10A73000D80B892B9091350D892B9091920E892BF6
:10A740009091EF0F892B827019F0CE01019634DEC3
:10A7500041E0BE016F5F7F4F80E00E94634B279610
:10A76000E2E00C9433632A818DE591E0289FF001AB
:10A77000299FF00D1124E25EF64F8081E4CFB0E016
:10A78000A0E0E5ECF3E50C940A63D82FDF70803F7E
:10A7900009F4EEC3873FC1F0C82FC07F40916D051B
:10A7A00090915A059430A9F46AE675E00E949F32B0
:10A7B000C03B09F447C188F5C03991F0C03A09F4AB
:10A7C000BAC0C03809F489C0CDB7DEB7EFE00C9449
:10A7D0002663933069F7C03809F47FC0C03921F788
:10A7E000D0906B05C0916A05DD2009F4A2C081E01C
:10A7F0000E94B132E0911605F0911705309709F4E7
:10A8000072C06D2D8C2F0995882309F46CC04FEF11
:10A810006FE383E00E94B932D7CFC03D09F42FC364
:10A8200008F041C0C03C81F68091590581FDCCCF34
:10A8300010916A0542E0D42E509107055A3108F074
:10A84000FFC230E2E32E35E0F32EC0E000E06D2FD2
:10A85000F70180810E94FF2E882399F082E0809387
:10A86000160110921C0110921B01C0931701509108
:10A8700007055093190110931A01002309F4D1C25E
:10A8800001E0CF5FF4E0EF0EF11CC63001F70023CA
:10A8900009F4F1C20E94453521E0D21609F494CFA3
:10A8A000DD24D394C9CFC03E09F409C3C03F09F0E9
:10A8B0008BCFDC3008F034C3DA3008F05DC3DD2321
:10A8C00009F456C3D83009F07FCF8091380588321B
:10A8D00008F07ACF0E94823A77CF60916A058D2F77
:10A8E0000E94C53671CF80915805811102C00E9427
:10A8F000EB3900E215E084ECE82E87E0F82E98E3CF
:10A90000A92E95E0B92E4C2F6D2FC8010E945A3305
:10A91000882329F04D2D6C2FC7010E9478360C5FDB
:10A920001F4F23EAE21A2EEFF20AA016B10659F7DA
:10A930004BCF6C2FD4CFC0916B05B0906A0510E25D
:10A94000C12E15E0D12E04EC17E0F12CE12C4B2D9B
:10A950006D2FC6010E945A33882399F1F801E158FE
:10A96000FF4FA08081E0A81629F08DEF8A0D83307B
:10A9700008F061C06B2DC8018C5B9E4F0E946B2A52
:10A98000E82FD801A85BBE4F8C9194E0A91227C094
:10A990008695E817B0F42DE531E0E29EC001E39E14
:10A9A000900DF29E900D11248C53984FE80FF92FC3
:10A9B000F11DEC53FF4F2C2F4FE060E480810E948B
:10A9C000152A8FEFE81AF80A94E0C90ED11C035A31
:10A9D0001E4FE6E0EE16F10409F0B9CFF5CEE81708
:10A9E00080F7F3E0AF12D7CFAE2EAA0C8A2C912CB1
:10A9F0008DE591E0E89EF001E99EF00DF89EF00DE6
:10AA00001124E80DF91DE857F74F2C2F4FE060E4B3
:10AA100080810E94152A2FEF821A920AF801E653CC
:10AA2000FF4F8081E1E0EA0D8815190411F00CF068
:10AA3000B2CFE0E0B0CF2C2F4FE060E4C8010E941D
:10AA4000122DBFCFC0916A05E8E8EC0FE83008F09E
:10AA50009EC0F0E0EB50FC490C94DC6200E215E093
:10AA6000B4ECEB2EB7E0FB2EC8E3CC2EC5E0DC2E19
:10AA70006D2FF80180810E94FF2E882319F0C701F5
:10AA80000E9406370C5F1F4FF3EAEF1AFEEFFF0A32
:10AA9000C016D10669F798CEF0E2CF2EF5E0DF2E92
:10AAA000AEE8EA2EA8E0FA2E10E000E06D2FF601E5
:10AAB00080810E94FF2E8823E1F0F70111A2C0E0FF
:10AAC000F7018081C817A8F48DE591E0089FF00197
:10AAD000099FF00D189FF00D1124EC53F84FEC0F67
:10AAE000F11DEC53FF4F68EF80810E94D629CF5FA4
:10AAF000E7CF0F5F1F4FF4E0CF0ED11C23EAE21A1D
:10AB00002EEFF20A0630110589F65ECE00E215E05E
:10AB1000E4ECEE2EE7E0FE2E6D2FF80180810E941E
:10AB2000FF2E882319F0C7010E94B3350C5F1F4F19
:10AB3000F3EAEF1AFEEFFF0A25E00833120761F788
:10AB400043CE00E215E06D2FF80180810E94FF2EB8
:10AB5000882321F081E08D0FF80180830C5F1F4F67
:10AB6000F5E008331F0779F72FCE00E215E06D2FCF
:10AB7000F80180810E94FF2E882311F0F8011082D5
:10AB80000C5F1F4FF5E008331F0789F71DCE1091AA
:10AB90006B05C11103C01093070516CE83E00E9418
:10ABA000B13270E8672E111101C0612C81E0C0360E
:10ABB00009F08FEFA82E880FBB08712E770C50E29A
:10ABC000852E55E0952E64ECE62E67E0F62E6D2F6F
:10ABD000F40180810E94FF2E882309F474C0C632DC
:10ABE00009F4AEC020F5C43009F47BC0C8F4C1300C
:10ABF00009F463C0272D42E1C23009F460C080919E
:10AC00006005823009F0E8C0C23408F0D0C0EC2FF3
:10AC1000F0E0E355F34D84918F3F09F0CCC053C071
:10AC2000C63069F7F701E65BFE4F60824CC0C23662
:10AC300009F479C0D0F5C03409F456C080EA8C0F0D
:10AC40008230E8F6012FF701E45BFE4FD08080E808
:10AC50008D0DEEEF803428F020ECEFEF2D1508F08D
:10AC6000ED2DF0E0E351F44D84918F3F61F10E94AE
:10AC7000E640FC01AD2DB0E083819281C63209F03F
:10AC80006EC0482F933009F061C0081724F044814A
:10AC900040170CF062C08091590520E06D2D82FDB7
:10ACA00012C0C7010E947A370EC0C33609F0A7CF81
:10ACB000F701E55BFE4F608240C0272D41E160E473
:10ACC000C7010E94122DF4E08F0E911C23EAE21AB4
:10ACD0002EEFF20A82EFE8168FE0F80609F077CF40
:10ACE00073CD272D43E1EBCFF701E551FF4F103432
:10ACF00018F081E08083E7CF10826701F0EFCF0E7C
:10AD0000D11CF601818187FF04C06081C7010E94C8
:10AD10001F36F3E0CF0ED11CC7018C5E9E4FC816C4
:10AD2000D90679F7D0CFD701A45BBE4FF701E55B19
:10AD3000FE4F8081812B8C93108231971082C3CF7C
:10AD4000F701E65BFE4F0081012B7DCF081708F469
:10AD5000A2CF4481041708F09ECF402F9CCFAE0DA8
:10AD6000BF1D4C9195019330A9F4240F311D47FD6F
:10AD70003A95082E000C990B281739070CF48BCF45
:10AD80008481082E000C990B821793070CF483CF53
:10AD9000422F81CF240F311D8217130611F00CF0C2
:10ADA0007ACF8481821713060CF475CFF1CF8EEF22
:10ADB000C63608F488CF0E94E6406C01FC0125816C
:10ADC0008C2F512C251581F0F6019085981761F094
:10ADD0009681891B5394F6CFC03708F074CFEC2FBF
:10ADE000F0E0E351F34D17CF8091590583FD6BCF10
:10ADF000F6018081823068F4612FC6010E94DC2D4B
:10AE0000482FF60186816181589E600D112420E053
:10AE100048CF00E0212F452D60E0C6010E94303967
:10AE200052CF22E03C2F40911801612F70911B01FD
:10AE300080911C0165DC811123CD0E943A3321CD24
:10AE400083E08093160110921C0110921B01109256
:10AE500017015A515093190110931A0123E030E061
:10AE600040911801612F70E080911C0149DC811133
:10AE700011CD0E943A3381E080930605A5CCC091A4
:10AE80006A0500E215E024ECE22E27E0F22E6D2F99
:10AE9000F80180810E94FF2E882331F02C2F4FE093
:10AEA00060E4C7010E94122D0C5F1F4FF3EAEF1AF6
:10AEB000FEEFFF0A25E00833120749F785CC009121
:10AEC0006B05E0E80E9FC001112400916A05080F90
:10AED000192F111D82E00E94B132000F111F000FC7
:10AEE000111FC12F00E215E094ECE92E97E0F92E36
:10AEF0006D2FF80180810E94FF2E882331F02C2FC6
:10AF000040E160E4C7010E94122D0C5F1F4FF3EA7D
:10AF1000EF1AFEEFFF0A25E00833120749F754CC79
:10AF2000DC3069F1DF3009F04FCC0EE818E0D0E0FA
:10AF3000C0E0F12CF8018081F81620F58DE591E054
:10AF4000C89FF001C99FF00DD89FF00D1124EC535C
:10AF5000F84FEF0DF11DEC53FF4F8081E82FF0E02B
:10AF6000E050FB4F108269EF0E94D629F394E2CFA4
:10AF700080916A05D7D828CC0E94EB3925CC0E9455
:10AF8000EA3622CC2196035A1E4FC630D10589F6E7
:10AF90001BCCFF920F931F93CF93DF934091C2047A
:10AFA000442329F09091E104913009F0B7C0E09179
:10AFB000E704282F082E000C330BE1112EC09091CE
:10AFC0001901290F311D97FD3A952A31310514F0E9
:10AFD00029E130E037FD20E020931901413009F0EC
:10AFE00042C09091E104911112C02091E704082E13
:10AFF000000C990B820F911D27FD9A9581319105C7
:10B0000014F080E190E097FD80E08093E70481E018
:10B01000CDB7DEB7E5E00C943063E13071F4909188
:10B020001A01290F311D2038310514F02FE730E0C7
:10B0300037FD20E020931A01D1CF0E2E000CFF0B1C
:10B04000E255FB4F9081290F311D97FD3A9520382D
:10B05000310514F02FE730E02032310514F420E2FE
:10B0600030E02083BBCF4111D2CFD0911A01F090B4
:10B0700019011F2D0D2F86E191E00E942E33E82F3C
:10B08000F0E0EE0FFF1FE657FB4F808191818017A4
:10B09000910709F4BCCF809116018230E9F4E09168
:10B0A000170184E0E89FF0011124E05EFA4FC081AF
:10B0B000C111C15080915A05843071F44F2D4F77E2
:10B0C00060E28C2F806B0E94962F6D2F6F774EEF72
:10B0D0008C2F806C0E94962F2091160130911701C1
:10B0E000409118015091190160911A0170911B0152
:10B0F00080911C0105DB882371F081E08093C004FE
:10B1000040E150E06EE177E280EB94E00E944B6317
:10B110000E943A337CCF1092C004FACF413009F438
:10B1200060CF75CFB0E0A0E0E8E9F8E50C940F63DC
:10B130007C01162F6A01D22FFC012730A0F48185F3
:10B1400092854D2FB6010E944E356D2FC6010E948B
:10B150000345D150F601ED0FF11D8081803231F4AD
:10B16000D1500F5FF7CF83859485EBCFDF5FCD2F75
:10B17000D0E0F601EC0FFD1F80E280832196CC0D1C
:10B18000DD1DF7018281E82FF0E0EE0FFF1FED5982
:10B19000F04EC590D49056018D3009F442C0D0F4E1
:10B1A0008A3029F18C30B9F18230F9F0C114D10420
:10B1B00009F1402FBE01C501810F911D0E944E353E
:10B1C00040E2602FCE010E94C945CDB7DEB7EAE06C
:10B1D0000C942B63843159F1893189F1833131F732
:10B1E000BE01812F0E94BA2DE1CF1F5FDFCF1F303C
:10B1F000E8F21F50F7018281833111F3833029F582
:10B20000812F012E000C990B0023D1F2AE01602F8B
:10B210000E947927D5CF063048F232EDA32EB12C0B
:10B22000C8CF063018F221EFA22EB12CC2CF1832AF
:10B2300008F0BCCF91E4A92EB12C10E0BACF1111C7
:10B24000B5CF85E4A82EB12CB4CF812F90E0DCCF10
:10B25000B0E0A0E0EEE2F9E50C9410638091E10427
:10B26000811167C012E0F12CE12CBE2CC1E0F3E0AB
:10B27000FE1508F0C0E01C1761F18B2D0E943529E6
:10B28000D82E0B2D03708AE0089F002D11248C2FDF
:10B290000E94E52AEC01C00FD11D0111A3C087E077
:10B2A0008A87E091C904F091CA04EE0DFF1D8381E5
:10B2B00046E050E066E87BE2883F39F0893F09F0DC
:10B2C00097C046E050E06FE77BE2CE0104960E9413
:10B2D0006663FFEFEF1AFF0A88E0E816F10429F62B
:10B2E000E090C904F090CA04C0E081E0C43008F4E2
:10B2F00080E0181799F0F70193819F3F79F40E943D
:10B30000E52A9C019C2F9370EAE09E9FE02D11247A
:10B31000E20FF32FF11D80E280838287CF5FFFEF82
:10B32000EF1AFF0AC83009F7CDB7DEB7E9E00C9491
:10B330002C6380915B05882309F494CFC091E704C6
:10B340008C2F0E9435298F3F09F48CCF0E94E64054
:10B350007C01FC018081843009F484CF0091E704F2
:10B36000E091C904F091CA04E00FF11D07FDFA95C0
:10B370008381807F803F91F5802F0E941C29C82EF9
:10B38000D12C11E0C4300CF410E0812F0E94E52A8A
:10B39000EC01802F0E942341482F9E012F5F3F4FD9
:10B3A00003E16C2DC7010E94184587E08C8B8091CA
:10B3B000E7040E942341082F8091E7040E941C2982
:10B3C000682F402FC7010E94962D682FAE014B5E5B
:10B3D0005F4F07E02BE0C701A5DE45CFCC24CA9420
:10B3E000D12CCFCF87E088830E3109F45ACF57CFC5
:10B3F0008FEFD81609F46DCF8D2D0E94E6406C01B9
:10B400008B2D0E942341082F8B2D0E941C29682F11
:10B41000402FC6010E94962D682FF601808102E020
:10B4200026E0843011F004E024E0AE014F5F5F4F6E
:10B43000C60178DE8091E704082E000C990BE8160F
:10B44000F90609F046CF89819FE9980F9A3108F0F3
:10B4500040CF805289833DCF1F93CF93DF93F8DE97
:10B4600080E2809314018091E7048430DCF1082E9F
:10B47000000C990B0497982F990F990F890F8B5CEB
:10B480008093E604E091E50484E0E89FF001112454
:10B49000E05EFA4F138181E00E94E52AEC0148E268
:10B4A00050E060E270E00E948B6349E050E063EEA0
:10B4B0007BE2CE0101960E94666387E08A8781E382
:10B4C00091E0212F292321F02BE52C872DE52E87D4
:10B4D0008D87990F8F5F2596873399F7DF91CF91ED
:10B4E0001F9108958FEFCCCF1F920F920FB60F923E
:10B4F00011242F933F934F935F936F937F938F9379
:10B500009F93AF93BF93CF93DF93EF93FF9380917C
:10B51000670190916801019690936801809367019B
:10B520002091C7013091C8012F5F3F4F3093C80170
:10B530002093C7012091C9023091CA028217930754
:10B5400048F08091C5018F5F8093C501109268011A
:10B5500010926701C091690181E08C278093690195
:10B560008091850490914404891B8F71A9F0C130AA
:10B5700099F080914404E82FF0E0EE0FFF1FEB5BA1
:10B58000FB4FD1818F5F8F718093440480810E9433
:10B59000D7328D2F0E94D0328091430490910204C3
:10B5A000891B8F71A9F0C13099F480910204E82FB2
:10B5B000F0E0EE0FFF1FED5FFB4FC1818F5F8F71DA
:10B5C0008093020480810E94D7328C2F0E94D03257
:10B5D000FF91EF91DF91CF91BF91AF919F918F91AB
:10B5E0007F916F915F914F913F912F910F900FBE7F
:10B5F0000F901F90189578941F920F920FB60F928C
:10B600001124BF92CF92DF92EF92FF920F931F937C
:10B610002F933F934F935F936F937F938F939F935A
:10B62000AF93BF93CF93DF93EF93FF938091C000CD
:10B6300087FF15C09091C6008091C4012091A3019D
:10B640008150821B8F7159F08091A301E82FF0E0A7
:10B65000EC55FE4F90838F5F8F718093A301809193
:10B66000C80290914901891B877009F449C18091F2
:10B67000C00085FF0DC080914901E82FF0E0E05443
:10B68000FD4F90818F5F8770809349019093C60032
:10B69000C0916401CF5FC093640186B1D0916C0109
:10B6A000DD0F86958170D82BD0936C0196B1809177
:10B6B0006A01880F93FB992790F9892B80936A017F
:10B6C00026B190916B01990F22FB222720F9922B32
:10B6D00090936B01803809F02BC1907F09F446C12B
:10B6E000DF3729F441E060E082E00E94B932CF7197
:10B6F00009F43EC180916401877029F480911C0295
:10B700008F5F80931C0280917A0086FDFCCF609150
:10B71000780080917900782F20916D01822F90E040
:10B72000880F991FFC01EC5AFE4F0190F081E02D2B
:10B73000AF01461B570B57FF03C0AB014E1B5F0BFE
:10B74000FC01E852FC4FA081B1814A175B0748F029
:10B7500048E050E0518340838C5A9E4FFC01718336
:10B76000608381E0820F273009F447C180936D0127
:10B7700080916D018770806480937C0080917A0055
:10B78000806480937A0060916D01662309F438C16A
:10B790006150E62FF0E0DF01AA0FBB1FAC5ABE4F8D
:10B7A0004D915C9133E0569547953A95E1F7E45B0E
:10B7B000FE4F80818417150649F04083643018F4E9
:10B7C00083E0861B682F80E00E94B93280914B0194
:10B7D0008823C9F00E94832A843090F08CED8093F6
:10B7E0003F0210921D021092C9011092CA0180E816
:10B7F0000E948B2A8BED0E94B32A8BED8093CC01A3
:10B800008FE080932C024498C0914A01FC2FFF7076
:10B81000BF2EC5FBCC27C0F90DE212E09EE1E92E58
:10B8200092E0F92EDC2FDD24D394DD0FF801829114
:10B830008F01CC2311F0809582958F70B81610F08F
:10B840008F3009F4D160D394F8E0DF1212C045982C
:10B8500080E8C82E0E947F2A8C2D8D2309F4D2C047
:10B86000459AC694479ADA94D110F4CF0E947F2A61
:10B87000D0E0E016F106C9F680914A018F5F80930F
:10B880004A010E94812A80913E028F5F80933E028E
:10B8900080916E01882309F4B7C05A985B98109282
:10B8A0006E0190916601892F837049F48091650142
:10B8B00026E6280F2D3708F0C0C02093650181E0EF
:10B8C000890F9F3209F4D8C080936601FF91EF91F0
:10B8D000DF91CF91BF91AF919F918F917F916F91A8
:10B8E0005F914F913F912F911F910F91FF90EF909A
:10B8F000DF90CF90BF900F900FBE0F901F901895C4
:10B900008091FF029091FE02891B8F7709F4C0CECF
:10B910008091C00085FFBCCE8091FE02E82FF0E050
:10B92000E05CFD4F90818F5F8F778093FE02AECEFB
:10B93000903809F0D5CE807F4FEF09F0D1CE8091BD
:10B940009B01811106C0440F440F440F81E0809396
:10B950006F018091A20160E0811104C080E88093B2
:10B960006F0161E081E00E94B932BACE41E0E7CFD9
:10B9700044980E94812AD8E0CC0F86B186FB8827A4
:10B9800080F9C82B479A0E947F2AD150A9F70BE96A
:10B9900011E043EA51E0F80190E88191880FDF015E
:10B9A0001197292F2C23C1F48C9396954E175F077E
:10B9B000A1F7C1E0F80181918F018F3741F48091A7
:10B9C0006F01982F9C2351F08C2780936F01CC0F2F
:10B9D000DF5FD83079F78ECE8160E6CF80919B0112
:10B9E00067E0811104C081E080936F016FE06D1BFF
:10B9F00041E083E00E94B932EACF10926D01B8CEE7
:10BA000067E0C7CE45982DCF8091D70390919603DC
:10BA1000891B8F7309F445CF81E080936E0180917B
:10BA20009603E82FF0E0E956FC4F8F5F8F73809309
:10BA3000960380810E94A92A34CF875180936501A3
:10BA400020916F05309170052F5F3F4F3093700547
:10BA500020936F0520916F0530917005232B09F01D
:10BA60002ECF20917105309172052F5F3F4F30939B
:10BA700072052093710523CF109266018091EB042B
:10BA8000882319F081508093EB048091EA04882385
:10BA900019F081508093EA0480911501897F809389
:10BAA000150114CF1092A30784EC97E022EF3FE03A
:10BAB000FC01E059FF4F44E5DF011D924A95E9F78B
:10BAC000835A9E4F2817390799F7089500D000D060
:10BAD0000F92CDB7DEB7F8940E94F02E78941092B2
:10BAE000C1001092C90014BE8091600088618093EB
:10BAF000600010926000389A80E00E943244809189
:10BB0000C0008D7F8093C0001092C50087E28093B3
:10BB1000C4008091C10088608093C1008091C10001
:10BB200080618093C10080918100887F82608093D2
:10BB30008100809180008C7F816080938000809163
:10BB4000B100887F81608093B1008091B0008C7FCC
:10BB500081608093B000809170008160809370005C
:10BB600044E050E070E060E082EE94E0D4D549E03B
:10BB700050E06DE47EE08AEE93E08DD53B98439AE9
:10BB80008FEF80936A013A98429A80936B013998BB
:10BB9000419A80936C013F9A3C9A3E980E94812A78
:10BBA0000E947F2A48E050E06FEF70E08BE991E05F
:10BBB000B2D580917A00876080937A0080917A0074
:10BBC000806880937A0010926D0180E480937C00FD
:10BBD00080917A00806480937A0088E090E090936E
:10BBE000D9038093D8039093DB038093DA03909377
:10BBF000DD038093DC039093DF038093DE03909357
:10BC0000E1038093E0039093E3038093E203909336
:10BC1000E5038093E4039093E7038093E603539A4C
:10BC2000529A8AB1806F8AB95B985A9888EE93E0ED
:10BC3000E4EFF1E03197F1F70197D1F783E00E944B
:10BC4000CF2A00E117E2C8010197F1F783E00E94D3
:10BC5000CF2AC8010197F1F783E00E94CF2AC801DB
:10BC60000197F1F782E00E94CF2A88E20E94DB2A46
:10BC70008CE00E94DB2A86E00E94DB2A81E00E94A1
:10BC8000DB2A82E00E94DB2A10926E0140E550E040
:10BC900060E270E085E493E03ED540E550E06FE37C
:10BCA00070E08CEC91E037D510921D021092C90122
:10BCB0001092CA018FEF8093CB018093E60410921B
:10BCC0001C023F9A3C9A3D9A0E94812A4FE050E024
:10BCD00070E060E08BEC94E01ED588E40E94DB2AE3
:10BCE0000CE710E0F801F4908F2D82958F70806141
:10BCF0000E94CF2A8F2D8F7080610E94CF2A0F5F04
:10BD00001F4FF0E0043B1F0769F782E00E949A3E54
:10BD100049E250E060E270E080E791E0FCD41092EC
:10BD2000980110926F0180916F00816080936F0085
:10BD300084B1876084B90E94303546E050E070E0FD
:10BD400060E080E095E0E7D410E004E00E94062A7D
:10BD500088E893E10197F1F7812F0E94D7328FEFA6
:10BD60000E94D0328EB5015089F71F5F163069F7F7
:10BD700010915E05112309F453C08091A201811135
:10BD800003C081E00E943244F090A2010FEA18E063
:10BD9000D8011D92CD010E947435C801C7960E943A
:10BDA0009335035A1E4FB0E10D3D1B0789F7F11083
:10BDB00048C080E00E94FA430E94C4441092580593
:10BDC00083EA95E090939A018093990181E10E9422
:10BDD0009A3E8091E9038093E8038091A3019091BA
:10BDE000C401891B8F718B83882309F4C7C080919C
:10BDF000C401E82FF0E0EC55FE4F10818F5F8F718A
:10BE00008093C40180915A05811103C0812F0E9443
:10BE10000D2F183F08F44BC0812F0E94BF53DDCF78
:10BE20000E94062A88E893E10197F1F7812F0E948A
:10BE3000D7328AEF0E94D0328EB51F5F163081F75D
:10BE40009CCF1A82198204EC17E081E0811102C0B4
:10BE500090E015C0AE014F5F5F4F64E5C8018059A7
:10BE60009F4F0E945844882399F3AE014F5F5F4F64
:10BE700060E7C8010E94584491E0882349F3892F64
:10BE8000035A1E4FEFE0023F1E0701F7992309F402
:10BE900090CFAE014F5F5F4F68E380E295E00E9474
:10BEA0005844882309F485CF0E94E63887CF17FFCE
:10BEB0005AC0812F807F10926D0591E090936E059E
:10BEC000803BE1F148F4803AC9F1812F807E8038CF
:10BED000A9F11093690516C0803E81F1803F49F1B8
:10BEE000173FC1F580916905803F51F487EF0E94AB
:10BEF000925080910003843059F58BE20E94B13258
:10BF00001092690590916D0580916E05981708F45F
:10BF100064CF809169050E94BF5310926D05809196
:10BF20006905813F08F459CF10926E05109269059A
:10BF300054CF812F8F708150823020F482E0809323
:10BF40006E05CECF812F8C7059F210926E05C8CF3E
:10BF500083E2D4CF103F09F0BCCF1093690580EF86
:10BF60000E949250CFCFE0916D0581E08E0F8093BB
:10BF70006D05F0E0E759FA4F1183C4CF8091C701F6
:10BF80009091C8018832910508F4EEC02091C60155
:10BF90002F5F2C832093C60188979093C8018093CC
:10BFA000C7010EE818E0D12CC12CD8015D968D9107
:10BFB0009C915E9701965E969C938E935D978C9173
:10BFC00081110AC0BFEFCB1ADB0A035A1E4FE6E00D
:10BFD000CE16D10451F7D2CFFC81F170FD83480118
:10BFE0002AEC821A910878018FEFE81AF80A5801B2
:10BFF00093E1A90EB11C3801A5E06A0E711C412C19
:10C00000F401848DD7014D915C91119712962D9179
:10C010003C911397240F351F13963C932E93129740
:10C0200091E02417350708F090E0F7019483932FEF
:10C03000823031F178F4532E550C550881112CC003
:10C04000220F232F221F330B3195522E97FD24C030
:10C05000509422C0532E8330F9F08450982F8A5A7E
:10C06000914FFC01E30FF11D822F55901590819D9A
:10C07000F0018095859DE00DF11D11245F2E0CC00F
:10C080002417350738F40E94F22D80911101D70151
:10C0900015968C93F7015580442019F0FD81FF23FC
:10C0A00041F1D50116968C91851501F1312CF801DD
:10C0B00080813816D8F48DE591E0C89EF001C99EC4
:10C0C000F00DD89EF00D1124EC53F84FE30DF11D47
:10C0D000EC53FF4F2080642D6065822D0E94D6298D
:10C0E000652D822D0E94D6293394E1CFD501169675
:10C0F0005C92F401878D823049F4D3018C91958D47
:10C100009F30A8F4F5018081882399F04394B8E02A
:10C110008B0E911CE6E0EE0EF11CFFEFAF1ABF0A8A
:10C1200026E0620E711C83E048126ACF4BCF882351
:10C1300069F3512CD8018C91581640F78DE591E0A8
:10C14000C89EF001C99EF00DD89EF00D1124EC534D
:10C15000F84FE50DF11DEC53FF4F642D60688081B1
:10C160000E94D6295394E6CF8FB7F8941091C50159
:10C170001092C5018FBF80913805883228F0115088
:10C1800018F00E94823AFBCF0E94832A843008F480
:10C190005FC090913E0280913D02981710F410927A
:10C1A0003F0280913E0280933D0200911D028091EA
:10C1B000E604202F30E0081306C080911C02109185
:10C1C000140187FD13C010913F02112359F0002381
:10C1D00011F0073239F4F901EB5BFC4F808111500B
:10C1E000803221F0F901EB5BFC4F1081F090CA0125
:10C1F000D901A453BE4F6D018C91082E000C990BF0
:10C200001817190691F08091CB0190E0019628173C
:10C21000390709F049C0FF2009F446C0812F0E9468
:10C22000B32AF60110830093CB0181E08F0D809338
:10C23000CA010F5F00931D02883251F41092CA01A7
:10C240008091C90191E0980F8130C9F19093C901A3
:10C250008091E8039091E903891B877009F48EC0EF
:10C260008091E903E82FF0E0EE0FFF1FE35DFD4F43
:10C27000E080F1808F5F87708093E903870126E07B
:10C28000159507952A95E1F703701E2D1F730E94DF
:10C29000ED2A0330C9F41F3309F040C02FEFF2122A
:10C2A0003DC0F1E0FB83D4CF8091C901B0E48B9F06
:10C2B000C00111248F2980680E948B2AAFCF109271
:10C2C000C90110921D02C4CF023049F0013069F05B
:10C2D000E0911205F09113056F2D812F47C0E09179
:10C2E0001005F09111050995DCCF111107C0E091FF
:10C2F0000C05F0910D058F2D0995D3CF2091E50404
:10C300002F0D822F022E000C990B263014F085E0A1
:10C3100090E097FD80E08093E504C3CFE0911405A1
:10C32000F0911505812F09958111BBCF8091FF03F5
:10C3300081131EC08091FE03833179F4E0910E05D4
:10C34000F0910F056091E50488E10995882309F4CF
:10C35000A8CF84E00E949A3EA4CF8431D9F7E0911F
:10C360000E05F0910F056091E50482E2099599CFE1
:10C37000E12FF0E0E651FC4F8081ECCF2FB7F8942D
:10C3800080916F0590917005A0917105B091720533
:10C390002FBF2091410330914203821B930B8132C6
:10C3A000934058F00E94ED2AE0911805F09119058C
:10C3B0000995882311F0B1E0BB839091FC02809134
:10C3C0001E09892B20917B0A822B2091D80B822B6E
:10C3D0002091350D822B2091920E822B2091EF0F10
:10C3E000822B80FF61C09E7F9093FC02EEE1F9E01A
:10C3F0002CE431E180818E7F8083E35AFE4F2E173B
:10C400003F07C1F740E550E060E270E085E493E06B
:10C4100082D180E00E94E52A2EEFFC0127A38FEF56
:10C420008093E604E0911A05F0911B0509954FE011
:10C4300050E070E060E08BEC94E06DD1E091E504B9
:10C44000F0E0EA59F14EE491E85FF0E0E553FB4F8C
:10C4500080EF8083E6E6FEE120E035E046E055E04F
:10C460009491D9018D919D01A8E0A90FB0E0A55349
:10C47000BB4F8695869586959C91892B8C9331969A
:10C480004217530769F7E0911C05F0911D050995C6
:10C4900080915F0581110CC04FE050E06BEC74E0BF
:10C4A0008EE192E02FD199CCFB81F111ABCFBFCFC0
:10C4B000EBECF4E02191822F8295DF0111978C93B0
:10C4C000B4E0EA3DFB07B1F7E7CF8091A307811104
:10C4D0000C94F1330895991B79E004C0991F9617C5
:10C4E00008F0961B881F7A95C9F780950895AA1BB6
:10C4F000BB1B51E107C0AA1FBB1FA617B70710F04F
:10C50000A61BB70B881F991F5A95A9F78095909580
:10C51000BC01CD01089597FB072E16F4009406D0B8
:10C5200077FD08D0E4DF07FC05D03EF490958195B7
:10C530009F4F0895709561957F4F0895A1E21A2E3F
:10C54000AA1BBB1BFD010DC0AA1FBB1FEE1FFF1FB7
:10C55000A217B307E407F50720F0A21BB30BE40B07
:10C56000F50B661F771F881F991F1A9469F760954E
:10C570007095809590959B01AC01BD01CF01089508
:10C58000052E97FB16F400940FD057FD05D0D6DF8B
:10C5900007FC02D046F408C050954095309521958F
:10C5A0003F4F4F4F5F4F08959095809570956195DF
:10C5B0007F4F8F4F9F4F0895EE0FFF1F0590F4910F
:10C5C000E02D099405D0332312F48A1B9B0B10C075
:10C5D000A29FB001B39FC001A39F700D811D1124C4
:10C5E000911DB29F700D811D1124911D0895F0DFE2
:10C5F000B7FF0895821B930B0895EADFA59F900D66
:10C60000B49F900DA49F800D911D112408952F9229
:10C610003F924F925F926F927F928F929F92AF92D2
:10C62000BF92CF92DF92EF92FF920F931F93CF931F
:10C63000DF93CDB7DEB7CA1BDB0B0FB6F894DEBFB6
:10C640000FBECDBF09942A88398848885F846E84DC
:10C650007D848C849B84AA84B984C884DF80EE8026
:10C66000FD800C811B81AA81B981CE0FD11D0FB62F
:10C67000F894DEBF0FBECDBFED010895FB01DC01D4
:10C6800004C08D910590801921F441505040C8F7A5
:10C69000881B990B0895FB01DC0102C005900D92E7
:10C6A00041505040D8F70895FB01DC010D90002067
:10C6B000E9F7119705900D920020E1F70895FB012D
:10C6C000DC0105900D920020E1F70895FB01DC01EB
:10C6D0004150504048F005900D920020C9F701C02C
:10C6E0001D9241505040E0F70895FC0141505040E8
:10C6F00030F001900616D1F73197CF0108958827C1
:10C7000099270895FB01DC0102C001900D92415070
:10C710005040D8F70895DC0101C06D93415050405E
:10C72000E0F70895FB01DC0101900D920020E1F794
:10C730000895FC0101900020E9F7809590958E0FF7
:10C740009F1F0895DC01CB01FC01F999FECF06C0C3
:10C75000F2BDE1BDF89A319600B40D9241505040BF
:10C76000B8F70895F999FECF92BD81BDF89A99273F
:10C7700080B50895DC01CB0102C02D9105D0415058
:10C780005040D8F70895262FF999FECF1FBA92BDD1
:10C7900081BD20BD0FB6F894FA9AF99A0FBE0196A2
:10C7A000089516E1C0EBD6E103C0FE0105DF219636
:10C7B000C13BD107D1F7F894FFCF8E4FB44FCF4F85
:10C7C000E24FFD4FD54F0150105036504050495068
:10C7D00052505E506E507450AE4F2C5234524D52E7
:10C7E00060525F5265528B5231522E554C55E45374
:0AC7F0008655A155B555E453E453F6
:10C7FA0001000100FF00000000000000000000FF2F
:10C80A002100FF3CFF010200000000000003026754
:10C81A00010000B0047048C43854222A2B2C3A3B39
:0AC82A003C3D3E3F5B5D7C7F00005B
:00000001FF
