:100000000C94FA160C9422170C9422170C942217B5
:100010000C9422170C9422170C9422170C9422177C
:100020000C9422170C9422170C9422170C947A5ECD
:100030000C9422170C9422170C9422170C94015F35
:100040000C9422170C9422170C9422170C9422174C
:100050000C9422170C9422170C9422170C9422173C
:100060000C9422170C9422170C9422170C9422172C
:100070000C9422170C9422170C94221702030302EB
:10008000020E1E0C000004040E1F1F0000000815C5
:1000900002000000010101030300120C00191B06FD
:1000A0000204040800100804020100000400040017
:1000B000040004004600ACFF540090FF54009EFF73
:1000C00070009EFF3600BAFF7F00ACFF7F0090FFFC
:1000D0005400ACFF58009BFF6B00A1FF5800A8FF25
:1000E0003200DAFF4100A8FF6500A1FF650081FF33
:1000F0003F00E1FF13002C005D00FCFF2000CBFF60
:10010000A6FF81FF750020009AFFCBFF6900CBFF9F
:100110005D00CBFFC1FFC1FF7F00000081FF000039
:1001200000005800000000005800CEFFA8FF0000AB
:10013000580000007F0081FF7F0081FF7F0081FF6A
:100140007F0081FF7F0081FF7F0081FF7F0081FFB3
:100150007F0081FF7F007F0081FF81FF7F007F00A4
:1001600081FF81FF7F007F0081FF81FF7F007F0093
:1001700081FF81FF0000FF7FFF7FF9FFEFFFFEFFA0
:10018000FF7FFF7FFF7FECFFFBFFFF7F0000FF7F14
:10019000FF7FF9FFFF7FFEFFF4FFFF7FF6FFFF7F8A
:1001A000FF7FFF7F0000FF7FFF7FF9FFFF7FFEFFE4
:1001B000FF7F0200FF7FFF7FFBFFFF7F0000F4FF58
:1001C000FF7FF9FFFF7FFF7FFF7F0200FF7FFF7F41
:1001D000FBFFFF7F0000F4FFFF7FFF7FFF7FFEFF3D
:1001E000FF7F0200FF7FFF7FFBFFFF7F0000FF7F9D
:1001F0000500FF7F0A00FEFFFF7FFF7FF6FFFF7F06
:10020000FBFFFF7F0000FF7F0500FF7FEFFFFEFF8A
:10021000FF7F0200F6FFFF7FFF7FF1FF0000FF7FFF
:100220000500F9FFFF7FFEFFFF7F0200FF7F070051
:10023000FBFFFF7F0000FF7F0500FF7FFF7FFF7F49
:10024000F4FF0200FF7FECFFFBFFFF7F0000FF7F5A
:10025000FF7FFF7FEFFFFEFFFF7F0200F6FFFF7FC4
:10026000FBFFFF7F0000FF7F0500F9FFFF7FFEFF20
:10027000FF7F0200FF7FFF7FFF7FF1FF0000F4FFA1
:10028000FF7FF9FFFF7FFEFFFF7FFF7FFF7FECFF18
:10029000FBFFFF7F0000FF7F0500F9FFFF7FFEFFF0
:1002A000FF7F0200FF7FECFFFBFFF1FF0000FF7FFD
:1002B0000500FF7FEFFFFEFFFF7F0200FF7F0700CB
:1002C000FBFF0C000000FF7F0500FF7FEFFFFEFF3C
:1002D000FF7F0200FF7FECFFFBFFFF7F0000FF7F3F
:1002E0000500F9FFFF7FFEFFFF7F0200F6FFFF7FA3
:1002F000FBFFFF7F0000FF7F05001400FF7FFEFF74
:10030000FF7F0200FF7F07001600FF7F0000FF7FD6
:10031000EAFFF9FFFF7FFEFFFF7F0200FF7FECFF98
:10032000FBFFFF7F0000FF7F0500FF7F0A00FF7FCC
:100330000F000200FF7F0700FF7F0C000000FF7F1F
:100340000500FF7FEFFFFEFFFF7F0200FF7F07003A
:10035000FF7FF1FF00000F00FF7FFF7FEFFFFF7FB8
:10036000F4FF02001100FF7FFF7FF1FF0000F4FFA8
:10037000FF7FFF7FEFFFFF7FF4FF0200F6FFFF7FAD
:10038000FF7FF1FF00000F00FF7FFF7FEFFFFF7F88
:10039000F4FFFF7FFF7FECFFFF7FF1FF00000F0006
:1003A000FF7FFF7FFF7FFEFFFF7F02001100FF7FC7
:1003B000FF7FFF7F0000F4FFFF7FFF7FEFFFFEFF67
:1003C000FF7F0200F6FFFF7FFF7FF1FF00000000CC
:1003D00000000000C0FF0000000000000000C0FF9F
:1003E000000000000000000000000000C0FF00004E
:1003F00000000000000000000000000000000000FD
:1004000000000000C0FF000000000000000000002D
:100410000000C0FF00000F000500F9FF0A00FEFF0A
:10042000F4FF02001100ECFFFBFF0C0000000F00C6
:1004300005001400EFFFFEFFF4FF02001100ECFFC7
:10044000FBFFF1FF6444E0293644DC295144CE2906
:1004500041550000C6297D5A482BC529844DE02905
:10046000DE29DC29D029CE29CE540000C6294E59D8
:10047000AD29C529C84BE0299858DC297B2BCE290A
:1004800082570000C6293C4B602B0D4E1A42E029D2
:10049000CA41DC29D02974418A4D0000C6294F4544
:1004A000BA29C5292E572257BB3CDC299A3C8753D1
:1004B0008A4D0000C6292E5DD42AC5293C571757FE
:1004C00000572C4190541E548A4D6254C629325E06
:1004D000E92AC529B256A8569955DC29832AF92953
:1004E0008A4D922AC6299259BA29C5292E572257D0
:1004F000BD562C41745487538A4D0000C6292E5D89
:10050000E92AC5296C6F61642064656C6179006CAF
:10051000646C79007261736961006A6F6765736802
:1005200077617269006B61757368696B20746F64C1
:1005300069006368616E6472616465657000622E53
:10054000746F64690062616972616769006D2E6B26
:1005500061756E73006E61746268616972617600C4
:1005600070612E206B616669006B616D65736877E1
:100570006172690067616E676573687761726900AF
:1005800072616E676573687761726900706172612C
:100590006D65736877617269006D69276D616C00C4
:1005A0006B68616D616A0072616765736872656529
:1005B000006261676573687265650064617262619B
:1005C0007269006268696D70616C61737265650063
:1005D0006B6166690079616D616E0062696C61775B
:1005E000616C007075727669007368726565006D84
:1005F000617277610067756E616B72690062686134
:100600006972617600312F3420656100312F34200A
:100610006500312F34206562007079746861676FFE
:100620007265616E006A75737400657175616C0046
:100630005F5F5F004D554C54490050524F47524147
:100640004D0053455155454E434500504154434894
:1006500000696E69740072616E646F6D697A65001D
:10066000707420582070726F6772616D0070742012
:10067000582073657175656E63650070742058202D
:1006800070617463680073797374656D007065726E
:10069000666F726D616E636500636C6F636B006D96
:1006A000756C7469006172706567676961746F72F7
:1006B00000656E76656C6F70650066696C74657256
:1006C00020320066696C7465722031006C666F00C0
:1006D0006D69786572006F7363696C6C61746F72B9
:1006E0002032006F7363696C6C61746F722031002B
:1006F0006D6F6E6B65790068756D616E00707573F6
:10070000680073687566666C65007377696E67006C
:10071000636E707300636E702E00636E2E730063E1
:100720006E2E2E00632E707300632E702E00632ECB
:100730002E7300632E2E2E002E6E7073002E6E70A0
:100740002E002E6E2E73002E6E2E2E002E2E707307
:10075000002E2E702E002E2E2E73002E2E2E2E00EA
:100760006C6B6579006C61756E63686B657900739D
:10077000687275746869585400616D62696B6100D4
:1007800066756C6C00636F6E74726F6C6C72007364
:10079000657175656E636572007468727500312FDE
:1007A000393600312F343800312F333200312F32B7
:1007B0003400312F313600312F313200312F3800E3
:1007C000312F3600312F3400312F3300332F3800D2
:1007D000312F3200322F3300332F3400312F3100CC
:1007E000322F310063686F726400706C61796564E8
:1007F00000757026646F776E00646F776E00757099
:1008000000636861696E006379636C6963003278C4
:1008100020756E69736F6E00736F6C6F00706F6C14
:1008200079006D6F6E6F006C61670071747A003CC7
:100830003D003E3D006D696E006D6178006174742D
:100840006E0070726F64006164640063686F72644C
:100850002073657100617270656767696F007374FA
:10086000657020736571006C666F7E656E760065DD
:100870006E767E6C666F0066726565006E740068E9
:1008800070006270006C70006472756D20320064DC
:1008900072756D2031006672657175656E637900E1
:1008A0006372757368007375626F73630076696253
:1008B0007261746F006F736320312B32006F73634A
:1008C0002032006F7363203100706172616D2032DD
:1008D00000706172616D2031003D2034003D203890
:1008E000003D203136003D203332003D20363400BB
:1008F0003D20313238003D203235360072616E6461
:100900006F6D00706564616C00776865656C3200BE
:100910006D776865656C0062656E6465720061661E
:1009200074746368007365712E2032007365712ED4
:100930002031006D6F642E2034006D6F642E2033E3
:10094000006D6F642E2032006D6F642E2031006CBC
:10095000666F2034006C666F2033006C666F203247
:10096000006C666F203100656E76203300656E7610
:10097000203200656E7620310064726D3200647240
:100980006D31007663610072656C6500646563615A
:10099000006174746B007265736F0066726571003C
:1009A000637273680066757A7A0073756200786D99
:1009B0006F64006D697800766962720003312B32D2
:1009C000006F736332006F7363310070726D3200B9
:1009D00070726D31003D34003D38003D3136003DD0
:1009E0003332003D3634003D313238003D32353649
:1009F0000072616E64006E6F6973006761746500F8
:100A00006E6F7465007064616C0077686C32006DA5
:100A100077686C0062656E6400616674720076656A
:100A20006C6F0061727000736571320073657131B3
:100A3000006D6F6434006D6F6433006D6F6432005D
:100A40006D6F6431006C666F34006C666F33006CE0
:100A5000666F32006C666F3100656E763300656ECE
:100A6000763200656E763100706F70006D6574616E
:100A70006C00626C6F7700676C6974636800636C0C
:100A800069636B0070756C32007472693200737147
:100A900075320070756C3100747269310073717554
:100AA00031006269747300666F6C6400786F720065
:100AB00072696E676D6F640073796E630073747032
:100AC00032007374703100727371720072736177E7
:100AD000006C737172006C7361770073706B32001D
:100AE00073706B310062617432006261743100674F
:100AF00072673200677267310068726D3500687224
:100B00006D330068726D320072616D70007326681B
:100B1000007371720074726900766F77656C2032B1
:100B2000006373617700666D6662007170776D00B7
:100B30006F6C64736177007761767175656E63655C
:100B40000062656C6C006D6574616C6C6963006457
:100B5000726F6E6520320064726F6E6520310064C2
:100B600069676974616C007761766573006F72679D
:100B7000616E00657069616E6F00736C6170007604
:100B8000696265730063656C6C6F00626F776564A2
:100B90000074616D707572610063686F69720066E0
:100BA000656D616C65006D616C6500766F77656C75
:100BB000006E6F6973650070776D003862697473D9
:100BC00000666D00706164007A747269616E676CB2
:100BD000650068707A70756C73650062707A707504
:100BE0006C736500706B7A70756C7365006C707AED
:100BF00070756C73650068707A7361770062707AE3
:100C000073617700706B7A736177006C707A7361CF
:100C100077007A7361770073696E65007472696139
:100C20006E676C6500737175617265007361770042
:100C30006E6F6E65006F6E006F6666006F63747630
:100C400000612F73710073707264006F63740073BE
:100C500072636500616D6E74006F6D6E69006C7318
:100C60006571006C61756E63686B65792073657181
:100C7000006363206D617000657874006F75747037
:100C8000206D6F646500696E70742066696C7465B0
:100C900072007377617020636F6C6F7273006361B1
:100CA0007264206C656473006C65647300617574B4
:100CB0006F206261636B75700068656C7000736EA5
:100CC0006170006D6964690067726F6F7665006CB2
:100CD000656E70006C656E32006C656E310070611F
:100CE0007474206C656E0073657132206C656E00E3
:100CF00073657131206C656E0067726964006869A4
:100D00006768006C6F77006C61746368006C746373
:100D1000680062706D0070617274006368616E6E6D
:100D2000656C007061747465726E006469726563ED
:100D300074696F6E0072616761006172702F736514
:100D40007100706F7274616D656E746F006C6567B1
:100D500061746F00737072656164006F63746176B3
:100D60006500766F6C756D65006D6F6469662E0049
:100D70006D6F646966696572006D6F64756C2E00D5
:100D80006D6F64756C6174696F6E00696E320069B5
:100D90006E310064657374696E6174696F6E00739F
:100DA0006F7572636500766F696365206C666F00AE
:100DB0006C666F2F65670072617465007472696795
:100DC0006765720072656C65617365007375737435
:100DD00061696E0064656361790061747461636B5D
:100DE000006B6579627E7663660076656C6F7E76F1
:100DF0006366006C666F327E76636600656E76327F
:100E00007E766366006D6F6465007265736F6E61F8
:100E10006E636500616D6F756E74006F70657261F1
:100E2000746F720063726F73736D6F642E007375ED
:100E300062206F73632E006F7363206D6978007496
:100E4000756E650072616E676500706172616D65D7
:100E50007465720077617665666F726D00000203DB
:100E60000506090B0D0F808386898C8F9295989BC0
:100E70009EA1A4A7AAADB0B3B6B8BBBEC1C3C6C835
:100E8000CBCDD0D2D4D7D9DBDDDFE1E3E5E7E9EAAA
:100E9000ECEEEFF0F2F3F4F6F7F8F9F9FAFBFCFCFC
:100EA000FDFDFDFEFEFEFEFEFEFEFDFDFDFCFCFB6F
:100EB000FAF9F9F8F7F6F4F3F2F0EFEEECEAE9E715
:100EC000E5E3E1DFDDDBD9D7D4D2D0CDCBC8C6C3D3
:100ED000C1BEBBB8B6B3B0ADAAA7A4A19E9B98955E
:100EE000928F8C898683807C797673706D6A676453
:100EF000615E5B5855524F4C494744413E3C39373F
:100F000034322F2D2B28262422201E1C1A181615A9
:100F10001311100F0D0C0B09080706060504030337
:100F200002020201010101010101020202030304A4
:100F30000506060708090B0C0D0F101113151618DE
:100F40001A1C1E20222426282B2D2F323437393C00
:100F50003E414447494C4F5255585B5E6164676A55
:100F60006D707376797C8080858A8F94999DA2A715
:100F7000ACB1B5BABEC2C7CBCFD2D6DADDE0E3E6BC
:100F8000E9ECEEF1F3F5F6F8F9FBFCFCFDFEFEFEF4
:100F9000FEFEFDFDFCFBFAF9F8F6F4F3F1EFEDEAE5
:100FA000E8E6E3E0DEDBD8D5D2CFCCC9C6C3C0BD0E
:100FB000B9B6B3B0ADAAA7A4A19F9C999794928FFC
:100FC0008D8B8987858382807F7D7C7B7A79787819
:100FD00077777676767676767676777778787979A3
:100FE0007A7B7B7C7D7E7F80808182838484858602
:100FF000868787888889898989898989898888876E
:10100000878685848382807F7D7C7A78767472700F
:101010006D6B686663605E5B5855524F4C49464243
:101020003F3C393633302D2A2724211F1C19171530
:1010300012100E0C0B090706050403020201010140
:101040000101020303040607090A0C0E1113161905
:101050001C1F2225292D3034383D41454A4E535816
:101060005D62666B70757A8080878F969EA5ACB442
:10107000BAC1C7CDD3D9DEE3E7EBEFF2F5F8FAFB5F
:10108000FDFEFEFEFEFDFCFAF9F7F4F2EFECE8E5FA
:10109000E1DDD9D5D1CDC9C6C2BEBAB7B3B0ADAA0C
:1010A000A8A5A3A2A09F9E9E9E9E9E9FA0A2A3A530
:1010B000A8AAADB0B3B7BABEC2C6C9CDD1D5D9DD25
:1010C000E1E5E8ECEFF2F4F7F9FAFCFDFEFEFEFED6
:1010D000FDFBFAF8F5F2EFEBE7E3DED9D3CDC7C1BC
:1010E000BAB4ACA59E968F8780787069615A534BCD
:1010F000453E38322C26211C1814100D0A07050411
:10110000020101010102030506080B0D1013171A55
:101110001E22262A2E3236393D4145484C4F525523
:10112000575A5C5D5F606161616161605F5D5C5ADF
:101130005755524F4C4845413D3936322E2A2622CA
:101140001E1A1713100D0B080605030201010101F9
:10115000020405070A0D1014181C21262C32383EF3
:10116000454B535A6169707880808890989FA7ADED
:10117000B4B9BEC3C6C9CBCCCCCCCBC9C7C4C0BC28
:10118000B8B3AEA9A4A09B97938F8C8A88878787D2
:10119000888A8D9094999EA4AAB0B7BEC5CCD3D9A5
:1011A000E0E5EBF0F4F7FAFCFEFEFEFCFAF7F4F0F3
:1011B000EBE5E0D9D3CCC5BEB7B0AAA49E99949074
:1011C0008D8A88878787888A8C8F93979BA0A4A90C
:1011D000AEB3B8BCC0C4C7C9CBCCCCCCCBC9C6C3DA
:1011E000BEB9B4ADA79F98908880776F676058525A
:1011F0004B46413C3936343333333436383B3F4346
:10120000474C51565B5F64686C707375777878787B
:101210007775726F6B66615B554F48413A332C2688
:101220001F1A140F0B0805030101010305080B0F1A
:10123000141A1F262C333A41484F555B61666B6F79
:10124000727577787878777573706C68645F5B56C1
:10125000514C47433F3B3836343333333436393CD3
:1012600041464B525860676F7780010101010102CE
:1012700003030506080A0D1013171B20252B313810
:101280003E464D555D666E778089919AA3ACB4BC9D
:10129000C4CCD3DAE0E6EBEFF3F7FAFCFDFEFEFD9B
:1012A000FCFAF8F4F1ECE7E2DCD5CEC7BFB8B0A7A2
:1012B0009F968E857D746C645C544C453E37312B13
:1012C00025201B17130F0C0906040201010101015F
:1012D00001010101010101010101010101010101FE
:1012E00001010101010101010101010101010101EE
:1012F00001010202020203030304040505060606B7
:1013000007070707060605040302010101010101A1
:1013100001010101010101010101010101010101BD
:1013200001010101010101010101010101010101AD
:10133000010101010101010101010101010101019D
:10134000010101010101010101010101010101018D
:10135000010101010101010101010101010101017D
:10136000010101010101010101010101010101026C
:10137000030507090D11161B2229313A434D586305
:101380006E7A86919DA9B4BFC9D3DCE4EBF1F6F97E
:10139000FCFEFEFDFBF8F4EFEAE3DCD4CCC3BBB209
:1013A000A9A199928B847F7A777473727374777A18
:1013B0007F848B9299A1A9B2BBC3CCD4DCE3EAEFC2
:1013C000F4F8FBFDFEFEFCF9F6F1EBE4DCD3C9BF5B
:1013D000B4A99D91867A6E63584D433A3129221BF8
:1013E00016110D09070503020101010101010101A7
:1013F00001010101010101010101010101010101DD
:1014000001010101010101010101010101010101CC
:1014100001010101010101010101010101010101BC
:1014200001010101010101010101010101010101AC
:10143000010101010101010101010101010101019C
:10144000010101010101010101010101010101018C
:10145000010101010101010101010101010101017C
:10146000010101010101010101010101403D3A3782
:1014700034312E2B2825221F1C191613100D0A0794
:1014800004010205080B0E1114171A1D202326292A
:101490002C2F3235383B3E4144474A4D5053565924
:1014A0005C5F6265686B6E7174777A7D8082858817
:1014B0008B8E9194979A9DA0A3A6A9ACAFB2B5B814
:1014C000BBBEC1C4C7CACDD0D3D6D9DCDFE2E5E804
:1014D000EBEEF1F4F7FAFDFEFBF8F5F2EFECE9E6DE
:1014E000E3E0DDDAD7D4D1CECBC8C5C2BFC2C5C810
:1014F000CBCED1D4D7DADDE0E3E6E9ECEFF2F5F8D4
:10150000FBFEFDFAF7F4F1EEEBE8E5E2DFDCD9D61D
:10151000D3D0CDCAC7C4C1BEBBB8B5B2AFACA9A603
:10152000A3A09D9A9794918E8B888582807D7A77EF
:1015300074716E6B6865625F5C595653504D4A47D3
:1015400044413E3B3835322F2C292623201D1A17C3
:1015500014110E0B0805020104070A0D10131619C9
:101560001C1F2225282B2E3134373A3D40807C78B1
:1015700074706C6864605C5854504C4844403C380B
:1015800034302C2925211D1915110D0905010509D6
:101590000D1115191D2125292C3034383C404448A3
:1015A0004C5054585C6064686C7074787C8083879D
:1015B0008B8F93979B9FA3A7ABAFB3B7BBBFC3C79B
:1015C000CBCFD3D6DADEE2E6EAEEF2F6FAFEFAF6B0
:1015D000F2EEEAE6E2DEDAD6D3CFCBC7C3BFBBB7C3
:1015E000B3AFABA7A39F9B97938F8B878380838792
:1015F0008B8F93979B9FA3A7ABAFB3B7BBBFC3C75B
:10160000CBCFD3D6DADEE2E6EAEEF2F6FAFEFAF66F
:10161000F2EEEAE6E2DEDAD6D3CFCBC7C3BFBBB782
:10162000B3AFABA7A39F9B97938F8B8783807C7867
:1016300074706C6864605C5854504C4844403C384A
:1016400034302C2925211D1915110D090501050915
:101650000D1115191D2125292C3034383C404448E2
:101660004C5054585C6064686C7074787C800101E4
:10167000020203030304040505060606070708091A
:10168000090A0A0B0B0C0C0D0E0E0F101011121381
:1016900013141516171718191A1B1C1D1E1F2021AD
:1016A000222324252628292A2B2D2E2F313234358A
:1016B00037383A3B3D3F40424446484A4C4E5052F0
:1016C0005456585A5D5F626467696C6F7174777ABB
:1016D0007D8083878A8D9194989B9FA3A7ABAFB39E
:1016E000B7BCC0C5C9CED3D8DDE2E8EDF3F8FEF84B
:1016F000F3EDE8E2DDD8D3CEC9C5C0BCB7B3AFAB1C
:10170000A7A39F9B9894918D8A8783807D7A777415
:10171000716F6C696764625F5D5A58565452504EDF
:101720004C4A48464442403F3D3B3A3837353432D4
:10173000312F2E2D2B2A2928262524232221201F34
:101740001E1D1C1B1A191817171615141313121126
:1017500010100F0E0E0D0C0C0B0B0A0A09090807CE
:10176000070606060505040403030302020101013E
:10177000070C11161B2024292D3034383B3E4144E0
:10178000474A4D4F525456585A5C5E6062636566D4
:1017900068696A6C6D6E6F70717273747576767746
:1017A0007878797A7A7B7B7C7D7D7D7E7E7F7F8079
:1017B00080808181828282838484858586878788F0
:1017C00089898A8B8C8D8E8F90919293959697991B
:1017D0009A9C9D9FA1A3A5A7A9ABADB0B2B5B8BB7C
:1017E000BEC1C4C7CBCFD2D6DBDFE4E9EEF3F8FE4F
:1017F000F8F3EEE9E4DFDBD6D2CFCBC7C4C1BEBB82
:10180000B8B5B2B0ADABA9A7A5A3A19F9D9C9A996D
:10181000979695939291908F8E8D8C8B8A898988DB
:101820008787868585848483828282818180808087
:101830007F7F7E7E7D7D7D7C7B7B7A7A79787877F1
:1018400076767574737271706F6E6D6C6A696866A6
:10185000656362605E5C5A585654524F4D4A474425
:10186000413E3B3834302D2924201B16110C070132
:10187000F1E5D9CDC2B8AEA49B938A827B746D6624
:10188000605A544F4A45403C3733302C2926232098
:101890001D1B18161412100E0D0B0A090807060559
:1018A000040403030202010101010101010101021B
:1018B00002020303040405050606070809090A0BCA
:1018C0000C0D0D0E0F1011121314151617191A1BEB
:1018D0001C1D1E1F21222324252728292A2C2D2EBA
:1018E00030313233353637393A3B3D3E4041424460
:1018F000454648494B4C4D4F505253545657595AF0
:101900005C5D5E606163646667686A6B6D6E707172
:1019100073747577787A7B7D7E80818284858788F1
:101920008A8B8D8E909193949597989A9B9D9EA06B
:10193000A1A3A4A6A7A9AAACADAEB0B1B3B4B6B7E3
:10194000B9BABCBDBFC0C2C3C5C6C7C9CACCCDCF5A
:10195000D0D2D3D5D6D8D9DBDCDEDFE1E2E3E5E6D1
:10196000E8E9EBECEEEFF1F2F4F5F7F8FAFBFDFE47
:10197000F10B141D262E363E454D535A60666C728F
:10198000777D82868B9094989CA0A3A7AAAEB1B4D1
:10199000B7BABCBFC1C4C6C8CACCCED0D2D4D5D7C2
:1019A000D9DADCDDDEE0E1E2E3E4E5E6E7E8E9EA16
:1019B000EBECECEDEEEFEFF0F0F1F2F2F3F3F4F428
:1019C000F5F5F5F6F6F7F7F7F8F8F8F8F9F9F9F9A3
:1019D000FAFAFAFAFBFBFBFBFBFCFCFCFCFCFCFC54
:1019E000FDFDFDFDFDFDFDFDFDFDFEFEFEFEFEFE21
:1019F000FEF4EBE2D9D1C9C1BAB2ACA59F99938DDF
:101A000088827D79746F6B67635F5C5855514E4B6C
:101A1000484543403E3B39373533312F2D2B2A285B
:101A200026252322211F1E1D1C1B1A1918171615E7
:101A3000141313121110100F0F0E0D0D0C0C0B0BB5
:101A40000A0A0A090908080807070707060606061A
:101A50000505050504040404040303030303030349
:101A6000020202020202020202020101010101015C
:101A7000010BFEF8ECDCC7B0977D644D3725160BE3
:101A8000040102060D1723313F4E5C6A76818A916C
:101A90009699999895918B857E78716B65605D5A62
:101AA0005858595A5D6064686D72767B7F8285886C
:101AB0008A8B8C8C8B8B8A888785848381818080BC
:101AC0008080818283848688898B8D8F9092939485
:101AD0009596979798989898989899999999999A86
:101AE0009A9B9B9C9D9E9FA0A1A2A3A4A5A6A7A7ED
:101AF000A8A9A9AAABABACACADADAEAEAFAFB0B020
:101B0000B1B2B2B3B4B5B5B6B7B8B8B9BABBBBBC6D
:101B1000BDBDBEBFBFC0C1C1C2C3C3C4C4C5C6C6AC
:101B2000C7C8C8C9CACACBCCCCCDCECECFD0D1D1F4
:101B3000D2D3D3D4D5D5D6D7D7D8D9D9DADADBDC36
:101B4000DCDDDEDEDFE0E1E1E2E3E3E4E5E5E6E77C
:101B5000E7E8E9E9EAEBEBECEDEDEEEFEFF0F1F1C0
:101B6000F2F3F3F4F5F5F6F7F7F8F9F9FAFBFBFC05
:101B7000FDFDFE4348515D6C7D8FA2B4C5D5E2EDFD
:101B8000F6FBFEFEFBF7F0E8DFD5CBC1B8B0A9A3AA
:101B90009E9B9A9A9B9EA1A6ABB0B5BABFC4C8CB78
:101BA000CDCFCFCFCFCDCCC9C7C4C1BEBCB9B7B5DF
:101BB000B4B3B3B3B3B4B5B6B8B9BBBCBEBFC0C1A0
:101BC000C1C2C2C2C2C2C1C0C0BFBEBDBCBCBBBB21
:101BD000BABABABABABABBBBBBBCBCBDBDBDBEBE4D
:101BE000BEBEBEBEBEBEBEBEBEBDBDBDBDBDBCBC1E
:101BF000BCBCBCBCB7AEA29382705D4B3A2A1D122E
:101C00000904010104080F17202A343E474F565C8F
:101C10006164656564615E59544F4A45403B3734A1
:101C20003230303030323336383B3E414346484A1A
:101C30004B4C4C4C4C4B4A494746444341403F3E39
:101C40003E3D3D3D3D3D3E3F3F4041424343444498
:101C5000454545454545444444434342424241414C
:101C6000414141414141414141424242424243435B
:101C7000434343430101010101010101010101014C
:101C8000010101010101010101015555555555554C
:101C900055555555555555555555555555555555F4
:101CA00055555555555555555555555555555555E4
:101CB00055555555AAAAAAAAAAAAAAAAAAAAAAAAD8
:101CC000AAAAAAAAAAAAAAAAAAAAAAAAAAAAAAAA74
:101CD000AAAAAAAAAAAAAAAAAAAAAAAAAAAAAAFE10
:101CE000FEFEFEFEFEFEFEFEFEFEFEFEFEFEFEFE14
:101CF000FEFEFEFEFEFEFEFEFEFEFEFEFEFEFEFE04
:101D0000FEFEFEFEFEFEFEFEFEFEAAAAAAAAAAAAEB
:101D1000AAAAAAAAAAAAAAAAAAAAAAAAAAAAAAAA23
:101D2000AAAAAAAAAAAAAAAAAAAAAAAAAAAAAAAA13
:101D3000AAAAAAAAAA5555555555555555555555AA
:101D40005555555555555555555555555555555543
:101D50005555555555555555555555555555550187
:101D60000101010101010101010101010101010163
:101D700001010101010101010101121212121212ED
:101D800012122323232323232323233434343434F0
:101D900034343444444444444444444455555555EF
:101DA00055555555666666666666666666777777E4
:101DB00077777777778888888888888888889999D6
:101DC00099999999999999AAAAAAAAAAAAAAAABBD9
:101DD000BBBBBBBBBBBBBBBBCBCBCBCBCBCBCBCBD3
:101DE000DCDCDCDCDCDCDCDCDCEDEDEDEDEDEDEDBC
:101DF000EDFEFEFEFEFEFEFEFEFEEDEDEDEDEDED7A
:101E0000EDEDDCDCDCDCDCDCDCDCDCCBCBCBCBCB45
:101E1000CBCBCBBBBBBBBBBBBBBBBBBBAAAAAAAA26
:101E2000AAAAAAAA99999999999999999988888811
:101E300088888888888877777777777777776666EE
:101E400066666666666666555555555555555544DC
:101E500044444444444444443434343434343434C2
:101E600023232323232323232312121212121212B9
:101E700012010101010100030104020501007F15A7
:101E800002007F2A03007F0004007F0005007F001E
:101E900006007F007800000400010000100001012E
:101EA00000011000001600002A00011600012A009F
:101EB000000000005555F5F5B5B5D5D555AB5559CC
:101EC0009595090949924952494919D56B6B5B5B54
:101ED0007777B76D57576F6FDF7611A9C16F01D153
:101EE000AB028E03000455051C070008AB0A001066
:101EF00055150020AB2A004055550080FFFFAD244A
:101F00002C041404FC03E403CC03B4039C038403F7
:101F10006C0354033C0324030C03F402DC020C03A3
:101F2000C402AC0294027C0264024C0234021C0221
:101F30000402EC01D401BC01A4018C01740124034E
:101F4000B41E540134011401F400D400B4002D3047
:101F50003132333435363738390020434323204477
:101F60004423204520464623204747232041412340
:101F700020420000000000000000004C004E008DD8
:101F800000930006010A012A0179009E00BD00129B
:101F9000016E010D0123011D01000000002A015204
:101FA000014201390100003E010000000005002A45
:101FB0000100FF10000000005801000100007F0137
:101FC00000FF11010001005801000203DC240100A0
:101FD000FF0E020002005801000303C0400100FF91
:101FE0000F030003005801000405002A0100FF123E
:101FF000000000005901000500007F0100FF1301EF
:102000000001005901000603DC240100FF14020056
:1020100002005901000703C0400100FF150300033F
:10202000005901000801003F0100FF16C300040031
:102030005A0100090600050100FF17C40006005AF6
:1020400001000A01003F0100FF18460008005A0184
:10205000000B07000A0100FF19000000005A0100F0
:102060000C01003F0100FF1A050005005A01000D98
:1020700001003F0100FF1B610061005A01000E01D9
:10208000003F0100FF0CC700C7005A01000F01000C
:102090001F0100FF0DC800FC005A01001000007F66
:1020A0000100FF4AFD00FD005C01001101003F013D
:1020B00000FF47090009005C01001208000201004E
:1020C000FF1C0A000A005C01001300007F0100FFF2
:1020D0001DFD00FD005D01001401003F0100FF1E19
:1020E000090009005D0100150800020100FF1F0A38
:1020F000000A005D01001601003F0100FF030B0014
:102100000B005C01001701003F0100FF090C000CEF
:10211000005C0104000200020100FFFF1500150031
:102120000000001800007F03080049CB000F005E8C
:1021300001001900007F0308004B100010005E0131
:10214000001A00007F03080046110011005E010024
:102150001B00007F03080048120012005E01001FF0
:102160000900020308002C130013005B01001D0A84
:10217000008E0308002D140014005B01001C0B00EE
:10218000130308002E000000005B01003100007FF7
:102190000100FF2F14001400160000300B00030193
:1021A00000FF30000000001600040102000D0100D5
:1021B000FFFF1C001B00000000320C00180E030182
:1021C000FF470017001B0000330D00140E0301FF32
:1021D000180018001B00003403C13F0E0301FF4626
:1021E0000008001B0004020200030100FFFF1F00A3
:1021F0001E000000005C0C001E040302FF19001901
:10220000001E00005D0C001E040302FF1A001A00ED
:102210001E00005E0E000A040302FF070007001EF6
:1022200000017000007F0100FF07200020002A004D
:10223000017103FE020100FFFF4B0021002A000193
:102240007203817F0100FF5E030003002A00017317
:102250000100280100FF5F490022002A0001740FDD
:10226000001F0100FFFF260026002A000175040060
:10227000010100FF44230023002A00017601003FF2
:102280000100FF05240024002A000177100004014A
:1022900000FF664A0025002A0001781100050100B0
:1022A000FF67270027000E0101790301040100FFE9
:1022B00068020002000E01017A02001D0100FF69A0
:1022C000280028000E01017B15000E0100FF6A3076
:1022D0000030000E01017C0101200100FFFF3400ED
:1022E00031003A01017D0101200100FFFF3500327C
:1022F000003A01017E0101200100FFFF360033009A
:102300003A01017F1200050100FF6B0A000A002A52
:102310000004030200050100FFFF2A002A0000005C
:102320000200190010060403FF290029002A0002F8
:102330000113007F060403FF2E002E002A00020274
:1023400013007F060403FF2F002F002A0002181439
:1023500027F00100FFFF2B002B006101021916007E
:10236000050100FFFF370037006101021A00007FFE
:102370000100FFFF460008006101021B0100080187
:1023800000FFFF2C002D006101030017000F01006A
:10239000FFFF3F003F00380003011800040100FF69
:1023A000FF40004000380003020400010100FFFF6D
:1023B0003A003A00630103030400010100FFFF3902
:1023C000003900630103040400010100FFFF3B002A
:1023D0003B00630103050400010100FFFF3C003DD9
:1023E00000630103060400010100FFFF3E003E0000
:1023F0006301006803C13F0100FF6C0D000D005C2C
:1024000001006903C13F0100FF6D0E000E005C0179
:1024100003071A00020100FFFF42004200630103AC
:10242000080400010100FFFF4101430063010309AB
:102430001B00C80100FFFF8F019001630101000034
:10244000000220F40C20001F0000000000600000CB
:1024500000000018000028143C002700000028009D
:1024600028002F000000286428003F0000004800DA
:102470000000000100030200030300040000040147
:1024800000050600060C000B0C000C060002123FB3
:102490000E121010042006041003040004050005A9
:1024A0000B000B0C00000000000000000004000402
:1024B00000040004000500050005000600060007F2
:1024C000000700070008000800090009000A000BC7
:1024D000000B000C000D000E000E000F001000118C
:1024E000001200140015001600170019001A001C35
:1024F000001E001F0021002300250028002A002DB7
:10250000002F003200350039003C004000430047F6
:10251000004C00500055005A00600065006C0072CD
:102520000079008000880090009900A200AC00B6FD
:1025300000C100CC00D900E600F300020111012225
:10254000013301450159016E0184019B01B301CDA5
:1025500001E90106022502460269028E02B502DF88
:10256000020B0339036B039F03D60311045004923B
:1025700004D80422057005C4051C067906DD06464C
:1025800007B5072B08A8082D09B9094E0AEC0A93CC
:102590000B450C010DC80D9B0E7A0F671063116D72
:1025A000128713B214EF153F17A3181C1A60484086
:1025B00030242018100C080604030201F000210248
:1025C00000042F42414E4B2F002F484953544F5285
:1025D000592F002F434C49504252442F434C4950ED
:1025E000425244000000010001010100000000000F
:1025F00000000004D42BE029B52BDC296157A52B62
:10260000675700005757EE5B892BC52900EC040083
:10261000010203040506070100F001EC04080D0C9B
:102620000B090A0E0F00000F02EC041011FF121626
:1026300017494A0201F003EC04181E1F1D191A1B4A
:102640001C1302F004EC04FF2021FFFFFFFFFF0337
:10265000020F05EC0422232425262728291403F041
:1026600006EC042A392F302B2C2D2E0704F007EC12
:1026700004313233343536373808040F08D40400B7
:10268000000000000000000604FF09BC043A3B3CC7
:102690003DFFFFFFFF0A05F00AEC043E3F4041FF0B
:1026A000FFFFFF09050F0BA404F0F1F2F3F4F5F6B8
:1026B000F70C06F00C8C0400000000000000000B7A
:1026C000060F0D740400000000000000000D07F06C
:1026D0000E5C0400000000000000000D08F00FEC8C
:1026E0000442434748444546F81008F010EC044BB8
:1026F0004C4DFFFFFFFFF90F08F0114404000000EC
:1027000000000000001108F0796573207C206E6FD6
:10271000006B6E6F6220787C70617274207A7C002E
:10272000706572666F726D616E636520706167655A
:1027300020637573746F6D697A6174696F6E0028B8
:10274000656D7074792920202020202020000075DC
:1027500073652063757272656E74206D756C746933
:102760002061732064656661756C743F006D756CE3
:10277000746900204120207C206120207C203120B1
:10278000207C205F20207C207E20207C207E20203A
:1027900020736176657C6578697400207C20202038
:1027A000696E69747C73656E647C736176657C7632
:1027B000657273696F6E7320206D6F72657C6578CA
:1027C000697400707265667C7E696E697C444941FB
:1027D00047332020202020202020202020202020BF
:1027E000206D6F72657C6578697400534420636165
:1027F000726420492F4F206572726F72007800005A
:1028000000000000000001000A10101001FFFF800E
:1028100080CCCC20200020406080A0C0FF00102091
:102820004080FF80402020202000008040BC643C8D
:1028300064B0643064BC643C64B0643064BC643CC8
:1028400064B064B0E4BC643C64B064306400000014
:1028500000540E4A0E440E3F0E370E2E0E240E1B51
:102860000E140E0A0E050EFC0DF30DEA0DE10DDA45
:102870000DD40DCC0DC40DBC0DB70DB00DA60D9F24
:102880000D930D8F0D8B0D800D790D800D700D69E1
:102890000D620D5B0D540D4D0D420D3A0D350D2B96
:1028A0000D230D1B0D160D120D0D0D070D030DFE45
:1028B0000CF90CF00CE70CDE0CD90CD40CCF0CC8C6
:1028C0000CC30CBE0CB90CAD0CA80C9E0C920C8663
:1028D0000C7C0C780C710C630C5E0C590C540C4F76
:1028E0000C4B0C460C410C3C0C380C350C300C2CB1
:1028F0000C250C1C0C170C120C0B0C040CFD0BF60D
:102900000BED0BE40BDB0BD20BC80BC40BC10BBBE9
:102910000BB70BB10BAB0BA60B9F0B990B910B8B52
:102920000B850B7F0B7A0B730B6D0B670B5F0B57D4
:102930000B4F0B460B410B370B300B2B0B260B2190
:102940000B190B150B110B0D0B080B170C030BFEC2
:102950000AF90AF40AEF0AEA0AE50AE00ADB0AD6EB
:102960000AD10ACC0AC70AC20ABD0A380CB80AB092
:102970000AAC0AA70AA20A9D0A980A930A8E0A8933
:102980000A840A7E0A770A720A6C0A680A630A5E77
:102990000A590A540A4F0A4A0A450A400A3B0A36AB
:1029A0000A310A2C0A270A230A1E0A190A140A0FD6
:1029B0000A0A0A050A000AFB09F609F109EC09E707
:1029C00009E309DF09DB09D809D509D009CB09C614
:1029D00009C109BC09B709B309AE09F609AA09A5D5
:1029E00009A0099B09960991098C098709450A8361
:1029F000097E09790973096D09670961095B095540
:102A0000094F09480941093A0933092C09250923C5
:102A10000A1E0A1E091709100909090309000AFB01
:102A200009B10BFC08F608F008EB08E608E108DD40
:102A300008D908D108C908C308BD08B508AD08B34E
:102A400009AE09B10BA608A509A00896089609DAEF
:102A50000DD40DC40D4F0983098F0888088508829D
:102A6000087F087C0877086F0867085E0855082308
:102A70000D070D4B08380C470842083D083908354A
:102A800008AC0A32082F082B08270822081D08184E
:102A9000080E0807080108FE07F907F107EA07FC16
:102AA00008E407E007DC07D807D407D007CC07C83D
:102AB00007C407C007BC07B707B207AD07A807A33D
:102AC000079E0799078F0785070108800779076F19
:102AD00007650760075B07560751074C0747074222
:102AE000073D07380733072E07290724071F071A52
:102AF00007150710070A070207FD062708F706F063
:102B000006E306D606D006CC06C306BA06B106A56D
:102B1000069F0699068D0686067B066D066006569C
:102B20000651064B0642063A06340630062A0625AA
:102B300006190612060C060506FD05F505EF05E962
:102B400005E305DB05D505D005C305BB05B105A724
:102B500005A00599058C0580057405690560055576
:102B6000054D0545053E05320525051A0514050FD9
:102B70000504056578697400636C6B3A667700201C
:102B80002D2D00415544200069646C7569206C6FDF
:102B9000647361767379737364746D6964005253FE
:102BA0005420004D494420004C4F57200052414DC5
:102BB00020006578697400696E7374616C6C0075CF
:102BC0007067726164650075706772616465004169
:102BD0004C4C00706F7274203120646576696365B7
:102BE000203F2020004B5A616D62696B61002F56B7
:102BF0004F494345242E42494E002F414D42494BF7
:102C0000412E42494E002F564F494345242E4249FA
:102C10004E003C2D6261636B006D6F72652D3E004E
:102C200007206E6F7465200776656C6F6369747931
:102C30002007737465707365712031077374657054
:102C4000736571203200636F70797C737761707C7B
:102C500070617374652020202020203C3C207C2063
:102C60003E3E207C6B6565707C6578697400766596
:102C70007273696F6E00766F696365636172640079
:102C8000000102030405060708090A0B0C0D0E0FCC
:102C90001011121314151617191A1B1C1F1EFF1DD5
:102CA000191A1B1C1F1EFF1D191A1B1C1F1EFF1D9E
:102CB00021202324252324252324252324252324DC
:102CC00025232425232425232425232425232425C3
:102CD00023242523242523242523242527282927A5
:102CE0002829272829272829494AFFFFFFFFFFFF16
:102CF0002A2B2C2D2E2F30313233343536373839BC
:102D000000000000000000000000000000000000C3
:102D100000000000000000000000000000000000B3
:102D200000000000000000000000000000000000A3
:102D30000000000000000000000000000000000093
:102D4000FFFFFFFFFFFFFFFFFFFFFFFFFFFFFFFF93
:102D5000FFFFFFFFFF1011160106071E30FFFFFFE8
:102D60001CFFFFFFFFFFFFFF1C20080C0D191A1BA3
:102D70001CFFFFFFFFFF1A1B1CFFFF31FFFF1A1B89
:102D8000FFFFFF16FF30FF2AFF17FFFF0E0F0203A2
:102D900000010405060708090A0B0C0D121314158F
:102DA000FFFFFFFFFFFFFFFFFFFFFFFF1D1E1F20B5
:102DB00021FFFFFF1D1E1FFFFFFFFFFF1D1E1FFF47
:102DC000FFFFFFFF2FFF1B111C19101AFFFF1BFF36
:102DD0001C19FF1AFFFF1BFF1C19FF1AFFFF2C2DE8
:102DE000FFFFFFFFFFFF313233343539494AFFFF20
:102DF00087619F6611241FBECFEFD0E1DEBFCDBF3C
:102E000011E0A0E0B1E0E2E9F0ED02C005900D9222
:102E1000AC33B107D9F72FE0ACE3B1E001C01D92AC
:102E2000AA3DB207E1F716E1C9EFD6E104C0219748
:102E3000FE010E941667C83FD107C9F70E949B6137
:102E40000C940B680C9400008FEF8EBD0DB407FE40
:102E5000FDCF8EB508950F931F93CF93DF938C0111
:102E6000EB0184E18093D704EFDF8F3F39F4809149
:102E7000D7048111F9CF90E080E027C08E3FD9F7C9
:102E8000F8018FEF8EBD0DB407FEFDCF8EB58083A8
:102E90008FEF8EBD0DB407FEFDCF8EB581838FEF12
:102EA0008EBD0DB407FEFDCF8EB582838FEF8EBD34
:102EB0000DB407FEFDCF8EB58383249734962097FB
:102EC00001F7C2DFC1DF81E090E0DF91CF911F9178
:102ED0000F9108952C9AB8CF82E38093D604B4DF83
:102EE000B3DF8F3F39F08091D6048111F9CF90E0A4
:102EF00080E0089581E090E008951F93CF93DF93E1
:102F0000182FD92FC62FE8DF9C01892B69F1CEBD80
:102F10000DB407FEFDCF21E030E0CD3F29F1E12FD8
:102F2000FD2FCF019E5F20812EBD0DB407FEFDCF8A
:102F300021812EBD0DB407FEFDCF3296E817F907AB
:102F400091F78FEF8EBD0DB407FEFDCF8FEF8EBDD5
:102F50000DB407FEFDCF78DF8F7141E090E0853042
:102F600009F040E0242F392FC901DF91CF911F9143
:102F70000895CF93DF932C98AFDFEC01892B29F4D0
:102F8000A9DFCE01DF91CF910895C1E0D0E0F9CF64
:102F9000CF92DF92EF92FF92CF93C82F6A017B010D
:102FA00087FF09C040E050E0BA0187E3F1DF8230DB
:102FB00008F03CC0CF778EDFDCDF892B09F43CC002
:102FC00043DF8C2F80648EBD0DB407FEFDCF8F2DA7
:102FD0009927AA27BB278EBD0DB407FEFDCFC701D9
:102FE000AA27BB278EBD0DB407FEFDCFBB27AF2D93
:102FF0009E2D8D2D8EBD0DB407FEFDCFCEBC0DB424
:1030000007FEFDCF85E9CC2321F087E8C83009F021
:1030100081E08EBD0DB407FEFDCFCC3009F414DF86
:10302000CAE012DF87FF02C0C150D9F7CF91FF90ED
:10303000EF90DF90CF9008958FEFF8CFCF92DF928F
:10304000EF92FF920F93CF93DF93EB0169017A0127
:1030500081114FC0002309F44CC08091180180FDFC
:103060004AC08091180182FD48C08091D80483FD38
:1030700007C099E0CC0CDD1CEE1CFF1C9A95D1F723
:103080000130C9F4B701A60188E182DF81112FC0A8
:103090006EEFCE0132DF892B09F000E01BDF81E00B
:1030A000011101C080E0DF91CF910F91FF90EF906F
:1030B000DF90CF900895867031F0402F50E070E09F
:1030C00060E087E965DFB701A60189E161DF811171
:1030D000E5CF6CEFCE0111DF892B19F0DE5F0150D7
:1030E000C1F76DEF90E080E008DF892BB9F601E0D1
:1030F000D5CF84E0D8CF83E0D6CF82E0D4CF0F9372
:10310000CF93DF93EB01E42F952FA9016E2F792F39
:1031100081113BC0002309F438C08091180180FD63
:1031200036C08091D80483FD07C089E0440F551F45
:10313000661F771F8A95D1F70130A1F481E128DF5E
:10314000811107C060E072E0CE0185DE892B09F0B5
:1031500000E0C0DE81E0011101C080E0DF91CF918D
:103160000F91089582E114DF8111F3CF60E072E0E6
:10317000CE0171DE892B19F0DE5F0150B9F740E016
:1031800050E0BA018CE004DFE4CF84E0E7CF83E0D5
:10319000E5CFA4E0B0E0EFECF8E10C944B678111CF
:1031A00099C08091180181FF06C080911801249672
:1031B000E8E00C94676782E08093D7048091D7049D
:1031C0008111FCCF82E58CBD1AE03EDE1150E9F79B
:1031D00040E050E0BA0180E0DBDE082F813009F0EA
:1031E00067C084E68093D7044AEA51E060E070E06B
:1031F00088E0CEDE813009F03BC08E010F5F1F4FAB
:103200006E0185E0C80ED11C78011EDEF7018193A6
:103210007F01EC15FD05C9F78B81813009F048C0AD
:103220008C818A3A09F044C08091D704882341F008
:1032300040E050E060E070E489EAAADE8111F4CF5A
:103240008091D7048823A1F140E050E0BA018AE3DD
:103250009FDE81112DC0F8DDF80181938F01EC15FF
:10326000FD05C9F7898114E086FF23C01CE021C059
:1032700040E050E0BA0189EA8BDE11E0823010F4C0
:1032800012E009EA8091D704882339F040E050E049
:10329000BA01802F7DDE8111F5CF8091D70488237C
:1032A00039F040E052E060E070E080E171DE8111D1
:1032B00010E01093D8040EDE80911801112331F034
:1032C0008E7F8093180180E58CBD6FCF81608093E5
:1032D00018016BCF81E06BCFFC01309791F020811A
:1032E000222379F0268137812617370751F481810F
:1032F000811105C090911801892F817090FD83E0A4
:10330000089589E008950F93CF93DF93EC019A011C
:10331000AB01BC01625D7F4F01E08981F0DE81116C
:1033200026C0FE01E45DFD4F2081318125353A4AFA
:1033300001F5E85CF140408151816281738177271A
:10334000463451446445710571F0C058DF4F4881DF
:1033500059816A817B81772781E0463451446445F5
:10336000710509F480E0DF91CF910F91089583E01A
:10337000FACF82E0F8CFA2E1B0E0E1ECF9E10C9401
:103380004167DC019B01142FED91FC911197808125
:10339000082E000C990BC0978A30910568F0409177
:1033A0005B0550915C055A8B498BD9014D935C9319
:1033B000452B61F41CE01CC041814A3381F73296F1
:1033C000ED93FC93892B59F31BE012C0E989FA892C
:1033D0008081882391F0818181110FC08091180133
:1033E00080FD0BC0112321F0182F147082FD1AE00C
:1033F000812F6296E2E10C945D67A989BA891C92DB
:1034000011961C9280E0C5DE80FD05C2112311F0EB
:1034100082FDEDCF40E050E0BA0189899A8973DFDF
:10342000182F813009F0B9C1E989FA89E051FE4FBE
:103430008081811102C01DE0DBCFE989FA89EC505F
:10344000FE4F80809180A280B380B501A40189895C
:103450009A8959DF182F133009F4DFC11111EBCF0E
:10346000E989FA8981AD92AD8115924021F7E98908
:10347000FA89EC5BFF4F40805180712C612C411424
:10348000510441F4E989FA89EE5AFF4F4080518096
:1034900062807380A989BA895A964D925D926D9225
:1034A0007C925D97DE964C91DE9713964C93139722
:1034B0008FEF840F823008F0BECFDB960C91DB9744
:1034C00012960C931297002309F4B5CF202F30E009
:1034D000C901019780239323892B09F0ACCFFD010B
:1034E000FF962080318019963C922E921897C10148
:1034F0008F709927892B09F09ECF3296C080D1809A
:10350000F12CE12CC114D10441F4E989FA89E25B80
:10351000FF4FC080D180E280F380A989BA89DC9610
:10352000ED91FC91309709F486CFA42FB0E0A30170
:1035300092010E9437676D877E878F87988B9F01E6
:1035400050E040E029873A874B875C87C10164E0FF
:10355000969587956A95E1F7280F391F411D511DF2
:10356000DA01C9012D853E854F855889280F391FFD
:103570004A1F5B1F2D833E834F835887C216D30695
:10358000E406F50608F457CFD701C601821B930B5A
:10359000A40BB50B89839A83AB83BC83C02ED12C3B
:1035A000F12CE12CBC01CD01A70196010E94D86647
:1035B00089819A81AB81BC818C159D05AE05BF05C3
:1035C00008F439CF263F9FE039074105510508F43B
:1035D000E8C0263FAFEF3A074105510508F4E4C0C3
:1035E000B3E0B98369017A0182E0C80ED11CE11C05
:1035F000F11CA989BA895696CD92DD92ED92FC9282
:1036000059978D819E81AF81B885880D991DAA1D1E
:10361000BB1DE989FA8986A397A3A0A7B1A78985CD
:103620009A85AB85BC85880D991DAA1DBB1D868F0B
:10363000978FA0A3B1A3F981F33009F0B8C021148A
:10364000310409F0F8CEE989FA89E65AFF4F808102
:103650009181A281B381E989FA8982A393A3A4A36A
:10366000B5A342E0CC0CDD1CEE1CFF1C4A95D1F743
:103670003FEFC30E31E0D31EE11CF11C89E0F6944C
:10368000E794D794C7948A95D1F74C145D046E04DF
:103690007F0408F4D0CE8FEF9FEFDC01E989FA892F
:1036A00086879787A08BB18B128613861486158622
:1036B000B981B33009F057C01582E25AFF4F8081BB
:1036C0009181A5019401280F391F411D511DA98920
:1036D000BA8952962D933D934D935C93559701E093
:1036E000BD01625D7F4F11968C9109DD81113BC058
:1036F000E989FA89E45DFD4F8081918185359A4A97
:1037000091F5E989FA8986A597A5A0A9B1A982357D
:103710009245A146B14439F5E989FA89EE5EFD4F3B
:1037200080819181A281B38182379247A144B146C1
:10373000D1F4E989FA89E65EFD4F80819181A28109
:10374000B381E989FA8982879387A487B587EA5E7E
:10375000FD4F80819181A281B381E989FA898687B1
:103760009787A08BB18BE981A989BA89EC93809165
:10377000D4049091D50401969093D5048093D404F9
:1037800017969C938E9316979A961D921D921D9252
:103790001C929D9714961C922BCE812C912C540137
:1037A0005ACEE1E0E9831ECFF2E0F9831BCF21146A
:1037B000310409F440CE2D853E854F855889820F0E
:1037C000931FA41FB51FE989FA8982A393A3A4A319
:1037D000B5A3F981F23029F4CC0CDD1CEE1CFF1CE2
:1037E00047CFA3E0B0E0A70196010E9437676D8341
:1037F0007E838F839887DC01CB01B695A79597953B
:10380000879521E0C222DD24EE24FF24C80ED91EB4
:10381000EA1EFB1E2DCF13E0EBCD11E0E9CDA4E0B5
:10382000B0E0E5E1FCE10C945167FC019A01AB01C9
:10383000225031094109510986899789A08DB18D9E
:103840000297A109B109281739074A075B0700F554
:10385000A281B0E00E94376769837A838B839C835F
:1038600086A197A1A0A5B1A529813A814B815C8150
:10387000280F391F4A1F5B1F29833A834B835C83C0
:1038800069817A818B819C812496E2E00C946D673A
:1038900019821A821B821C82F3CF4F925F926F9221
:1038A0007F92AF92BF92CF92DF92EF92FF920F93EF
:1038B0001F93CF93DF93EC016A017B014AA45BA4C1
:1038C0006CA47DA44C145D046E047F0481F480E03C
:1038D000DF91CF911F910F91FF90EF90DF90CF90EC
:1038E000BF90AF907F906F905F904F9008958C81C4
:1038F000811114C0C114D104E104F10441F301E0C9
:10390000A7019601BE01625D7F4F8981F8DB8111BD
:1039100011C0CAA6DBA6ECA6FDA6DACF5E018EE238
:10392000A80EB11C01E0A3019201B501898186DBDB
:10393000882311F081E0CCCF1C828E8D9F8DA8A1B1
:10394000B9A14A8D5B8D6C8D7D8D840F951FA61F4F
:10395000B71F481659066A067B0660F61B811230AF
:1039600048F28A8D9B8DAC8DBD8D480E591E6A1E06
:103970007B1E01E0A3019201B50189815FDB11503B
:10398000EECFB0E0A0E0E7ECFCE10C944367EC0183
:103990006A017B01480159018881823009F464C0C1
:1039A000833009F481C0813009F0BCC08A011695CA
:1039B0000795040F151FC801892F992786954E8DED
:1039C0005F8D68A179A1480F591F611D711DCE013E
:1039D00064DF81113BC0882DF801F170EC0FFD1FF1
:1039E0002601370121E04222552466247724C0FEB7
:1039F00007C086A58F7090E1899E90011124822BCB
:103A000086A70F5F1F4F81E08C83C801892F9927FC
:103A100086954E8D5F8D68A179A1480F591F611D54
:103A2000711DCE013ADF811111C01170FE01E00F4E
:103A3000F11F411451046104710479F064E0B694FB
:103A4000A794979487946A95D1F786A691E09C8372
:103A5000CDB7DEB7E0E10C945F6796A5907FA92D06
:103A6000AF708A2E892AF1CF77276F2D5E2D4D2DCD
:103A70008E8D9F8DA8A1B9A1480F591F6A1F7B1F6A
:103A8000CE010BDF8111E2CFCC0CDD1CEE1CFF1C44
:103A9000E894C0F8B1E0DB22EE24FF24FE01EC0D37
:103AA000FD1D06A797A6D2CF8E8D9F8DA8A1B9A187
:103AB00037E076956795579547953A95D1F7480F32
:103AC000591F6A1F7B1FCE01E8DE8111BFCF92E034
:103AD000CC0CDD1CEE1CFF1C9A95D1F72CEFC222FA
:103AE00021E0D222EE24FF24F601BE96EC0FFD1F4A
:103AF0009381428150E070E060E0BA01552744278D
:103B0000792BCC0EDD1E442755276627707F842A2B
:103B1000952AA62AB72AD6019E968C929182A282D5
:103B2000B38294CF82E092CFAF92BF92CF92DF92D6
:103B3000EF92FF921F93CF93DF93EC016A017B0119
:103B400082E0C816D104E104F10408F4BDC08E89F6
:103B50009F89A88DB98DC816D906EA06FB0608F01C
:103B6000B3C08881823009F452C0833009F46FC039
:103B70008130A9F45A01B694A794A40EB51EC501CC
:103B8000892F992786954E8D5F8D68A179A1480F61
:103B9000591F611D711DCE0180DE882321F06FEF5A
:103BA0007FEFCB0128C0F501F170EC0FFD1F16A5CA
:103BB0008FEFA81AB80AC501892F992786954E8DCF
:103BC0005F8D68A179A1480F591F611D711DCE013C
:103BD00064DE8111E4CF81E0B822CA0DDB1D8EA521
:103BE000782F612FC0FE11C0B4E076956795BA9525
:103BF000E1F790E080E0DF91CF911F91FF90EF908F
:103C0000DF90CF90BF90AF9008957F70F2CF77276D
:103C10006F2D5E2D4D2D8E8D9F8DA8A1B9A1480FC2
:103C2000591F6A1F7B1FCE0138DE8111B8CFCC0C23
:103C3000DD1CEE1CFF1CE894C0F881E0D822EE24C5
:103C4000FF24CC0DDD1D8FA56EA5782FD2CF8E8DD4
:103C50009F8DA8A1B9A1E7E07695679557954795FF
:103C6000EA95D1F7480F591F6A1F7B1FCE0115DE59
:103C7000811195CF82E0CC0CDD1CEE1CFF1C8A95D7
:103C8000D1F78CEFC82281E0D822EE24FF24F60180
:103C9000BE96EC0FFD1F2381628170E090E080E012
:103CA000CB0177276627922BCC0DDD1D2EA5622B2D
:103CB000C180D12CDC2CCC24F12CE12C6C297D2969
:103CC0008E299F299F7097CF61E070E080E090E09F
:103CD00092CFA6E0B0E0EFE6FEE10C944D678C01D8
:103CE0006D837E83ED81FE81DC011596FC93EE935E
:103CF000149716964D915D916D917C911997413075
:103D000051056105710529F482E02696E6E00C94E0
:103D10006967ED91FC9186899789A08DB18D4817CF
:103D200059076A077B0780F7411551056105710541
:103D300009F041C08081833049F442A153A164A1BC
:103D400075A14115510561057105A9F5D8011A96AE
:103D50001D921D921D921C921D97808591852D812B
:103D60003E812817390780F682A193A1A4A1B5A1AD
:103D700044E0369527954A95E1F7820F931FA11DE0
:103D8000B11DF80186879787A08BB18BD801808100
:103D900091818E96ED81FE81EF70FF2725E0EE0F79
:103DA000FF1F2A95E1F7E80FF91F5396FC93EE9356
:103DB000529780E0AACFE280F0E1EF9E70011124DB
:103DC000D8018D919C911197ED81FE81EE15FF0533
:103DD000E8F41A964D935D936D937C931D971FDDC8
:103DE00069837A838B839C838D819E8134E0969551
:103DF00087953A95E1F729813A814B815C81280FBB
:103E0000391F411D511DDA01C901BBCF8DDE462F7F
:103E1000572FBC014F3F2FEF520762077207D1F0B7
:103E2000423051056105710508F46ECFD801ED915E
:103E3000FC9186899789A08DB18D481759076A072B
:103E40007B0708F061CFED81FE81EE19FF09FE834B
:103E5000ED83B6CF81E059CFCF93DF93EC016C8136
:103E60007D8137DF811111C04E855F856889798931
:103E70008881998112DD811108C0EA89FB8995EE5C
:103E80009083E881F98191E09483DF91CF91089547
:103E9000B0E0A0E0EEE4FFE10C944367EC014A01DE
:103EA0005B0181149104A104B104B9F44A845B84D8
:103EB0006C847D84411451046104710449F08E893D
:103EC0009F89A88DB98D481659066A067B06D0F0E1
:103ED000412C512C3201439415C026DE6B017C012C
:103EE00022E0C216D104E104F10408F4A7C08E89CF
:103EF0009F89A88DB98DC816D906EA06FB06D8F0A9
:103F000024013501730162018FEFC81AD80AE80A4B
:103F1000F80A8E899F89A88DB98DC816D906EA0638
:103F2000FB06A8F022E0421651046104710450F42B
:103F3000C12CD12C7601C701B601CDB7DEB7E0E1C7
:103F40000C945F6722E0C22ED12CE12CF12CB7013A
:103F5000A601CE01E9DD462F572FBC0141155105C1
:103F600061057105C1F04F3F8FEF5807680778076B
:103F700029F4CC24CA94DC2C7601DDCF41305105E4
:103F80006105710509F45AC0C414D504E604F704A8
:103F900009F0BACFCDCF22E0C216D104E104F1047A
:103FA00008F44CC08E899F89A88DB98DC816D90692
:103FB000EA06FB0608F042C00FEF1FEF2FEF3FE0CD
:103FC000B701A601CE01DDDC811135C08114910459
:103FD000A104B104C9F4CA86DB86EC86FD868E8511
:103FE0009F85A889B9898F3F2FEF9207A207B20753
:103FF00009F4A1CF0197A109B1098E879F87A88BEA
:10400000B98B81E08D8397CF82E088169104A1045B
:10401000B104A0F08E899F89A88DB98D8816990664
:10402000AA06BB0658F497018601B501A401CE018A
:10403000A8DC882381F2813009F49BCFC12CD12CDC
:104040007601C39478CF4F925F926F927F928F9256
:104050009F92AF92BF92CF92DF92EF92FF921F9307
:10406000CF93DF93CDB7DEB72A970FB6F894DEBFB4
:104070000FBECDBF6B017C0180918B0714E18823BB
:1040800009F451C160918E0770918F0780918C0760
:1040900090918D0721D9182F811145C1209190074A
:1040A00027FD33C18091960790919707A0919807BB
:1040B000B09199078C159D05AE05BF0520F421FD33
:1040C00002C06C017D018091920790919307A091AD
:1040D0009407B0919507109292071092930710924F
:1040E000940710929507C114D104E104F10409F07A
:1040F00045C0C12CD12C76018091920790919307F5
:10410000A0919407B0919507AC01BD01517066274D
:104110007727452B462B472BA9F04091A2075091BA
:10412000A3076091A4077091A5074C155D056E0566
:104130007F0541F0C092A207D092A307E092A407A6
:10414000F092A507409196075091970760919807C4
:1041500070919907481759076A077B0708F0E3C071
:104160008093960790939707A0939807B093990729
:1041700080919007806280939007D5C020918C0732
:1041800030918D073A872987F9018280912CB12CD3
:10419000A12C29E0880C991CAA1CBB1C2A95D1F7DC
:1041A0000097A105B10509F48FC09C01AD01215014
:1041B00031094109510929833A834B835C83D70133
:1041C000C6010197A109B1098D839E83AF83B8878A
:1041D000BC01CD01A50194010E94D86629013A01D4
:1041E00069817A818B819C81A50194010E94D866A6
:1041F000421653066406750608F466C08827992798
:10420000DC0188199909AA09BB0929813A814B81E6
:104210005C8182239323A423B523809392079093F8
:104220009307A0939407B0939507C81AD90AEA0A8E
:10423000FB0A40919E0750919F076091A0077091E3
:10424000A107411551056105710509F452CF8C1480
:104250009D04AE04BF0408F48EC080919207909133
:104260009307A0919407B09195078C0D9D1DAE1DED
:10427000BF1D8093920790939307A0939407B093E8
:104280009507D701C6019170AA27BB27892B8A2BD6
:104290008B2B09F42ECF80918C0790918D07BFDA7C
:1042A000462F572FBC01411551056105710541F19C
:1042B00089E0F694E794D794C7948A95D1F7C40E11
:1042C000D51EE61EF71E18CF40919A0750919B0706
:1042D00060919C0770919D0741155105610571051D
:1042E00009F040C040E050E0BA0189859A85D0DDF0
:1042F000462F572FBC01413051056105710539F436
:104300008091900780688093900712E00CC04F3F27
:104310003FEF530763077307E9F4809190078068C4
:104320008093900711E0812F2A960FB6F894DEBF94
:104330000FBECDBFDF91CF911F91FF90EF90DF9027
:10434000CF90BF90AF909F908F907F906F905F9035
:104350004F90089540939A0750939B0760939C0752
:1043600070939D0740939E0750939F076093A0070B
:104370007093A10766CF80918C0790918D07209153
:10438000900721FF0CC084DD462F572FBC0141153B
:1043900051056105710539F4750164015ECFC4DB17
:1043A000462F572FBC014F3F8FEF580768077807FC
:1043B00009F4B3CF423051056105710508F4A0CF6F
:1043C000E0918C07F0918D0786899789A08DB18D3A
:1043D000481759076A077B0708F092CF40939E075A
:1043E00050939F076093A0077093A1078091920755
:1043F00090919307A0919407B0919507880D991D0E
:10440000AA1DBB1D8093920790939307A0939407D6
:10441000B0939507C818D908EA08FB0818CFB0E090
:10442000A0E0E5E1F2E20C944667EC016B010C813F
:104430001D810F5F1F4F31F484E0CDB7DEB7EDE093
:104440000C9462674E855F856889798941155105AD
:104450006105710589F378018FE0E822FF24E114FA
:10446000F104D1F4888199814F5F5F4F6F4F7F4F87
:104470004E875F87688B798B4A855B856C857D85E8
:104480004115510561057105B9F4DC0118968D914E
:104490009C910817190780F61D830C8388819981E8
:1044A0008E9625E0EE0CFF1C2A95E1F7E80EF91E2A
:1044B000FB8AEA8A80E0C1CFFC0122812150330BC4
:1044C000F801A4E0F695E795AA95E1F72E233F239E
:1044D000232B11F729DB4B015C01F2E08F169104CD
:1044E000A104B10410F482E0A8CF8FEF88169806DB
:1044F000A806B80611F481E0A0CF88819981DC017B
:1045000056964D915D916D917C91599784169506C3
:10451000A606B70608F44CC0C114D10409F48CCF28
:104520004A855B856C857D85B3DC4B015C0187E04A
:1045300081149104A104B10409F47FCFB1E08B167A
:104540009104A104B10479F2EFEF8E169E06AE0637
:10455000BE0689F240E050E0BA01888199819DD978
:10456000782E8111C8CF28813981C9018E96225DAC
:104570003D4F8217930751F5C880D980B501A4013A
:10458000C6014DD9F60162A773A784A795A7E88154
:10459000F98182817816F0F082A593A5A4A5B5A52E
:1045A00087199109A109B10982A793A7A4A7B5A763
:1045B0008A869B86AC86BD86B501A40188819981D7
:1045C0002ED96E877F87888B998B66CFDC011D92F1
:1045D000CD01CFCF81E0848340E050E0BA01CF012C
:1045E0005CD9811188CFE881F98182A593A5A4A522
:1045F000B5A50196A11DB11D82A793A7A4A7B5A734
:104600007394C5CF6F927F928F929F92BF92CF92F9
:10461000DF92EF92FF920F931F93CF93DF93EC0102
:104620007B01DB018C918F3211F08C3519F4BFEFD7
:10463000EB1AFB0A1E821F8218861986F7018081F9
:10464000803208F0A6C070E060E0CE0142DB1B8A39
:104650001A8ADF91CF911F910F91FF90EF90DF9019
:10466000CF90BF909F908F907F906F9008953F0163
:1046700091C040E2DC014D93CD019BC04FEB410F57
:104680004A3148F46894B1F8AF01480F591FDA0174
:104690000C93019699C04FE9410F4A31A8F76894ED
:1046A000B0F800EE010FF0CFE60EF71E40E0113239
:1046B00008F444E0892B09F4AFC08081853E11F4F1
:1046C00085E0808328303105A1F5BB0CBB0C8B2D18
:1046D0008C70843009F44860438770E060E0CE015C
:1046E000F8DA811130C04E855F85688979898881C3
:1046F0009981D3D8811127C0EA89FB8980818823D9
:1047000009F19385892F887093FD0EC02C899D89AE
:10471000AF01455F5F4FE417F507A9F0A22FB92F4E
:1047200021919D91291759F070E060E0CE0177DE6C
:10473000D8CF8B2D8370813051F64061C8CF2A2F9E
:104740009B2FE9CF84E0EC89FD899385882339F09C
:10475000843009F07ECF92FD7CCF85E07ACF92FD48
:1047600078CFEA89FB89838584FFF7CF848995898F
:10477000B0E0A0E0DC0199278827428D538D70E0DE
:1047800060E0842B952BA62BB72B8E839F83A88765
:10479000B98737017301F30181918F3209F467CF33
:1047A0008C3509F464CFEC89FD899F01255F3F4F6B
:1047B000CF012817390709F05CCF90E080E070E066
:1047C00060E028E030E0B12C6F5F7F4FD3011D9196
:1047D0003D01012F113208F467CF1F3209F464CF75
:1047E0001C3509F461CF1E32C9F082179307A0F47B
:1047F00017FD12C0C12ED12C4DE2842E41E0942E23
:10480000D4014D914D01442309F438CF042E000CFE
:10481000550BC416D506A1F786E01BCF283031050D
:10482000D9F7BB0CBB0C88E090E02BE030E0CCCF9C
:10483000B0E0A0E0EEE1F4E20C944767EC016A011D
:104840007B0122E0C216D104E104F10408F45FC048
:104850008E899F89A88DB98DC816D906EA06FB06F0
:1048600008F055C046015701B701A601CE015CD939
:104870006B017C01C114D104E104F10431F480E046
:10488000CDB7DEB7ECE00C94636781E0C816D104C5
:10489000E104F104E1F12FEFC216D206E206F206BE
:1048A000C1F182E088169104A104B10480F18E89DF
:1048B0009F89A88DB98D88169906AA06BB0638F57A
:1048C00000E010E09801B501A401CE015AD8811191
:1048D000D7CF8E859F85A889B9898F3F2FEF920703
:1048E000A207B20749F00196A11DB11D8E879F87CF
:1048F000A88BB98B81E08D838E899F89A88DB98D16
:10490000C816D906EA06FB0608F4ACCFB8CF82E099
:10491000B7CF81E0B5CF9B01FC01460F571F24178D
:10492000350709F40895D9018D919D018193F7CF41
:10493000B0E0A0E0EEE9F4E20C9442676C017B0188
:104940004A0180918B0714E1882309F491C0FA0190
:104950001182108260918E0770918F0780918C0771
:1049600090918D070E946C19182F811181C0809140
:10497000900787FD61C0F82FF1703F2E80FF44C182
:104980008091960790919707A0919807B091990709
:104990004091920750919307609194077091950709
:1049A000841B950BA60BB70BA70170E060E0841782
:1049B0009507A607B70708F47C01E114F10409F490
:1049C00057C040919207509193076091940770915E
:1049D0009507DB01CA019170AA27BB27892B8A2B77
:1049E0008B2B09F0DDC0E0918C07F0918D0782815F
:1049F00081502A013B01A9E076946794579447942B
:104A0000AA95D1F7082F042109F040C0452B462B69
:104A1000472BA1F440919A0750919B0760919C0706
:104A200070919D074230510561057105A8F4809190
:104A3000900780688093900712E01AC040919E070B
:104A400050919F076091A0077091A107CF016CD88A
:104A5000462F572FBC01E6CF4F3F8FEF580768070F
:104A6000780761F480919007806880939007132DF8
:104A7000812FCDB7DEB7E1E10C945E6740939E07CE
:104A800050939F076093A0077093A107A0908C0795
:104A9000B0908D0740919E0750919F076091A007AD
:104AA0007091A107C5010E940F1C2B013C0141140C
:104AB00051046104710409F4BACF400E511C611C09
:104AC000711CE11492E0F90608F462C0E701CD2FF1
:104AD000DD27C695F5016281802F90E0AC014C0F77
:104AE0005D1F262F30E06417150618F4E901C81B76
:104AF000D90B0C2FA3019201B601F50181810E940F
:104B00007F188111AFCFE0918C07F0918D078481E0
:104B10008823D9F082A593A5A4A5B5A584199509E4
:104B2000A609B709AE0170E060E084179507A607F3
:104B3000B70758F4BF01625D7F4F982F8827990F00
:104B400040E052E08C0D9D1DE6DEDC2FCC27DD0F12
:104B5000CC0EDD1E8091920790919307A09194074F
:104B6000B09195078C0F9D1FA11DB11D80939207D9
:104B700090939307A0939407B0939507F4018081D5
:104B800091818C0F9D1F91838083EC1AFD0A15CFB4
:104B90004092A2075092A3076092A4077092A507C3
:104BA0002091920730919307317080E092E0821B50
:104BB000930BE7018E159F0508F4EC014091A207C5
:104BC0005091A3076091A4077091A50780918C076D
:104BD00090918D070E944D1C811144CF80919207C6
:104BE00090919307A0919407B09195079170AA278F
:104BF000BB278E9660918C0770918D07680F791F87
:104C0000AE01C60188DEA4CF17E032CF2F923F92CB
:104C10004F925F926F927F928F929F92AF92BF92CC
:104C2000CF92DF92EF92FF920F93CF93DF935C01CD
:104C30006B011A0180918B07C4E1882309F45FC0DE
:104C4000FA011182108260918E0770918F07809116
:104C50008C0790918D070E946C19C82F81114FC04D
:104C60008091900787FD62C181FFD2C18091960734
:104C700090919707A0919807B0919907AC01BD0159
:104C80004C0D5D1D611D711D481759076A077B0793
:104C900008F0F0C08091920790919307A09194073B
:104CA000B0919507409196075091970760919807AA
:104CB00070919907481759076A077B0708F49FC145
:104CC0008091900780628093900719C040919E0761
:104CD00050919F076091A0077091A107D9D8462FE6
:104CE000572FBC0112C14F3FFFEF5F076F077F07D0
:104CF000C9F480919007806880939007C1E08C2F61
:104D0000DF91CF910F91FF90EF90DF90CF90BF9008
:104D1000AF909F908F907F906F905F904F903F905B
:104D20002F90089540939E0750939F076093A0078C
:104D30007093A10780918C0790918D07FC0142A48C
:104D400053A464A475A44091A2075091A307609155
:104D5000A4077091A507441655066606770639F430
:104D600040E050E0BA010E944D1C8111C2CF8090FA
:104D70008C0790908D0740919E0750919F076091FE
:104D8000A0077091A107C4010E940F1C2B013C01D8
:104D9000411451046104710409F4C3C04D0E511C47
:104DA000611C711CC114F2E0DF0608F4C1C0760179
:104DB000EF2CFF24E694F40162818D2F90E0AC018A
:104DC0004E0D5F1D262F30E06417150618F479018B
:104DD000E81AF90A0E2DA3019201B501F4018181AF
:104DE0000E941E18811185CF80918C0790918D07AC
:104DF000FC0142A553A564A575A54419550966098A
:104E000077092701712C612C441555056605770536
:104E100078F4542F4427550FB501640F751F40E0F7
:104E200052E08E9678DDE0918C07F0918D07148228
:104E3000FE2CEE24FF0CAE0CBF1C809192079091CB
:104E40009307A0919407B09195078E0D9F1DA11D0A
:104E5000B11D8093920790939307A0939407B0930A
:104E60009507F101808191818E0D9F1D9183808333
:104E7000CE18DF08409192075091930760919407F4
:104E800070919507C114D10409F404CFDB01CA0164
:104E90009170AA27BB27892B8A2B8B2B09F075C011
:104EA00080918C0790918D07FC01D281D1502A010D
:104EB0003B01E9E07694679457944794EA95D1F7DB
:104EC000D42109F037CF452B462B472B09F0FECED6
:104ED00040919A0750919B0760919C0770919D07A4
:104EE0004115510561057105B1F440E050E0BA018A
:104EF0000E94481F462F572FBC0140939A0750939A
:104F00009B0760939C0770939D07411551056105B0
:104F1000710509F4BFCE413051056105710509F0F5
:104F2000E2CE80919007806880939007C2E0E7CE40
:104F30004091920750919307609194077091950763
:104F40008091960790919707A0919807B091990743
:104F5000481759076A077B0780F040E050E0BA0124
:104F6000C4010E944D1C8111C4CEE0918C07F091C8
:104F70008D0742A653A664A675A64092A20750923A
:104F8000A3076092A4077092A50720919207309121
:104F90009307317080E092E0821B930B76018C15B1
:104FA0009D0508F47C014091A2075091A3076091F0
:104FB000A4077091A50780918C0790918D070E949E
:104FC0004D1C811196CE8091920790919307A091EC
:104FD0009407B09195079170AA27BB278E962091D0
:104FE0008C0730918D07A701B501820F931F93DCC9
:104FF000E0918C07F0918D0781E084831CCF809332
:10500000960790939707A0939807B093990758CE67
:10501000C7E075CE1F93CF93DF93EC0170E060E0A3
:105020000E94691E182F811138C04E855F856889DE
:105030007989888199810E944D1C182F81112DC07A
:10504000EA89FB898081853E59F0882349F061E037
:1050500070E0CE01E4D9E6CFF90111929F0111C0B1
:105060004E855F8568897989888199810E944D1C68
:10507000182F811112C08A899B89AC01405E5F4F55
:105080009C014217530741F76C897D894BE050E042
:1050900042DCE881F98181E08483812FDF91CF9127
:1050A0001F9108954F925F926F927F928F929F927D
:1050B000AF92BF92FF920F931F93CF93DF93CDB721
:1050C000DEB7A4970FB6F894DEBF0FBECDBF9CA38A
:1050D0008BA3F62E10928D0710928C07462F4E71DF
:1050E000BE016F5F7F4FCE0183960E94BB199E0168
:1050F000295E3F4F3E8B2D8B811105C06BA17CA19A
:10510000CE0101967FDA0B891C89811104C001153B
:10511000110509F486E09F2D9C7109F4D3C0882302
:10512000F9F0843049F4CE01019674DF6894F3F805
:105130000B891C898823E1F0A4960FB6F894DEBF92
:105140000FBECDBFDF91CF911F910F91FF90BF9008
:10515000AF909F908F907F906F905F904F90089549
:10516000D8011B968C91817109F0B7C0F3FE4EC037
:1051700080ECF801868788E087878FE8808B8EE354
:10518000818B1386148E158E168E178E84889588C3
:10519000B12CA12C540199248824828D938DB0E0E8
:1051A000A0E0882A992AAA2ABB2A128E138E148A72
:1051B000158A89819A8121E0DC0114962C93149739
:1051C00081149104A104B104E9F09A964D905D9088
:1051D0006D907C909D97B501A4012ADB8111ACCF25
:1051E00089819A81B1E08B1A9108A108B108FC016C
:1051F00082869386A486B586B301A2010E944D1CC7
:1052000081119ACFF3FE02C06894F5F8E981FA8122
:1052100082A593A5A4A5B5A58093A6079093A707FB
:10522000A093A807B093A9071093AB070093AA0710
:10523000F0929007D80154968D919C91B0E0A0E037
:105240005C0199248824D8015A964D915C9170E0B4
:1052500060E0D501C401842B952BA62BB72B80933E
:105260009A0790939B07A0939C07B0939D07D80142
:105270005C964D915D916D917C915F9740939607FF
:10528000509397076093980770939907109292072D
:105290001092930710929407109295071092A2070C
:1052A0001092A3071092A4071092A507F0938D0700
:1052B000E0938C078681978190938F0780938E0768
:1052C00080E03ACF811138CFD8011B968C9184FDB4
:1052D00006C0F1FE97CF80FF95CF87E02DCF84E009
:1052E0002BCFCF93C62F9A01009741F4FA0180E3A8
:1052F0008193C150C1111082CF91089597FF08C0CA
:105300004DE2F90141939F01C15091958195910919
:1053100040E0E42FF0E04F5FEA53FB4F6AE070E0BB
:105320000E94C5668083CB01009799F7842F522F86
:10533000932F882369F08150E52FF92FA82FB0E033
:10534000AA53BB4F9C91905D91935E2F9F2FF1CFFD
:10535000F901E40FF11DC41BCDCFE7EBF4E080EFC2
:1053600087838FE0808381838283848385838683A0
:1053700013820895E091B504F091B6048585E48523
:10538000F0E0E954FB4F8083089508958091CD04A7
:10539000823011F41092CD0481E0089581E00895E7
:1053A0008091CD04882321F01092CD0481E00895EE
:1053B00081E08093CD04FACF80E0089581E00895E4
:1053C00008959091D1042DE531E0929FF001939FD3
:1053D000F00D1124E455F84FE60FF11DE458FF4F8E
:1053E0009081992321F0891718F0891BFCCF80E068
:1053F0000895CF93DF93D82FC62F8091B404D09314
:10540000D304D43068F4815087FD06C0D13009F44C
:1054100045C040F4DD2319F181E0DF91CF9108957B
:10542000D450F2CFD250D230B8F76D2FCADF2091CE
:10543000D104B0E1DB9FB0011124680F711D6F71C1
:105440008DE591E0289FF001299FF00D1124E4558E
:10545000F84FE60FF11DE058FF4FCC0F1DC062E082
:10546000B0DF4091D104E82FF0E0EE0FFF1FB096BF
:10547000EF732DE531E0429FC001439F900D112451
:105480008455984FE80FF92FF11DE058FF4FC6954E
:10549000C85E60816078C62BC083BECF62E091DFBA
:1054A0004091D10450E0D0E0FE01EE0FFF1F90E0EC
:1054B000880F991F80968F7390E06DE571E0469F8D
:1054C0009001479F300D569F300D11242455384FC1
:1054D000820F931FCD2B59F4FC01E058FF4F208120
:1054E0002F7720838F579F4FDC011C9295CFDC01D3
:1054F000A058BF4F2C9120682C938F579F4FE15895
:10550000DC01EC9389CF8091CD04882339F010928F
:10551000CD0484E08093D30481E0089581E08093FA
:10552000CD04FACFCF93DF93D82FC62F8091CD042F
:105530008823A9F18091B4049091D30494300CF4A1
:10554000815087FD2FC062E03CDF9091D104282F6D
:1055500030E0220F331F205E3F4F2F7330E04DE5C8
:1055600051E0949FF001959FF00D1124E455F84F00
:10557000DF01A20FB31FA058BF4F9C9190789D2BC5
:105580009C93E20FF31FEF57FF4F608160786C2B05
:10559000608362E08F5F15DF8093B40481E0DF9168
:1055A000CF91089580E0FBCF80EF8093BD04809180
:1055B0004405882369F0E091B304E83018F08FE0E7
:1055C0008093C504E770F0E0E954FB4F83E08083EB
:1055D0000895D0DEE091B504F091B6048081833067
:1055E000B9F44091D104E091CE042DE531E0429F21
:1055F000C001439F900D11248455984FE80FF92F57
:10560000F11DED51FF4F8081807F8093C504089587
:10561000809144058823D9F38091B3048370B9F74E
:1056200080EFF3CFE091B504F091B604E80FF11DDF
:10563000838190E1980F983058F48F7090E0FC01CE
:10564000EE0FFF1FE80FF91FE45FFA4F848D0895F6
:105650008091D1040895E82F8830C0F48091B5047A
:105660009091B604E80FF92FF11D838190E1980F16
:10567000983050F48F7090E0FC01EE0FFF1FE80FA0
:10568000F91FE45FFA4F858D8E3408F08FEF08958F
:1056900080911501882321F080EF8093BE04089546
:1056A00080EF8093BE0480916F0480FF03C09FE071
:1056B0009093B70481FF03C08FE08093BA040895EC
:1056C00080EF8093BE048FE08093BD0480916304DB
:1056D00081110EC08091620481110BC085E027EB1F
:1056E00034E0F9019FE091939E2F921B9817D0F31D
:1056F000089583E0F4CF80916304811108C0809104
:10570000D3048F5F81708093D30481E0089548DED5
:10571000FCCFE091B504F091B6048381823080F42F
:1057200080EF8093BE048093BF048093C004809375
:10573000C1048093C2048093C3048093C404089579
:1057400080EF8093BD048FE0ECCFE091B504F09141
:10575000B6048381833039F42481660F269F612D3E
:1057600011246093240481E00895482FE091B5044A
:10577000F091B6048381833099F4248180912404CC
:10578000042E000C550B840F952F911D97FD0AC018
:105790002150330B821793070CF49C0120932404AF
:1057A00081E0089520E0FACF10922404089580FF4C
:1057B00017C09091A0032091E1039150921B9F711B
:1057C000C1F39091E103E92FF0E0EE0FFF1FEF55D9
:1057D000FC4F808361839F5F9F719093E1030895E5
:1057E0009091E203209123049150921B9F71C1F389
:1057F00090912304E92FF0E0EE0FFF1FED51FC4FD5
:10580000808361839F5F9F719093230408958091AB
:1058100023049091E203891B8F71C9F78091E10302
:105820009091A003891B8F7191F708951F93CF93D7
:10583000DF93C82F142FD22FBADF612F8C2FB7DF41
:105840006D2F8C2FB4DFDF91CF911F9108950F93AF
:105850001F93CF93DF93C82F162F072FD42FE82F36
:10586000F0E0E451FB4F408360E1620FA0DF602F66
:105870008C2F9DDF612F8C2F9ADF6D2F660F8C2F61
:1058800096DFDF91CF911F910F910895CF93DF9312
:10589000DC0114968C9114978150282F082E000C4F
:1058A000330B982F1296ED91FC91139797FD10C032
:1058B000EF01C20FD31F4881461731F0E80FF11DE9
:1058C00087FDFA9540838150915021503109EACFEC
:1058D0006083DF91CF910895FC01448130E020E0A6
:1058E000822F241758F4A081B181A20FB31F9C917D
:1058F0009F772F5F3F4F6913F3CF08958FEF089580
:1059000047980895449A08958091340390917503BF
:105910008150891B8F730895CF93C82FF5DF823094
:10592000B8F090917503E92FF0E0EB5CFC4F2C2F61
:1059300030E084E0359527958A95E1F72083CF7094
:10594000C1839E5F9F739093750382E0CF9108950A
:1059500080E0FCCF84FD5B9A9BB18295807F9F7035
:10596000892B8BB95A9A0895CF93C82FCDDF8230F7
:10597000A8F080917503E82FF0E0EB5CFC4F9C2FC2
:1059800092959F7090619083CF70C061C1838E5F4C
:105990008F738093750382E0CF91089580E0FCCFF0
:1059A000D9DF88E893E10197F1F75A985B9888E985
:1059B0009AE30197F1F70895CF93C82F82958F70DE
:1059C000EFDF8C2F8F70ECDFCF91089528E2382F16
:1059D000329FC00111248D519D4F0895E091F6042E
:1059E000F091F7048F3F19F080E00995089581E068
:1059F000FCCFA7E0B0E0EFEFFCE20C944E67FC01B7
:105A00008B0187E0DE01119601900D928A95E1F7F6
:105A10001B8289818330B1F038F4823059F0CE0195
:105A20000196F801099502C08430C9F32796E5E094
:105A30000C946A671982CE010196FB01099584E0F6
:105A40008983EDCFCE010196FB010995F12CFA82F5
:105A5000F394FB821982CE010196F801099584E046
:105A60008983CE010196F8010995F6E0FF12EFCF88
:105A7000DDCFFC018081833059F138F4882391F027
:105A80008130D9F090E080E008958430D9F74181E9
:105A90002DE531E0429FC001439F900D1124845EAB
:105AA000974F089541812DE531E0429FC001439F0A
:105AB000900D11248455984F089541812DE531E0D2
:105AC000429FC001439F900D11248C5D974F089514
:105AD0008CE095E00895A6E0B0E0E1E7FDE20C94EB
:105AE0004B678C01C6DF6C01D801EC91E12CE530ED
:105AF00020F4F0E0E85DFE4FE0808FE692E6AAE653
:105B0000B0E289839A83AB83BC83AE014B5F5F4F66
:105B100064E070E0CE01019679D8F12CC7010496BB
:105B2000092E000CAA0BBB0B89839A83AB83BC8321
:105B3000AE014B5F5F4F64E070E0CE01019666D826
:105B400019821A821B821C82F80180818F5F8983EF
:105B500082818A83AE014B5F5F4F64E070E0CE01CB
:105B6000019654D8AE014B5F5F4FB701C6014ED8C6
:105B70002696E8E00C9467678091DD029091DC0244
:105B8000891B8F77C9F708950F931F93CF93DF93E6
:105B9000FC01418D80E0442309F454C0C42FD0E0BF
:105BA0008E010F5F1F4FD801AA0FBB1FA00FB11F9F
:105BB000AE0FBF1F5C919E01220F331FD901AC0FA6
:105BC000BD1FAE0FBF1F11969C91961709F43FC0E1
:105BD000842F452FE0CF90E00196DC01AA0FBB1F78
:105BE000A80FB91FAE0FBF1F5C939081DF015A96BB
:105BF00080E09817B1F05D91541311C0A82FB0E068
:105C0000692F6150770BA617B7075CF4AE0FBF1F63
:105C10005B964C915B975A964C938F5FEFCF8F5F5B
:105C2000E8CFD801AA0FBB1FA00FB11FAE0FBF1F37
:105C30001C92C20FD31FCE0FDF1F8FEF89831A82F2
:105C400091509083DF91CF911F910F910895811111
:105C5000C2CF518FCACF0F931F93CF93DF93FC0115
:105C600040A580E0442309F454C0C42FD0E08E0145
:105C70000F5F1F4FD801AA0FBB1FA00FB11FAE0FA0
:105C8000BF1F5C919E01220F331FD901AC0FBD1FB6
:105C9000AE0FBF1F11969C91961709F43FC0842F39
:105CA000452FE0CF90E00196DC01AA0FBB1FA80FA3
:105CB000B91FAE0FBF1F5C939081DF01999680E002
:105CC0009817B1F05D91541311C0A82FB0E0692F5F
:105CD0006150770BA617B7075CF4AE0FBF1F9A96FB
:105CE0004C919A9799964C938F5FEFCF8F5FE8CF47
:105CF000D801AA0FBB1FA00FB11FAE0FBF1F1C9270
:105D0000C20FD31FCE0FDF1F8FEF89831A829150EE
:105D10009083DF91CF911F910F9108958111C2CF90
:105D200050A7CACFFF920F931F93CF93DF93EC013D
:105D3000162F042F90DF88818C3071F4FE01CE0184
:105D400084962681211101C0F4803396E817F90763
:105D5000C1F76F2DCE017FDFFE0181E094819F3F6F
:105D600029F08F5F33968D30C9F780E0282F30E01F
:105D7000A9014F5F5F4FDA01AA0FBB1FA40FB51F28
:105D8000AC0FBD1F98A59C93F901EE0FFF1FE20F0A
:105D9000F31FEC0FFD1F1183028388A79881DE019A
:105DA000999670E060E0062F691728F59B01ED9148
:105DB0006F5F7F4F4E2F50E0FA01EE0FFF1FE40F91
:105DC000F51FEC0FFD1F4181141768F7FE01E90F65
:105DD000F11D492F50A551A7415031970417D0F319
:105DE0002C0F3D1FF90181A79F5F9883CDB7DEB7C8
:105DF000E5E00C946A67FE01E90FF11DF4CFEF9224
:105E0000FF920F931F93CF93DF938C01D62FF42E25
:105E1000E22EC0E0F801E653FF4F8081C81760F41E
:105E2000F801EC0FF11DEC53FF4F2E2D4F2D6D2F70
:105E30008081FCDCCF5FEECFCDB7DEB7E6E00C941F
:105E40006967CF93DF939C01FC01EC5AFE4F808180
:105E50003296D901AB5ABE4F813029F410821C9280
:105E6000DF91CF910895E901C451DF4F88818150BE
:105E70008C9327583F4FD9018C9181508083F0CF6C
:105E8000CF93DF93DC01EC01C052DF4F9C01285E11
:105E90003F4F5D96EC915D97EF3070F4F0E0E35585
:105EA000FA4DE491E883189621960696A217B30757
:105EB00081F7DF91CF910895EF50F0E0EE0FFF1FD3
:105EC000E355FB4D45915491FC01E553FF4F518340
:105ED0004083E9CFE82FF0E0E451FB4F108260E609
:105EE00066CCE62FF0E0EE0FFF1FB096EF73E80FE1
:105EF000F92FF11D90898189692F6F77782F7F772E
:105F0000807890780895FC0196818181499F800D69
:105F10001124208190E02230A1F028F02330A1F05C
:105F200082539B4F0BC04DE551E0649F9001659FEC
:105F3000300D11242455384F820F931FFC018081AE
:105F40000895845F9A4FFACF8B5B9A4FF7CFDB01AE
:105F500090E08C3018F09F5F8C50FBCF880FE82FBB
:105F6000F0E0E65AF04EE491EC938F5FE82FF0E01A
:105F7000E65AF04EE4911196EC931197E92FF0E078
:105F8000E25BF04EE4911296EC93129713961C92FA
:105F90000895FC01862F9281992381F023816481E9
:105FA0006F5F621B880F382F639F812D1124820F32
:105FB000943121F48F3E08F080EF8E7F0895209178
:105FC000120130911301C901817099279195819532
:105FD00091098827947B369527958227932790935C
:105FE0001301809312010895FC01EE0FFF1FE25090
:105FF000F14E85919491E62FF0E0EE0FFF1FE80F30
:10600000F91F8591949108958C589F4FFC01208130
:1060100081E0222379F0862F6CE00E94A566692F2B
:10602000822F90E0E1DF9C0181E02F3F3F4711F498
:1060300080E0089508950F931F93CF93DF938C0111
:10604000862FF801EF58FF4F20813CE02303900199
:106050001124260F311D2038310514F02FE730E0D0
:1060600037FD20E030E8239FE0011124F801EC58CF
:10607000FF4F2081222349F06CE00E94A566692F22
:10608000822F90E0B1DFC80FD91FF801EE58FF4F03
:1060900080819E01280F311D87FD3A95C901DF914E
:1060A000CF911F910F910895A5E0B0E0EAE5F0E3EC
:1060B0000C944D672091240530E0C901880F991F89
:1060C000092E000CAA0BBB0BAC01BD01445254407D
:1060D0006A4F7F4F49835A836B837C83220F331F20
:1060E000220F331F032E000C440B550B69817A815C
:1060F0008B819C810E94FA66890169EAE62E62E042
:10610000F62E1D828091250590E06D8182966CDFD0
:106110009801DC010E941C67A0912605B0E09B015C
:10612000AC010E94376769837A838B839C838B8160
:106130009C81800F911FF701819391937F01FD81D5
:10614000FF5FFD83F031F1F68091A9029091AA02E0
:106150009093A8028093A7022596E6E00C946967C5
:10616000382FECE0F5E020E08FEF321729F0938133
:1061700098239383909589232F5F34962630A9F72F
:1061800008959091A602E92FF0E0E256FD4F80833A
:106190009F5F97709093A60208952FB7F8948DB7DC
:1061A0009EB72FBF2FE08A3D920721F018F08A5D3D
:1061B0009F40089590E080E0089584B7809365043F
:1061C0008DB79EB74097EAEDFFE0E817F90718F49E
:1061D00025EA2193FACF0895982F882349F070E09B
:1061E0006F5F7F4F81E09617170619F080E00895E2
:1061F00081E008959091DD02E92FF0E0E25EFD4F2D
:1062000080839F5F9F779093DD0208959091DC02D9
:106210002091DD029150921B9F77C1F3EBCFB0E04C
:10622000A0E0E5E1F1E30C944A67B82EC62EEA013E
:10623000D22EF02EA1DC0CEB15E2F8018491E6DF02
:106240000F5F1F4FF5E2023C1F07B9F78B2DDEDF12
:106250008C2DDCDF10E0FF20C9F0ED2EF12C1C2F7F
:106260001D0FCE0124E0959587952A95E1F78F7053
:10627000CDDF8C2F8F70CADFC70134E095958795ED
:106280003A95E1F7C3DF8D2F8F70C0DF7E01ED0CF3
:10629000F11CEC16FD0659F08991180F82958F704C
:1062A000B5DFFE01319780818F70B0DFF2CF812F93
:1062B00082958F70ABDF812F8F70A8DF87EFA6DF0D
:1062C0005BDCCDB7DEB7E9E00C946667FF920F9315
:1062D0001F93CF93DF93EC011881F12C153028F434
:1062E000E12FF0E0E85DFE4FF080CE01C2DBAC01B3
:1062F00000E02F2D6A8181E0810F91DFCDB7DEB7FD
:10630000E5E00C946A67CF93DF93D62FC42F72DF3A
:106310008D2F70DF8C2F6EDFDF91CF9108959C0160
:1063200087E02C3A380709F189E02930380701F174
:106330008AE026363807F9F08BE0233C3807F1F085
:106340008DE020323807E9F02D573E40E9F485E032
:1063500090E0880F991F880F991FFC01E45FFA4FA6
:106360008081811181508069CECF90E080E0F1CFB3
:1063700081E090E0EECF82E090E0EBCF83E090E030
:10638000E8CF84E090E0E5CF80E0EDCF20914605B6
:10639000213009F4C4CF0895B0E0A0E0E2EDF1E3CC
:1063A0000C9448678C01D62F6F3F09F4C2C040E0BF
:1063B000EDDF78018FE7E80EF11CD7018C9188237F
:1063C00009F452C0823009F476C06801BCEBCB1AE4
:1063D000BEEFDB0A6D2FC6017FDAC82FF60185817B
:1063E0008F3FC1F5CF3F51F0A081B181AC0FB11DFE
:1063F0008C918F778C936C2FC60148DAF7018081DE
:10640000F801E85BFE4F9081833009F097C0C9170F
:1064100008F08FC0CC0FEC2EF12CF801EE0DFF1D13
:10642000EC53FF4F808156DDFFEFEF1AFF0AF801B2
:10643000E653FF4F8081E1E0EC0F8E151F0409F059
:106440000CF4E0E0E00FF12FF11DEC53FF4F8081E1
:1064500041DD6FC0CF3F91F20190F081E02DEC0F54
:10646000F11D8FEF8083CACFF801E653FF4FB08054
:106470007801FEEDEF1AFEEFFF0AD7015996EC9175
:106480008E2F90E0FC01EE0FFF1FE80FF91FEE0DBD
:10649000FF1DC1816D2FC70177DBF701D080D110BF
:1064A0000DC0E801CC53DF4FDB1409F442C08991E1
:1064B00011DDD394F9CFBB24B394DACFDC1339C008
:1064C000E18D8E2F90E0FC01EE0FFF1FE80FF91F0A
:1064D000EE0DFF1D6181C801AEDDEC016801B4EC79
:1064E000CB0ED11CA12C912CBA14E9F0D7015996EE
:1064F000EC918E2F90E0FC01EE0FFF1FE80FF91FCB
:10650000EE0DFF1D42814F77BE01690D711D21E027
:10651000F60181916F019BD9F801ED58FF4F808101
:10652000980EA394E1CFF801EB58FF4F80818823A8
:10653000D1F0CDB7DEB7EBE00C946467853081F421
:106540009695C91720F4F801EC0FF11D7ECF8091CC
:106550004605833071F740E06D2FC801E0DEE9CFDA
:10656000C91738F7F0CFD801F801E353FF4F90E097
:1065700080E05F962C915F97213049F4228311824D
:106580001082EC01C352DF4FC00FD11F1882019659
:10659000189636968330910561F7CBCFB0E0A0E036
:1065A000E4EDF2E30C9447678C01D62FD42E2CDD5A
:1065B000882309F4A9C04D2D6D2FC801E7DE5801CD
:1065C0002FE7A20EB11CD5018C918D7F780109F0C7
:1065D000A4C0BEEDEB1ABEEFFB0A6D2FC701D4DAE3
:1065E000F701808198012A5D3E4F4901873079F497
:1065F000F901C801855C9E4F2281211101C0C08133
:1066000033968E179F07C1F76C2FC701BDDAF401CF
:1066100081E090819F3F29F08F5F33968830C9F7E2
:1066200080E0282F30E0A9014F5F5F4FDA01AA0F09
:10663000BB1FA40FB51FAE0DBF1DF701918D9C931D
:10664000F901EE0FFF1FE20FF31FEE0DFF1DD183C7
:10665000D282D70159968C9359979C914801B4ECFA
:106660008B1ABEEF9B0AF0E0E0E0CE2FE91708F0AE
:1066700050C0AF01F40161914F01FA01319670E011
:106680009B01220F331F260F371F2E0D3F1DD901EF
:1066900011962C91D21748F7E92FF0E0E45CFE4FF9
:1066A000E00FF11F292FDF013E9130832150FD01C2
:1066B000C217C8F34E0D5F1DFA01828F9F5FD7018D
:1066C0009C936D2FC801B7DCEC01F7019080CC24BE
:1066D000C394C91408F0C12CD501EC90EE2009F444
:1066E0005DC02C2D4D2DBE01F801EC53FF4F808174
:1066F000AED8B1E0B91508F0EFC0F801EB58FF4F84
:106700008081882309F4E8C0CDB7DEB7ECE00C94B3
:106710006367F701E90FF11DD0CFBCEBEB1ABEEFB9
:10672000FB0AF701C48090E080E0C82F8C1508F0C8
:1067300050C0D701ED91FC91E80FF91F2081322F55
:106740003F77D31302C027FD02C00196EECF8F3FE3
:1067500009F042C0F70185818F3F09F08BC06D2F92
:10676000C701BAD8C82F8F3F09F08AC090E080E0F7
:106770008C1508F06DC0D7011296ED91FC9113971E
:10678000E80FF91F20812C1538F4ED91FC91E20FF0
:10679000F11D308137FFC22F0196EACFF12CF801AD
:1067A000E653FF4F8081F81608F0A3CFBE016E0DAF
:1067B000711DF801EF0DF11DEC53FF4F2C2D4D2DE8
:1067C000808145D8F801ED58FF4F8081E80EF394A1
:1067D000E6CFCFEFC110BECFF5019081F801E85BA5
:1067E000FE4F8081933009F05AC0C81708F08CCF53
:1067F000CC0F6D2FC8011FDC5C01EC2EF12CF801D1
:10680000EE0DFF1DEC53FF4F20E04D2DBC018081AC
:106810001ED8F801ED58FF4F60816A0D7B2D711D68
:10682000FFEFEF1AFF0AF801E653FF4F8081E1E026
:10683000EC0F8E151F0409F00CF4E0E0E00FF12FCF
:10684000F11DEC53FF4F20E04D2D808100D844C056
:10685000CF3FB1F490E080E08C1590F4D701129610
:10686000ED91FC91E80FF91F20812C1508F4C22F3F
:106870000196F2CF8F5F8C1580F48583F701C58177
:10688000D701ED91FC91EC0FF11D8D2F8068808375
:106890006C2FC7010E94462C9FCF1582EFCF9530F9
:1068A000B1F58695C81780F46D2FC801C4DBF801D7
:1068B000ED58FF4F2081BC01C29F600D711D112456
:1068C000F801EC0FF11DBDCF80914605833021F416
:1068D0004D2D6D2FC80123DDD801F801E353FF4F83
:1068E00090E080E05F962C915F97213049F42283FD
:1068F00011821082EC01C352DF4FC00FD11F1882EA
:106900000196189636968330910561F7FDCEC8172B
:1069100008F0FACEC9CF1F93CF93DF93EB01142F6A
:1069200069DC112331F0888165DC113011F0898137
:1069300061DCDF91CF911F9108958F5F80931D02DD
:1069400010921C0210921B020895282F822F82950C
:10695000807F880F880F6F73862B90918603E92FB5
:10696000F0E0EE0FFF1FE55FFD4F808341839F5FE7
:1069700097709093860308952C988EBD0DB407FEF2
:10698000FDCF2C9A089595B1987F982B95B90895CD
:10699000CF93DF93D82FC62F0E94072C88E893E16E
:1069A0000197F1F78D2FEFDF8C2FE6DF8EB5DF91AA
:1069B000CF910895CF93DF93D82FC4E06FEF8D2F41
:1069C000E7DFC150D9F7DF91CF910895AF92BF9221
:1069D000CF92DF92EF92FF921F93CF93DF93EC0160
:1069E000FC01E65AFE4F81E0808310E06E018AECE4
:1069F000C80ED11CF6018081181758F4FE01E10F72
:106A0000F11DEC53FF4F60E080810E94D72B1F5F88
:106A1000EDCF88EA91E60197F1F710E0F601808169
:106A20001817E0F4FE01E10FF11DEC53FF4FF08069
:106A30000E94072C8F2DA7DF80E79EDF5E01F0E725
:106A4000AF0EB11C7E01F7018FEFE81AF80A8081C2
:106A500093DFEA14FB04B9F71F5FE0CFDF91CF911A
:106A60001F91FF90EF90DF90CF90BF90AF9008956F
:106A7000FC019081933031F02181822F880F820FA9
:106A8000890F089582E10895CF93DF93E9E1F1E062
:106A90008381C481D82FCF01EBDFE82FF0E0EE0F28
:106AA000FF1FE85DFB4FD183C083DF91CF91089535
:106AB0000E94072C87E067DF2E9A80E58CBD81E07D
:106AC0008DBD80934D0108950F931F93CF938C013B
:106AD000C42FFC01808180DB8823B1F0F801918113
:106AE0002281291738F0C91718F081E02C1738F4E3
:106AF00080E005C081E02C1710F4C917C8F381703D
:106B0000CF911F910F91089580E0FACFA4E0B0E0FB
:106B1000ECE8F5E30C9451678FB7F8942091670186
:106B2000309168014091690150916A0129833A834B
:106B30004B835C838FBF69817A818B819C81249692
:106B4000E2E00C946D67CF92DF92EF92FF92CF93C9
:106B5000DF9300D000D0CDB7DEB7E0915B05F091B8
:106B60005C05309709F0108210925D058DE595E087
:106B700090935C0580935B05C9DF6B017C018EEE11
:106B8000C80E82E0D81EE11CF11CC0DF6C157D052B
:106B90008E059F0590F480E00E94C918982F81709F
:106BA00090FDF3CF0F900F900F900F90DF91CF914A
:106BB000FF90EF90DF90CF90089581E0F3CFA6DFB4
:106BC0006093DF027093E0028093E1029093E2020F
:106BD00008950F931F93CF93DF93EC0140E050E0B3
:106BE000BA010E944D1C182F81115CC0888183302E
:106BF00009F046C08D81882309F442C01AA61BA65D
:106C00001CA61DA6BE01625D7F4F9E01225D3D4F09
:106C1000CB018217930709F04BC085E5FE01E45DC7
:106C2000FD4F80838AEA3196808382E58EA78FA705
:106C300081E688AB91E499AB22E77B97208331967C
:106C4000208331969083319680838E859F85A88995
:106C5000B989319680839183A283B3838A859B858A
:106C6000AC85BD85349680839183A283B3832A89C2
:106C70003B894C895D8901E089810E941E181D8233
:106C8000898111E081110EC080911801182F1170B7
:106C900080FD08C00E94B917892B71F00E946A1705
:106CA0000E946A17812FDF91CF911F910F91089554
:106CB000FC011192CF01ADCF11E0F2CFCF936091E3
:106CC0008E0770918F0780918C0790918D070E949D
:106CD0006C19C82F811108C08091900785FD07C0ED
:106CE00010928D0710928C078C2FCF9108954091B0
:106CF000A6075091A7076091A8077091A9078091F6
:106D00008C0790918D070E944D1C81113EC0E0912F
:106D1000AA07F091AB0783858062838780919607ED
:106D200090919707A0919807B0919907848F958FBC
:106D3000A68FB78F80919A0790919B07A0919C078F
:106D4000B0919D0720919A0730919B07338F228F36
:106D5000CD01AA27BB27848B958B80EC868B88E09E
:106D6000878B8FE8808F8EE3818F809190078F7D56
:106D70008093900780918C0790918D0721E0FC0112
:106D8000248327DF882309F4ABCFC82FADCF1F930F
:106D9000CF93DF93D82FC92F162F80918B078111A6
:106DA0008DDF612F8D2F9C2F0E945228813031F46E
:106DB000CADE612F8D2F9C2F0E94522891E08111F5
:106DC00090E090938B07DF91CF911F910895CF9220
:106DD000DF92EF92FF92CF93DF93CDB7DEB7EA97C2
:106DE0000FB6F894DEBF0FBECDBF9AAF89AF41E0BA
:106DF000BE016F5F7F4FCE01C9960E94BB19811102
:106E00002BC0CE018D969E8B8D8B69AD7AAD8C9704
:106E10000E940223811120C0EB89FC8986E0309713
:106E2000D9F0238520FD60C0C488D588F12CE12CE1
:106E30007601DD24CC24828D938DB0E0A0E0C82AB9
:106E4000D92AEA2AFB2A24FD14C0CE0101960E9409
:106E50002C1F882309F45CC0EA960FB6F894DEBFB5
:106E60000FBECDBFDF91CF91FF90EF90DF90CF901D
:106E7000089582E0C816D104E104F10408F45AC070
:106E800046E150E0BE016F5F7F4FCE0147960E9402
:106E90008B24CD8EDE8EEF8EF8A262E070E0CE0104
:106EA00047960E94691E8111D7CF84E04DA15EA153
:106EB0006FA178A5411551056105710519F4882365
:106EC00099F01CC08F89988D0E944D1C811116C0AD
:106ED000E9A5FAA580818823C9F0853E39F08E3274
:106EE00029F0838583FD02C087E0B6CF70E060E0C3
:106EF000CE0147960E940F228823C1F21DA21EA236
:106F00001FA218A6843009F0A7CF9FCF84E0F6CF48
:106F1000C114D104E104F10421F489819A8159DE7C
:106F20009BCFB701A60189819A810E941824811103
:106F300093CFF3CF82E090CF279A259A2698249A70
:106F40002C9A249A2C9A8DB58E7F8DBD8DB581603B
:106F50008DBD81E58CBD08952E98EEDF10924D0118
:106F60000895CF93A5DDEFDDC82FF6DF8C2FCF91ED
:106F70000895FC01CB01EE0FFF1FEF5AF74D65910D
:106F8000749150E00C94A067CF93DF93EC014C8197
:106F900050E070E060E0888199810E94C56790E0D0
:106FA0008C81981748F4EA81FB81E90FF11D81502B
:106FB000891B80839F5FF4CFDF91CF910895CF939A
:106FC000DF93EC01188244E250E070E060E0049648
:106FD0000E94C5674CE050E070E060E0CE018A9608
:106FE0000E94C56718A6CE0187962FEF29832396A6
:106FF000C817D907D1F7DF91CF910895CF93DF93C9
:10700000EC01188245E150E070E060E004960E94D7
:10701000C56747E050E070E060E0CE014B960E940B
:10702000C567198E8FEF89838C838F838A878D87BD
:10703000888B8B8B8E8BDF91CF910895CF92DF92CF
:10704000EF92FF921F93CF93DF93EC01FC01E55188
:10705000FF4F1081111140C0EC56F10980818D7FE6
:10706000D9F4CE018E5D9E4FC9DF7E018CEEE80E15
:10707000F11CC701A4DFD12CFE01E653FF4F808134
:10708000D816B0F4FE01ED0DF11DEC53FF4F8081D9
:107090000E946A2FD394F0CFFE01EC5BFE4F448137
:1070A00050E070E060E0808191810E94C567DDCF93
:1070B0006E01EFEACE1AEEEFDE0AF60160816F3F55
:1070C00059F0E95DF1098081853071F040E0CE0131
:1070D0005DD98FEFF6018083DF91CF911F91FF90F3
:1070E000EF90DF90CF900895F7018081181788F70F
:1070F000E10FF11DE1A58E2F90E0FC01EE0FFF1FC7
:10710000E80FF91FEE0DFF1D40E06181CE013ED971
:107110001F5FEACFAF92BF92CF92DF92EF92FF92C2
:107120001F93CF93DF93EC01162F0E940430882326
:1071300029F17E018BEEE80EF11CF70180818111AF
:1071400030C05E01F7E7AF0EB11CF50180818330DE
:1071500040F56E01FCEECF0ED11C612FC6010E94DE
:107160002B2EF5018081882331F0813089F431960E
:107170008081853069F4612FCE010ED9DF91CF91E6
:107180001F91FF90EF90DF90CF90BF90AF90089548
:10719000F60180818111F2CFF7011082CE014EDF1E
:1071A000EDCFFE01E051FF4FCC5EDE4F80818113B9
:1071B00005C08181882311F0806881833396EC17A4
:1071C000FD07A1F7DBCFEF92FF920F931F93CF93B1
:1071D000DF93EC01162F042F0E940430882329F03E
:1071E000011108C0612FCE0195DFCDB7DEB7E6E013
:1071F0000C9469677E0187E7E80EF11CF701808136
:107200008330B9F49E0120513F4FBE016C5E7E4F2A
:10721000CE0184519F4F26173707E9F02D5F3F4F6E
:10722000F901339740814113F3CF612F0E942B2E38
:10723000DCCF8430D1F2402F612FCE0184519F4F9B
:107240000E94922EF70180818111CFCF402F612FB4
:10725000CE01A4D9CACF402F612F0E94922EC5CF54
:10726000EF92FF920F931F93CF93DF93082F162F68
:10727000CCE0D5E08CEAE82E87E0F82E412F602F95
:10728000CE0122DC882319F0612FC70143DF249649
:1072900083EAE81A8EEFF80A85E0C432D80771F75E
:1072A000CDB7DEB7E6E00C946967CF93DF938091AA
:1072B0004605813019F48CEF0E94C130CCEAD7E04A
:1072C000FE01E551FF4F1082CE01B8DEC35ADE4FFA
:1072D0008FE0CA3DD807A1F710924405DF91CF9106
:1072E00008951F93CF93DF93EC01FC01E158FF4F0A
:1072F00080818D7FF9F4CE018E5D9E4F7FDECE01C1
:1073000084519F4F5CDE10E0FE01E653FF4F808109
:107310001817A8F4FE01E10FF11DEC53FF4F808117
:10732000E82FF0E0E451FB4F108260E70E94D72B7A
:107330001F5FEACFCE018C5B9E4F26DEE0CFDF9150
:10734000CF911F9108950F931F93CF93DF93EC017B
:107350008C0101581F4FF8019081892F8D7FAE015C
:107360004E5D5E4F81110CC0CA0148DEC55ADE4F2A
:10737000F80180818883DF91CF911F910F9108954B
:10738000FE01E653FF4F20819330D9F430E02F5FA8
:107390003F4F36952795FE01EC5BFE4F24834F5FF0
:1073A0005F4F518340839E01215D3E4F3383228393
:1073B00081E0943009F480E081958583CF01E4DD9C
:1073C000D5CF953041F7220FE6CFA3E0B0E0EBEE4A
:1073D000F9E30C944B678A839B83162F042FF22EBC
:1073E000EA81FB81E60FF11DE0804083CA80DB80EB
:1073F00026EAC21A2EEFD20AD6018C9181608C93B4
:10740000FF2009F46AC080914605823008F461C00B
:10741000833021F46F3711F4443009F0F02EEA8103
:10742000FB8127E0EC3AF207D9F089E0E930F80770
:1074300009F463C09AE0E636F90709F461C0ABE0ED
:10744000E33CFA0709F45FC0BDE0E032FB0709F452
:107450005DC085E090E0ED57FE4021F080E00CC07B
:1074600090E080E0880F991F880F991FFC01E45F6E
:10747000FA4F8081811181509091DB029F5F909340
:10748000DB0220911401806B8983121302C09032B9
:1074900090F0412F441F4427441F63E689810E94D6
:1074A0008331412F4F7762E689810E9483311093A7
:1074B00014011092DB024F2D441F4427441F66E045
:1074C00089810E9483314F2D4F7766E289810E9426
:1074D0008331D6018C9182608C931037D0F4202FA9
:1074E000412F60E28A819B810E94FF2E1851183142
:1074F000C8F12396E8E00C94676781E090E0B2CF92
:1075000082E090E0AFCF83E090E0ACCF84E090E009
:10751000A9CF1737E0F4202F40E9410F60E38A81BB
:107520009B810E94FF2E183721F7EA81FB81E858E2
:10753000FF4F80818130D9F081E0EA81FB81EC5AF4
:10754000FE4F80838A819B810E94212FD2CF1F37DB
:1075500081F40E1571F28A819B81C3DE8A819B8141
:10756000F2DEC7CF8A819B810E94402FC2CF8FEF6E
:10757000E4CF1B37C1F6EA81FB81E558FF4FE0817C
:10758000F0E0E355FA4DE4918A819B8187519F4F4A
:10759000DC01EC93AECFEF92FF921F93CF93DF937A
:1075A000EC01FC01E558FF4FE081F0E0E355FA4DB6
:1075B000E491DC01A751BF4FEC930E94402FFE01E4
:1075C000E65AFE4F81E080837E0180E7E80EF11CE1
:1075D00010E0F70121917F01412F60E3CE010E946D
:1075E000FF2E1F5F1730A9F7FE01E158FF4F908172
:1075F000E452FF4F8081981721F0CE0172DECE0158
:10760000A2DEDF91CF911F91FF90EF900895B0E03F
:10761000A0E0EDE0FBE30C944A678CE0C82E85E027
:10762000D82EC6E7D8E010E000E07E018AECE81A28
:10763000F108F601B380C70154DE188291E080E0C2
:107640002B2D2923A9F0E88121E02E0F28834DE579
:1076500051E0049F9001059F300D149F300D1124BF
:107660002455384FE20FF32FF11DEC53FF4F808369
:10767000990F8F5F863021F7C70165DEC701A6D954
:10768000C70189DF0F5F1F4FF4E0CF0ED11CC35A33
:10769000DE4F0630110549F6CDB7DEB7E9E00C94B0
:1076A00066670E9454308FEF0E94B030B0DF81E0F7
:1076B0008093DA0208950F931F93CF93DF93EC0129
:1076C0008881823031F170F48823A9F049812DE559
:1076D00031E0429FC001439F900D11248455984F83
:1076E0005ADF04C0833099F0843081F3DF91CF9169
:1076F0001F910F91089549812DE531E0429FC0010E
:10770000439F900D11248455984F60D9EFCFC9DF66
:10771000EDCF29810DE511E0209FC001219F900D43
:1077200011248455984F52D92981209FC001219F4F
:10773000900D1124D3CF0F93FC01962F342F422F9D
:10774000202F86816181389F600D112480818230D5
:10775000A1F030F070E0833049F162537B4F28C0D4
:10776000ADE5B1E09A9FF0019B9FF00D1124CF0190
:107770008455984F2ADE0F910895E62FF0E0E45FDC
:10778000FA4F80814817B9F340838091DA02826012
:107790008093DA02683128F46370633061F781DF27
:1077A000EACF6B3140F70E945430E5CF6B5B7A4FE4
:1077B000FB014083E0CFEF92FF920F931F93CF9393
:1077C000DF93EC01F62E142FE22E0E94832F282F38
:1077D000EE2D0E2C000CFF0B9A818B81933099F4C7
:1077E000E20FF11D27FDFA95082E000C990BE81702
:1077F000F9079CF08C81082E000C990B8E179F07BF
:1078000064F02E2F0AC0E20FF11D8E171F0609F03B
:1078100024F48C818E171F06A4F701E0412F6F2DF1
:10782000CE0189DFCDB7DEB7E6E00C946967CF9370
:10783000DF93EC0143E050E070E060E0835B9E4F3B
:107840000E94C56743E050E070E060E0CE018352E3
:107850009F4F0E94C567FE01E651FF4FDE01A75111
:10786000BF4F8C918083EA59FF4F108231968FEF82
:107870008083319681E090E091838083EA5DF10915
:107880008081813089F081E0FE01EC5AFE4F8083D7
:107890003396DE01A958BF4F8C918083CE010E94A0
:1078A000212FDF91CF9108958FEFEECF8091460584
:1078B000813019F48AEF0E94C1301092CA021092EE
:1078C000B3041092C9028CEA97E0B1DF89E099E035
:1078D000AEDF86E69AE0ABDF83EC9BE0A8DF80E2D8
:1078E0009DE0A5DF8DE79EE0A2DF8091A902909147
:1078F000AA029093A8028093A70281E08093440596
:1079000008951F93CF93DF93182F80914405811121
:1079100001C0CCDFCCEAD7E044E6612FCE0153DCD6
:10792000C35ADE4F8FE0CA3DD807B1F7DF91CF9140
:107930001F9108951F93CF93DF93109116018091AB
:10794000B20481110AC0812FDCDF81E08093B20490
:1079500081E0DF91CF911F910895CCEAD7E0612FAC
:10796000CE01D8DBC35ADE4F8FE0CA3DD807B9F746
:107970001092B204EDCFEF92FF920F931F93CF932B
:10798000DF93C82F8091B204882311F180911601F2
:107990008F3720F41C1624F08823C9F0C7FF17C0C6
:1079A0008C0FAFDFD09116010CEA17E08AEDE82EBC
:1079B0008FE0F82E6D2FC801ADDB035A1E4FE01685
:1079C000F106C1F780911601C80FC093160181E03E
:1079D000CDB7DEB7E6E00C946967A6E0B0E0E3EF70
:1079E000FCE30C9441678091CA0291E0980F8530C6
:1079F00009F4ECC09093CA0280914405882309F4ED
:107A00004BC173E2C72E78E0D72E0CEA17E0F601DF
:107A10002081DF01A052BF4F8C91082E000C990BE2
:107A20002817190609F4EDC08CEA97E000DF89E019
:107A300099E0FDDE86E69AE0FADE83EC9BE0F7DE75
:107A400080E29DE0F4DE8DE79EE0F1DE8091460568
:107A5000813019F488EF0E94C13089EF98E09E834D
:107A60008D8366E7E62E68E0F62E312C212C712CF2
:107A7000612C91E09C83D70190968C9190978F5FB9
:107A800090968C9390975F969C915F97891708F4D6
:107A9000BBC290961C92F6012081AD81BE811A96E0
:107AA0008C911A97082E000C990B2817190609F0CB
:107AB000B0C08581882371F0EC91EF71C8018059C5
:107AC0009F4FE80FF92FF11D20894BE060E4C801BA
:107AD0000E94FF2EF6018681882391F0AD81BE8140
:107AE0001196EC91E05FEF71C80180599F4FE80F4C
:107AF000F92FF11D20894CE060E4C8010E94FF2E9F
:107B0000F6018081823009F0CBC0D70192968C912A
:107B10008823D1F087818823B9F0AD81BE81129688
:107B20006C91C80180599F4F0E94712F972E91111F
:107B3000D6C0ED81FE816481C8010E94CC318FEFF7
:107B4000AD81BE8114968C93B80164587F4FAD818E
:107B5000BE8190E08D918F5FFD0182939F019230F5
:107B600039F4F6014081443019F4803108F028C11D
:107B7000FB014081841708F027C19F5F6F5F7F4F33
:107B8000933041F7D6011396EC91F0E0EE0FFF1F12
:107B9000EC54F14E85919491ED81FE8125813681E1
:107BA0008223932321E0892B09F420E0B22EB194A3
:107BB000A12CD7018C91A81608F009C12B2D4DE0FE
:107BC00060E4C8010E94FF2EA394F3CF1092CA0272
:107BD0008091B30491E0980F8F3081F09093B304BB
:107BE000E091B304F0E0EE0FFF1FE755FD4F8081F9
:107BF00091819093A8028093A702FECE1092B304C5
:107C0000EFCFE35AFE4F30E1E135F30709F000CF43
:107C10001DCFAD81BE811A962C93F70111A2C80128
:107C20000DDAC80104DED70192968C9181111C8275
:107C3000BFEF6B1A7B0AE3EACE1AEEEFDE0A035AB5
:107C40001E4FF3EA2F1AFEEF3F0A8D819E81835A61
:107C50009E4F9E838D8393EAE91A9EEFF90AA6E070
:107C60006A16710409F007CF809124058832A0F0CC
:107C700020912705BC81BB2309F463C28091C9020E
:107C80008F5F8093C90238E1239F900111248217EE
:107C9000130611F008F058C22696E2E10C945D67D5
:107CA000843009F051CF578051105CC0C801C6D94B
:107CB000AD81BE8113962C9113972F5F13962C9351
:107CC000552009F441CFB4E05B9EC0011124281770
:107CD00019060CF439CFED81FE81138235CFED8189
:107CE000FE81F997E081F0E09F01220F331F2E0FF4
:107CF0003F1FF801E451FF4FE20FF31FA180A60ED2
:107D0000BB24BB1CBCE3AB1AB108E0E8AE16B1045F
:107D10001CF04FE7A42EB12CB7FCA12C8A2CAD810E
:107D2000BE8114966C9181110EC0C8010E94CC31A5
:107D3000492D4F776A2DC8010E94CE32AD81BE8198
:107D400014968C9201CFA616C9F3492D4F776A2D50
:107D5000C8010E94CE32ED81FE816481C8010E947B
:107D6000CC31ECCFAD81BE8113968C91652D0E94F4
:107D7000A566492E91119CCFC80160D94801B0E792
:107D80008B0E911CED81FE818381652D0E94A5667D
:107D9000880F880F89835801FCEEAF0EB11C6981F2
:107DA000640DC4010E94712F472F992321F04F7752
:107DB000C5010E94922E439434E04312F0CF78CF55
:107DC000ED81FE811282D9CEF9011082D6CEF60164
:107DD0008081813019F0833008F407C1D6011196F3
:107DE0008C91F70192A1992311F0B1100FC0AD81D0
:107DF000BE8114966C91853009F47CC1C8010E9443
:107E0000CC318FEFED81FE818483EFC0B12C8530C2
:107E100009F44EC1ED81FE816481C8010E94CC311C
:107E2000D70192969C90F6012181A92CB12C243087
:107E3000C1F50E94DF2FF0911301FA831B828F2F6F
:107E40008F70AD81BE8119968C9319978A819B8121
:107E500024E0959587952A95E1F718968C93F6017D
:107E60009281292F30E0AD81BE8119968C911997AE
:107E7000482F082E000C550B4217530724F0891B7E
:107E800019968C93F0CFED81FE818085282F082EE6
:107E9000000C330B2A153B050CF441C0891980876F
:107EA000F2CFAD81BE8117968C91179718969C9151
:107EB0001897980F492F092E000C550B4A155B0592
:107EC0004CF118961C92ED81FE819185980F918757
:107ED000492F092E000C550BD60112963C913417F0
:107EE000150619F014F097FF1AC0223009F044C0AB
:107EF0008195ED81FE818783C8010E94212FF1E0E9
:107F0000F91508F48DCFD60112968C91823008F0C5
:107F100087CF05C097FD29C0ED81FE819087ED8157
:107F2000FE812085F801E451FF4FDF01A20FB11D52
:107F300099968C91D60111969C91933009F1B3E0FA
:107F40008B9FE00DF11D11243196B08041814F7758
:107F5000AD81BE8119968C91BCE08B9FB00C112431
:107F6000B7FE3BC0E4EFBE0EFBCF9FEF990DAD8196
:107F7000BE8118969C93A7CFC8010E94212FCFCF16
:107F8000ED81FE81F9979081F70182A18150821BDA
:107F900040E0292F30E08417B9F02F5F3F4FF901FF
:107FA000EE0FFF1FE20FF31F6DE571E0669E90017B
:107FB000679E300D769E300D1124E20FF31FE856B8
:107FC000F74F90814F5FE5CFF10133E0939FE00DD4
:107FD000F11D1124E756F74FB8CF6B2DC8010E9451
:107FE000CE32AD81BE811496BC92AD81BE81159614
:107FF0008D919C911697880F991F009709F49AC04C
:1080000016969C938E931597980123523F4F4801E3
:10801000FDEC8F0E911C28018BEC480E511C580171
:10802000D5015D968C918F3088F5F90180818F5F45
:1080300080839381891708F01082D5015D96EC91B9
:10804000F0E0EE0FFF1FE052F14E85919491F9019F
:108050006081689FA001699F500D1124E1E0D40167
:108060006D917C916417750708F4E0E0D4011296D5
:10807000EC9312974D935C93F701658D768D0E947A
:10808000B166D2016D937C93168E158EB8E0AB0E5F
:10809000B11C2F5F3F4FE6E08E0E911CF6E04F0EB5
:1080A000511CC8014896A816B90609F0B9CFBBCD36
:1080B000F70182A1B816C0F4F801E451FF4FDF01C7
:1080C000AB0DB11D99968C9190E09C01220F331F4E
:1080D000820F931FE80FF91F42814F776181C8011A
:1080E0000E94CE32B394E4CF8CE3AD81BE8114966E
:1080F0008C937BCF6F3F09F484CEB12CF70182A122
:10810000B81608F07ECEC80184519F4FFC01EB0DDC
:10811000F11D21A530E0A901440F551F240F351F83
:10812000820F931FDC0111966C91C8010E94CC3123
:10813000B394E4CF81E090E0ED81FE819683858366
:1081400063CF1092C902A8CDB0D8A6CDA8E0B0E008
:10815000ECEAF0E40C944D67F82E09831A832B8324
:108160003C834D835E836F83788780918703809300
:1081700086030E94DF3548E150E064EF75E284EF4A
:1081800094E00E94856788E0FE013196A4E9B3E09F
:1081900001900D928A95E1F7F092910304EF14E0BB
:1081A000D801ED91FC9181E993E00995E0922404D6
:1081B000D8015296ED91FC9109952896E6E00C9431
:1081C0006967EF920F931F93CF93DF93CDB7DEB71D
:1081D00028970FB6F894DEBF0FBECDBF88E0FE0132
:1081E0003196DF011D928A95E9F78BEE97E2482FD1
:1081F0009E838D83E12C09811A812B813C815E81D4
:108200006F81788582E0A2DF28960FB6F894DEBFF2
:108210000FBECDBFDF91CF911F910F91EF900895C9
:10822000CF93C82F82E091E0CE3FA1F08091110161
:108230008C1771F08FE0C89FB00111246555704E06
:108240004FE050E08BEC92E00E948567C0931101F3
:108250008BEC92E0CF9108950F931F93CF93DF9310
:10826000162FDEDFEC0140E0612F0E94832F9C81FE
:10827000891760F001E020E040E0612FCE015BDA79
:1082800081E0DF91CF911F910F91089521E040E0AF
:10829000612FCE0190DA80E0F4CFE091B504F09147
:1082A000B604E80FF11D838190E1980F983058F4DF
:1082B0008F7090E0FC01EE0FFF1FE80FF91FE45FE5
:1082C000FA4F868D0895883F58F4AADFDC0117968F
:1082D000EC91EF3F39F0F0E0E253FB4F80810895DD
:1082E0008FEF089580E008950F931F93CF93DF934E
:1082F0008093D30492E09093CD040091260410E083
:10830000843061F158F4813091F168F4882331F1BF
:1083100081E0DF91CF911F910F910895853039F160
:1083200086508230A8F7660F20912504629FC12DE8
:108330001124D0E08D2F74DFDC018C91823030F578
:10834000F801EE0FFF1FE00FF11FE45FFA4FD58F2A
:1083500015968C91C817C8F4C68FDACF70E024E068
:10836000759567952A95E1F760932604D1CF660F3E
:1083700026E0629F612D1124F801EE0FFF1FE00F30
:10838000F11FE45FFA4F648FC3CFC81BDF5FDE3499
:1083900089F6BECFB0E0A0E0E0EDF1E40C944B67CD
:1083A0000FEF18160CF401E0C0912604D0E06E0126
:1083B000CC0CDD1CC6018C0F9D1F9C01245F3A4F25
:1083C0007901D9015D968C912BDFFC01D7015E9676
:1083D0008C915E97800F87FD11C09581282F082E04
:1083E000000C330B9217130649F044F05E968C9301
:1083F00081E0CDB7DEB7E8E00C946767F601EC0FDB
:10840000FD1FE45FFA4F158D100F1E3488F7812F82
:1084100007DFFC0180818230B8F7CC0DDD1DC45F21
:10842000DA4F1D8F013011F41E8EE2CF858181500D
:108430008E8FDECFCF939093B6048093B5041092C5
:10844000CD041092D30410922504C0E08C2FE8DEF6
:10845000FC018081823030F4809125049581890F60
:1084600080932504CF5FCE3489F7CF910895B0E093
:10847000A0E0EDE3F2E40C944967D82EC92ED62F84
:10848000E42EC62F2D2F2E0D3327331FC2171306B0
:10849000ACF580E88C0FEEEF803420F0EFEFC13CBC
:1084A00008F4EC2FF0E0E058F34D84918F3FD1F0C9
:1084B000B7DE8C01FC01B380F480F394AF2CAB18D1
:1084C0000E94DF2F80911301482FA1100DC0F801E9
:1084D000438194819413482F20E06C2F8D2D9C2D87
:1084E0000E94E539CF5FCECF4A1520F08B2D8F1932
:1084F000480FFACFF8018381480FEECFCDB7DEB732
:10850000EAE00C946567CF93DF93D82FC92F6111F0
:108510000DC040E750E06DE374E20E9485678D2F47
:108520009C2F0E94E634DF91CF91089540E760E0F0
:108530009EDFF5CF1F93CF93DF93EC01162FE3DF80
:1085400011110FC044E550E06DEF77E2CE01805984
:108550009F4F0E948567CE011ED8DF91CF911F915A
:10856000089544E560E7CE0182DFF5CF1F93CF93F6
:10857000DF93182F48E350E06CE77EE18CE095E054
:108580000E948567CCEAD7E0612FCE01D3DFC35AC2
:10859000DE4F8FE0CA3DD807B9F783D8DF91CF917E
:1085A0001F910895CF92DF92FF920F931F93CF9365
:1085B000DF93F82E092F162FEA01C62ED12C6881E1
:1085C0007981A6010E94F467888199818C0D9D1D97
:1085D0009983888360E0115038F0EF2DF02F2191BE
:1085E000620FFE2E0F2FF7CF0E94FD6788819981C1
:1085F000019699838883DF91CF911F910F91FF900E
:10860000DF90CF900895A2E0B0E0E9E0F3E40C94AD
:108610004F671A8219820CEA17E0AE014F5F5F4F75
:1086200064E5C80180599F4FBDDFAE014F5F5F4FCA
:1086300060E7C801B7DF035A1E4F8FE00A3D1807F5
:1086400061F7AE014F5F5F4F68E38CE095E0AADF12
:108650002296E4E00C946B67CF93DF93EC0180915A
:108660001901833041F46DE677E2CE010E949967EB
:10867000DF91CF91089590E04EE0BE018C599E4F5E
:108680000E94B93780911A018F5C8B83F1CFCF9311
:10869000792FC62F682F80E794E00E949967E0E762
:1086A000F4E08191843219F4DF011197CC9384E0D6
:1086B000E03BF807B1F7CF910895A6E0B0E0E3E61C
:1086C000F3E40C944867F82E6BEF0E94C83408EE70
:1086D00013E084EF91E00197F1F701501109C9F718
:1086E0008AEFE82E6BEF8F2D0E94C834C82EEA94D3
:1086F000E110F8CF8823B1F10E9458350E945E3610
:1087000085E08093B00461E36F0D86E09CE2BFDFFB
:1087100061E080E794E00E94C73681111DC020E12E
:108720003C2D329F60011124A12C40919207509161
:1087300093076091940770919507809196079091A7
:108740009707A0919807B0919907481759076A07AA
:108750007B0761F40E945E360E94AC376BEF8F2D71
:108760000E94C8342696EBE00C9464670E9458354A
:10877000AE014B5F5F4F64E070E0CE0101960E9456
:1087800098240E94AC37E12C9E2C9A0C8E2D90E000
:108790002D813E8182179307E0F4E1E0F0E0EC0FD9
:1087A000FD1F8E0F9F1FFC01B0808F2D0E94C334D0
:1087B0008B2D8F700E94BC342B2D822F82958F7051
:1087C0000E94BC348EB59812C7CF0F5F1F4FE39441
:1087D000DBCFC016D10649F406E910E084EF91E042
:1087E0000197F1F701501109C9F7A92C9ECF1F93EA
:1087F000CF93DF93D82FC92F162F0E9458350E9490
:108800005E3685E08093B004612F8D2F9C2F3FDF73
:1088100061E080E794E00E94C736C82F0E945E3670
:108820000E94AC3781E0C11180E0DF91CF911F91B0
:108830000895CF93C82F10926F0460E08AEF9BE2F7
:10884000D6DF882329F080916F04816080936F04C4
:1088500061E36C0F8EEE9BE2CADF882329F08091E2
:108860006F04826080936F04CF910895282F8091C8
:108870001501811114C09091D304022E000C330B0A
:10888000290F311D97FD3A9537FD06C0C9012830E3
:10889000310514F087E090E08093D304CADF81E0D3
:1088A00008958091150191E0811190E09093150158
:1088B000882341F08091D3049FEF980F953008F002
:1088C00080E0B7DF81E00895CF93DF93D82FC92FE1
:1088D00081E0809315011092D30480E0AADFD09349
:1088E000B504C093B6041092CD041092D304DF9166
:1088F000CF910895CF93C82F40E150E06FEE77E01D
:1089000085E495E00E94DC679091540580E025E4C1
:1089100035E0F9012F5F3F4F4081840F45E024355A
:108920003407B9F7981302C0CC2341F040E150E07E
:1089300064EE75E285E495E00E948567CF91089525
:10894000AF92BF92DF92EF92FF920F931F93CF935C
:10895000DF93D82E092F162F7A01A62EB12CFA01FB
:1089600060817181A5010E94DC67F701C081D1811E
:10897000CA0DDB1DD183C083CE010E94EC67282F76
:108980002196F701D183C08390E0115038F0ED2D8E
:10899000F02F8191980FDE2E0F2FF7CF81E0291352
:1089A00080E0DF91CF911F910F91FF90EF90DF90CA
:1089B000BF90AF9008950F931F93CF93DF938C01D7
:1089C000EB01AB0170E060E00E94AF67009719F027
:1089D000EC01C01BD10BCE01DF91CF911F910F9104
:1089E00008951F93CF93DF93EC01162F70E0E3DF20
:1089F000FE01E80FF11D8E2F8C1B811718F480E209
:108A00008193F9CFDF91CF911F910895A4E0B0E059
:108A1000ECE0F5E40C944B676C01142F79016F3F87
:108A200071F080E7F901808384E7818380E28283AB
:108A30006F5C638384830550C90105967C01402FD8
:108A4000B701F601858596850E94B937F6018781C1
:108A50008F3FF1F080E289831C82812F90E0AE018C
:108A60004E5F5F4F62E001960E947129602F70E0B7
:108A7000C701A1DF982FDE011196F701E80FF11D64
:108A80008D5F901728F42D919F5F21939813F9CF54
:108A9000602FC701A6DF2496E8E00C946767CF92A9
:108AA000DF92EF92FF920F93CF93DF93E090260433
:108AB000F12CC701880F991FE80EF91EC701845FCA
:108AC0009A4F7C01FC01858DABDB6C0180E00E943C
:108AD000E62CEC01219647E250E060E277E2CE011D
:108AE0000E94A06767E2CE017CDF81E00E94E62C55
:108AF000EC0147E250E061E177E201960E94A06755
:108B0000809126048F5C8E8397E09F83F701848D8C
:108B10008F5C8D879E879E01215F3F4F09E1468DC7
:108B20006FEFC60173DF87E27E01E80EF11CF701EB
:108B300032979081903211F48150F6CFC8E2C81B71
:108B4000F601C73088F4818592854C2FB7010E94C9
:108B5000B9376C2FC70145DFDF91CF910F91FF909F
:108B6000EF90DF90CF90089583859485EECFEF92BC
:108B7000FF920F931F93CF93DF937C01162F042F47
:108B8000C62FD0E0BE0117DF282F1817A9F02197B4
:108B9000CE0DDF1D8E0D9F2D911DFE013C2F3E1B26
:108BA000311750F40197321728F4DC013C913083DF
:108BB0003197F4CF0083FCCFCDB7DEB7E6E00C945D
:108BC0006967EF92FF920F931F93CF93DF93F82E75
:108BD0008B018FE2E82EE0927004DB018C9190E033
:108BE00040E261E774E087599E4F0E94B93781E700
:108BF00094E00E94D367EC01CF58DB4F8FEF8F0DCD
:108C0000823018F563ED75E2CE010E948E67CE01C9
:108C10000E94D367C80FD91FFE018EE28193D8014D
:108C20008C9190E043E0BF0187599E4F0E94B93775
:108C3000B2E0FB1202C08EE789831C8280E794E0D9
:108C4000CDB7DEB7E6E00C946967B3E0FB1220C055
:108C500069EC75E2CE010E948E67CE010E94D36757
:108C6000C80FD91FF8018081833029F08181805D90
:108C70008883E9822296F8018481AE0163E090E066
:108C80000E94712940E363E0CE0171DF2396C4CFD7
:108C9000F110F1CF62EC75E2CE010E948E67CE0139
:108CA0000E94D367FE01E80FF91FD80113968C913B
:108CB0008F5B8083EF012296E182DDCFA0E6B0E0FA
:108CC000E4E6F6E40C944167182F65966FAF65975C
:108CD00066967FAF66972091DE026D962FAF6D97F7
:108CE00083E08093DE020E94583566966EAD7FADBC
:108CF0006697812F66DF5C010E945E3685E0809377
:108D0000B004113039F01111E1C080914905882378
:108D100009F4DCC0B50180E994E00E94CC6780E9E9
:108D200094E00E94D367FC01E357FB4F8EE78083FA
:108D300080E994E00E94E7366096BFAEAEAE6097E1
:108D400041E0BE01695E7F4FCE01825B9F4F0E9472
:108D5000BB198111BBC08F89988D9A838983CE01FD
:108D60008E5B9F4F9CA78BA760966EAD7FAD609783
:108D70008B970E9402238111A9C069A57AA561156C
:108D8000710509F4A3C0655F7F4F45E150E0CE0156
:108D90008D960E948B2446E150E0BE01695E7F4FB4
:108DA000CE0101960E948B2460E974E0CE01019609
:108DB0000E940223843009F089C0CE0101960E94EE
:108DC0000A28811183C0EB88FC8843E150E0BE0192
:108DD000615D7F4FC7010D960E948B248DA5806237
:108DE000D7011B968C93EF89F88D81E084834D8D9C
:108DF0005E8D6F8D78A18F819885A985BA8548177A
:108E000059076A077B0709F457C0F701838584FF78
:108E100053C009811A814489558970E060E0BA0124
:108E200055274427828D938DB0E0A0E0482B592B25
:108E30006A2B7B2BC8010E940F1C462F572FBC01A9
:108E4000411551056105710509F440C0C8010E9432
:108E50004D1C81113BC009811A81D801A15BBF4F14
:108E60008C918E3249F58F819885A985BA85F80154
:108E70002081233061F442A153A164A175A1481758
:108E800059076A077B0719F480E090E0DC0198013C
:108E900028593F4FF90191838083CD01AA27BB2731
:108EA00026503109F90180832F5F3F4FF9019083EC
:108EB00081E0D80114968C93CE0147960E942C1F16
:108EC000811104C08F89988D0E94E9356AE0C5013F
:108ED0000E94C736182F853009F053C1F50131962D
:108EE0006A96FFAFEEAF6A976A96AEADBFAD6A976E
:108EF0001D916A96BFAFAEAF6A97112309F43CC1CA
:108F00001F3291F71E926896BFAFAEAF6897BEA6AC
:108F1000ADA641E0BE016F5F7F4FCE018D960E94EE
:108F2000BB19082F81111FC1CE0147969E8B8D8BD7
:108F30006DA57EA546970E940223082F811106C0C9
:108F40006896EEADFFAD68971083CECF843009F000
:108F50000AC140E050E0BA0189819A810E94481F0D
:108F60006B017C01C114D104E104F10409F4F4C0E3
:108F700089819A8102E0F1E0CF16D104E104F10485
:108F800009F4EBC001E02FEFC216D206E206F206AA
:108F900009F4E3C040E050E0BA010E944D1C082FE4
:108FA0008111DBC009811A81B701A601C8010E94A5
:108FB0000F1C2B013C0118012EE2220E311CC801AE
:108FC000825D9D4F41018816990609F08DC0980178
:108FD000275C3F4FC1012817390709F089C02EE2ED
:108FE000F80126A780E181AF80ECEC5BFF4F808326
:108FF00088E0319680838FE8319680838EE33196C6
:1090000080833196D182C082C701AA27BB2764968C
:109010008CAF9DAFAEAFBFAF64973697808362963B
:10902000AEADBFAD6297AB2FBB276C96BFAFAEAFF7
:109030006C973196A08340E250E0B101C801825B99
:109040009F4F0E948B24F801E15BFF4FBEE2B0838B
:109050004F81588569857A85E981FA8180818330DD
:1090600061F482A193A1A4A1B5A1481759076A0789
:109070007B0719F440E050E0BA01D801A859BF4F6E
:1090800011965C934E93AB016627772716974C9306
:1090900011965C931281111130C0CE0101960E948D
:1090A0000A28082F811159C0EB89FC8980E1838748
:1090B00080EC868B88E0878B8FE8808F8EE3818FB2
:1090C000D38EC28E61962FAD6197248B6B968FAD38
:1090D0006B97858B89819A8121E0DC0114962C9312
:1090E0000E94E935082F3FC0F40111924F016BCF68
:1090F00040E2DC014D93CD016ECFD301C201019658
:10910000A11DB11DA1968CAF9DAFAEAFBFAFA19712
:1091100089819A81DC019A964D925D926D927C9242
:109120009D9721E014962C9340E050E0BA010E94F4
:109130004D1C082F811111C0C1018816990641F4F8
:109140001150A1964CAC5DAC6EAC7FACA197A3CF97
:10915000FC011192CF01F1CF07E0B701A60189818F
:109160009A810E9418248FE26896EEADFFAD689751
:109170008083077F09F4B8CE6AE0C5010E94C73634
:10918000182F111183C082E599E4A6E4B6E489831F
:109190009A83AB83BC83AE01495E5F4F64E070E0AD
:1091A000CE0101960E9406266696AEADBFAD6697CB
:1091B000EC914CED50E0E23071F04CE655E0E330DC
:1091C00051F040E0E53020F4F0E0E85DFE4F4081F2
:1091D00050E0445F5F4F445E5F4F70E060E0498362
:1091E0005A836B837C83AE01495E5F4F64E070E01D
:1091F000CE0101960E9406268DE492E4ABE4B3E52D
:1092000089839A83AB83BC83AE01495E5F4F64E080
:1092100070E0CE0101960E9406268EE691E6ADE64C
:10922000B5E689839A83AB83BC83AE01495E5F4F09
:1092300064E070E0CE0101960E94062680E190E095
:10924000A0E0B0E089839A83AB83BC83AE01495E22
:109250005F4F64E070E0CE0101960E940626AE01E9
:10926000495E5F4F60E170E06696EEADFFAD6697D8
:10927000858196810E9406266BE67DE266968EAD1C
:109280009FAD66970E94F92C0E945E360E94AC3713
:109290006D96FFAD6D97F093DE02812FC05ADF4FC0
:1092A000E2E10C945D678F929F92AF92BF92DF9242
:1092B000EF92FF920F931F93CF93DF93CDB7DEB75B
:1092C00065970FB6F894DEBF0FBECDBF082F7B01A8
:1092D000142FD090DE0282E08093DE020E94583587
:1092E000B701802F6EDCB82E092F0E945E3685E014
:1092F0008093B00461E08B2D902F0E94C736082F19
:10930000811115C0AE01405F5F4F64E070E0CE0197
:109310000C960E9498248C859D85AE85BF858235EC
:109320009944A644B644D9F00E945E3605E10E94F5
:10933000AC37102FD092DE02812F65960FB6F894CD
:10934000DEBF0FBECDBFDF91CF911F910F91FF9078
:10935000EF90DF90BF90AF909F908F900895AE01F7
:10936000405F5F4F64E070E0CE0108960E94982451
:10937000AE01405F5F4F64E070E0CE010C960E944A
:1093800098248C859D85AE85BF858D349244AB44F1
:10939000B34551F64091920750919307609194071D
:1093A000709195078091960790919707A0919807E3
:1093B000B0919907481759076A077B0771F40E9413
:1093C0005E360E94AC37112309F4B4CF6BE57BE322
:1093D000C7010E94F92C10E0ADCFAE01405F5F4F96
:1093E00064E070E0CE010C960E949824AE01405FCC
:1093F0005F4F64E070E0CE0108960E9498248C854F
:109400009D85AE85BF858F3642E694074AE6A40760
:1094100040E2B40709F044C0112309F487C0AE014B
:10942000405F5F4F64E070E0CE010C960E9498248C
:10943000FE01339685E0DF011D928A95E9F7EC8500
:10944000E150E9838D85811128C0D70111968C9157
:109450008A8300E0E53020F4F0E0E85DFE4F008113
:10946000402F50E070E060E088859985AA85BB8533
:109470000497A109B109481759076A077B0709F042
:1094800055C0CE0101960E94392D602F70E0AE01CB
:10949000405F5F4F0E9498247DCF8150990BD8CFB9
:1094A0008E369146AD46B54609F040C0D7011596B7
:1094B0008D919C910097D1F188849984AA84BB8472
:1094C000B0E18B169104A104B10428F020E1822EB2
:1094D000912CA12CB12CAE01405F5F4FB4010E94D2
:1094E000982488859985AA85BB8588169906AA0639
:1094F000BB0608F04FCF40919207509193076091BF
:10950000940770919507840F951FA61FB71F9C01A4
:10951000AD01281939094A095B092A8B3B8B4C8B11
:109520005D8BCA01B9010E94232034CF488559853B
:109530006A857B858091920790919307A09194070B
:10954000B09195074A015B01880E991EAA1EBB1EA9
:109550008A8A9B8AAC8ABD8AC501B401E4CFA7E0A0
:10956000B0E0E5EBFAE40C944F6787E0E9E1F1E065
:10957000DE01119601900D928A95E1F789E191E063
:109580000E943835E82FF0E0E752FB4F0081015090
:109590000D8341E0BE016F5F7F4F83E084DE182FB3
:1095A000811109C089E191E00E943835E82FF0E08F
:1095B000E752FB4F0083812F2796E4E00C946B6702
:1095C000A7E0B0E0E6EEFAE40C9451671092630471
:1095D00089E191E00E943835E82FF0E0EE0FFF1F9F
:1095E000E85DFB4F818180931C0189E191E00E943D
:1095F0003835E82FF0E0EE0FFF1FE85DFB4F80816C
:1096000080931D0181E594E090931F0180931E01DA
:109610001092CD0481E08093D3048093610487E0AD
:10962000E9E1F1E0DE01119601900D928A95E1F7F2
:1096300040E0BE016F5F7F4F80E035DE882341F060
:1096400040E150E06FE377E281E594E00E948567B6
:109650002796E2E00C946D678091D10490911A01F5
:10966000981304C09091F204992329F080931A0171
:109670001092F204A5CF08950F931F93CF93DF9319
:10968000EBDF80E00E94E62CEC018C010F5F1F4FA6
:10969000C8010E942C436FE0C801A3D980916104E6
:1096A000882331F080916304811102C085EA8F879D
:1096B00080911C018F5B888B8E010F5E1F4F809104
:1096C0001D01A80163E090E00E94712940E363E07E
:1096D000C8014DDA65964FE050E061E574E0CE01D7
:1096E0000E94BC676FE0CE017CD91091630481E0D9
:1096F0000E94E62CEC010196111130C02091620409
:1097000047E250E0222309F163EC77E20E94A06770
:1097100087E08D838A8787E08BA39091630480E242
:10972000913029F48091CD04882339F18FE580931D
:1097300017018091D304811122C080E18093D2046B
:10974000DF91CF911F910F9108956BE977E20E940D
:10975000A06787E08A878F878C8BDDCF47E250E058
:1097600063E777E20E94A06787E08D838A878F870F
:109770008C8B898F9FE79E8BCFCF8FEFD8CF813097
:1097800029F48FEF9130D1F683E1D8CF8D5ED6CF1B
:10979000109262048091D10480931A010E94B13723
:1097A00081110E94E1400CDF1092F20481E080936D
:1097B00064040895A7E0B0E0E0EEFBE40C944B678E
:1097C000182F809146058350823030F440E070E0DD
:1097D00060E0812F0E948B34103F11F510924A01F6
:1097E00010924901109248011092B00480914801F2
:1097F00090914901FC01E454FA4DE4911E1353C0C9
:1098000001969093490180934801069708F441C05E
:1098100081E08093B004109249011092480139C050
:109820008091B004823009F457C080F58823F1F2AA
:1098300080914801909149019C012F5F3F4F3093E7
:109840004901209348018A5B9E4FFC01108322301E
:109850003105F9F4109249011092480182E0809399
:10986000B004E0914601E63110F5E13180F5E630D3
:10987000A0F4EE23C1F0E150F0E0E85DFE4F8081FE
:1098800090E0909345018093440103C0833009F434
:1098900056C02796E8E00C9467678091470190E0F6
:1098A0000296EF3071F383E08093B004F2CFEA3197
:1098B00021F030F4E651E330B0F781E090E0E1CF01
:1098C000EF3189F73093450120934401E2CF1092A4
:1098D000450110924401DDCF40914801509149016A
:1098E000BA01769567952091440130914501E09148
:1098F0007701F0917801E60FF71F40FF1BC01F7042
:109900008081182B10836217730728F480914A0115
:10991000180F10934A014F5F5F4F509349014093D6
:1099200048012F5F3F4F220F331F4217530708F0A4
:10993000BACFAFCF112F1295107F1083ECCF173F06
:1099400009F0A0C00091770110917801E0914401E5
:10995000F0914501E00FF11F908180914A01981329
:1099600091C08091450580FD8DC0D090DE0284E0DD
:109970008093DE029E012F5F3F4F790187E0F9015E
:1099800011928A95E9F7609147018091D10466238D
:1099900021F0262F2150330BC9018A83E091460123
:1099A000E631B0F4E13108F05EC0E63020F4E111B8
:1099B00041C085E053C0EF30E1F7462F50E0B801D9
:1099C0006E5F7F4FF801808191810E94BC6745C026
:1099D000EA3129F030F58AEE8E0F833050F7E651E8
:1099E000E9836C83F80180818D8380E994E09F8313
:1099F0008E836A3108F43FC04FE050E060E270E0CF
:109A000080E994E00E94C56710929F0400E020E185
:109A100040E954E060914701809146010E940F3176
:109A20001CC0EF3131F6F8014081518101E0262F51
:109A30008FE0F4CFE150E983F0E0E85DFE4FC080B5
:109A4000CC2041F0C7010E94392D4C2D50E0B801C7
:109A50000E94BC67C7010E945B3B84E08093B00416
:109A6000D092DE0216CFE151E98366E671E3C701C9
:109A70000E94F92CF2CF40E0B70180E014DC8111A4
:109A8000BBCFC4CF85E010CFA7E0B0E0EAE4FDE4AF
:109A90000C944C67F82E092F87E0EF2DF92FDE018B
:109AA000119601900D928A95E1F78F2D0E9438351D
:109AB000E82FF0E0E752FB4F10811D83BE016F5F7E
:109AC0007F4F83E0FBD81F5F1D83BE016F5F7F4F19
:109AD00083E077D8D82EE92E0E94583585E0809310
:109AE000B0048D2D9E2D0E94E7360E94AC378F2D3D
:109AF000902F0E943835E82FF0E0E752FB4F10839B
:109B00002796E7E00C9468670E94B13789E191E0FD
:109B1000BBDF25CDAEE0B0E0E0E9FDE40C9450679A
:109B2000182F883008F45AC082E088871A861B866E
:109B30001C861E861D868091D10489870E94B137BC
:109B40001A30B9F148F4183081F01930B9F081E0D9
:109B50002E96E3E00C946C671E30C9F78AE20E94EF
:109B60009D34CE01089690DFF2CF83E40E949D34AD
:109B7000BE01685F7F4F81E0A1D8E9CF83E50E94F5
:109B80009D3487E0FE013896DE01119601900D921A
:109B90008A95E1F7CE01019677DFBE016F5F7F4FB7
:109BA00081E08CD841E0BE016F5F7F4F82E07BDBBC
:109BB000CECF80E50E949D3487E0FE013896DE011D
:109BC000119601900D928A95E1F7CE0101965CDF26
:109BD00041E0BE016F5F7F4F81E0E9CFE091B504C6
:109BE000F091B60480818F508230A8F420E085E4A3
:109BF00095E0FC0101963081230F35E08435930711
:109C0000C1F72093540540E150E06FEE77E085E422
:109C100095E00E94F46780E09BCFCF93DF93C62F3F
:109C2000813031F0833009F455C0DF91CF91089530
:109C3000662331F18FEF860F80936404D1E06130A9
:109C400009F0D0E089E191E01FDF809119018230B5
:109C500091F188F420911A01811114C04DE551E071
:109C6000249FC001259F900D11246D2F8455984F7E
:109C70000E94834205C0833019F48D2F0E94B642A2
:109C80009FDCD3CF4DE551E0249FC001259F900D6F
:109C900011248455984FC13049F048E450E065E004
:109CA00078E288589F4F0E948567EACF48E468E7CA
:109CB0000E943742E5CF40911A012DE531E0429FE5
:109CC000C001439F900D11246D2F8455984F0E9421
:109CD0009A42D6CF662309F4A8CF8EE30E949D3422
:109CE0000E940343A2CFA7E0B0E0E9E7FEE40C94B2
:109CF000516729833A834B835C836D837E838F8393
:109D0000233019F58091DA0290910609892B909100
:109D1000630A892B9091C00B892B90911D0D892B83
:109D200090917A0E892B9091D70F892B827019F020
:109D3000CE010196A9DE41E0BE016F5F7F4F80E05A
:109D4000B2DA2796E2E00C946D672A818DE591E006
:109D5000289FF001299FF00D1124EA5FF64F8081C2
:109D6000E5CFB0E0A0E0E7EBFEE40C944467D82F29
:109D7000DF70803F09F4EEC3873FC1F0C82FC07F7A
:109D800040915905909146059430A9F466E575E037
:109D90000E948B34C03B09F447C188F5C03991F06B
:109DA000C03A09F4BAC0C03809F489C0CDB7DEB7EB
:109DB000EFE00C946067933069F7C03809F47FC016
:109DC000C03921F7D0905705C0915605DD2009F420
:109DD000A2C081E00E949D34E0910205F09103054C
:109DE000309709F472C06D2D8C2F0995882309F4E2
:109DF0006CC04FEF6FE383E00E94A534D7CFC03D26
:109E000009F42FC308F041C0C03C81F6809145059C
:109E100081FDCCCF1091560542E0D42E5091F30431
:109E20005A3108F0FFC23CE0E32E35E0F32EC0E0EB
:109E300000E06D2FF70180810E94EC30882399F0BB
:109E400082E08093190110921F0110921E01C093AD
:109E50001A015091F30450931C0110931D0100232B
:109E600009F4D1C201E0CF5FF4E0EF0EF11CC6307F
:109E700001F7002309F4F1C20E94B13721E0D216A4
:109E800009F494CFDD24D394C9CFC03E09F409C3AB
:109E9000C03F09F08BCFDC3008F034C3DA3008F073
:109EA0005DC3DD2309F456C3D83009F07FCF80911C
:109EB0002405883208F07ACF0E94ED3C77CF60917C
:109EC00056058D2F0E94303971CF80914405811144
:109ED00002C00E94563C0CE015E08CEAE82E87E0B8
:109EE000F82E94E2A92E95E0B92E4C2F6D2FC801C3
:109EF0000E946435882329F04D2D6C2FC7010E94E4
:109F0000E3380C5F1F4F23EAE21A2EEFF20AA01685
:109F1000B10659F74BCF6C2FD4CFC0915705B090F5
:109F200056051CE0C12E15E0D12E0CEA17E0F12CED
:109F3000E12C4B2D6D2FC6010E946435882399F1C9
:109F4000F801E158FF4FA08081E0A81629F08DEFBD
:109F50008A0D833008F061C06B2DC8018C5B9E4F69
:109F60000E946C2CE82FD801A85BBE4F8C9194E026
:109F7000A91227C08695E817B0F42DE531E0E29EDE
:109F8000C001E39E900DF29E900D11248455984FD0
:109F9000E80FF92FF11DEC53FF4F2C2F4FE060E439
:109FA00080810E94162C8FEFE81AF80A94E0C90EFF
:109FB000D11C035A1E4FE6E0EE16F10409F0B9CFAA
:109FC000F5CEE81780F7F3E0AF12D7CFAE2EAA0C8C
:109FD0008A2C912C8DE591E0E89EF001E99EF00D30
:109FE000F89EF00D1124E80DF91DE059F74F2C2FC4
:109FF0004FE060E480810E94162C2FEF821A920AB3
:10A00000F801E653FF4F8081E1E0EA0D881519045D
:10A0100011F00CF0B2CFE0E0B0CF2C2F4FE060E4B5
:10A02000C8010E94FF2EBFCFC0915605E8E8EC0F93
:10A03000E83008F09EC0F0E0E95EF7490C9416673E
:10A040000CE015E0BCEAEB2EB7E0FB2EC4E2CC2E10
:10A05000C5E0DC2E6D2FF80180810E94EC30882352
:10A0600019F0C7010E9471390C5F1F4FF3EAEF1A14
:10A07000FEEFFF0AC016D10669F798CEFCE0CF2E9E
:10A08000F5E0DF2EA6E7EA2EA8E0FA2E10E000E0C9
:10A090006D2FF60180810E94EC308823E1F0F701FA
:10A0A00011A2C0E0F7018081C817A8F48DE591E006
:10A0B000089FF001099FF00D189FF00D1124E45541
:10A0C000F84FEC0FF11DEC53FF4F68EF80810E94B9
:10A0D000D72BCF5FE7CF0F5F1F4FF4E0CF0ED11C20
:10A0E00023EAE21A2EEFF20A0630110589F65ECE57
:10A0F0000CE015E0ECEAEE2EE7E0FE2E6D2FF80105
:10A1000080810E94EC30882319F0C7010E941E381C
:10A110000C5F1F4FF3EAEF1AFEEFFF0A25E004324F
:10A12000120761F743CE0CE015E06D2FF801808136
:10A130000E94EC30882321F081E08D0FF8018083AC
:10A140000C5F1F4FF5E004321F0779F72FCE0CE0AC
:10A1500015E06D2FF80180810E94EC30882311F00A
:10A16000F80110820C5F1F4FF5E004321F0789F7DA
:10A170001DCE10915705C11103C01093F30416CEE4
:10A1800083E00E949D3470E8672E111101C0612C9C
:10A1900081E0C03609F08FEFA82E880FBB08712E22
:10A1A000770C5CE0852E55E0952E6CEAE62E67E094
:10A1B000F62E6D2FF40180810E94EC30882309F483
:10A1C00074C0C63209F4AEC020F5C43009F47BC0B7
:10A1D000C8F4C13009F463C0272D42E1C23009F44C
:10A1E00060C080914C05823009F0E8C0C23408F0AC
:10A1F000D0C0EC2FF0E0E05CF24D84918F3F09F08D
:10A20000CCC053C0C63069F7F701E65BFE4F6082F1
:10A210004CC0C23609F479C0D0F5C03409F456C038
:10A2200080EA8C0F8230E8F6012FF701E45BFE4FE5
:10A23000D08080E88D0DEEEF803428F020ECEFEF39
:10A240002D1508F0ED2DF0E0E058F34D84918F3F8F
:10A2500061F10E941041FC01AD2DB0E0838192813B
:10A26000C63209F06EC0482F933009F061C008175C
:10A2700024F0448140170CF062C08091450520E035
:10A280006D2D82FD12C0C7010E94E5390EC0C33694
:10A2900009F0A7CFF701E55BFE4F608240C0272D94
:10A2A00041E160E4C7010E94FF2EF4E08F0E911C93
:10A2B00023EAE21A2EEFF20A8AEDE8168FE0F8069A
:10A2C00009F077CF73CD272D43E1EBCFF701E551AF
:10A2D000FF4F103418F081E08083E7CF10826701D0
:10A2E000F0EFCF0ED11CF601818187FF04C06081A1
:10A2F000C7010E948A38F3E0CF0ED11CC7018C5EE3
:10A300009E4FC816D90679F7D0CFD701A45BBE4FB0
:10A31000F701E55BFE4F8081812B8C931082319792
:10A320001082C3CFF701E65BFE4F0081012B7DCF8A
:10A33000081708F4A2CF4481041708F09ECF402FDD
:10A340009CCFAE0DBF1D4C9195019330A9F4240F05
:10A35000311D47FD3A95082E000C990B2817390737
:10A360000CF48BCF8481082E000C990B8217930775
:10A370000CF483CF422F81CF240F311D8217130697
:10A3800011F00CF07ACF8481821713060CF475CF8C
:10A39000F1CF8EEFC63608F488CF0E9410416C01D1
:10A3A000FC0125818C2F512C251581F0F60190851B
:10A3B000981761F09681891B5394F6CFC03708F047
:10A3C00074CFEC2FF0E0E058F24D17CF80914505A7
:10A3D00083FD6BCFF6018081823068F4612FC60166
:10A3E0000E94C92F482FF60186816181589E600D19
:10A3F000112420E048CF00E0212F452D60E0C60168
:10A400000E949B3B52CF22E03C2F40911B01612FC9
:10A4100070911E0180911F0166DC811123CD0E9485
:10A42000443521CD83E08093190110921F011092D1
:10A430001E0110921A015A5150931C0110931D01D4
:10A4400023E030E040911B01612F70E080911F01FB
:10A450004ADC811111CD0E94443581E08093F204E1
:10A46000A5CCC09156050CE015E02CEAE22E27E0C1
:10A47000F22E6D2FF80180810E94EC30882331F09C
:10A480002C2F4FE060E4C7010E94FF2E0C5F1F4F8E
:10A49000F3EAEF1AFEEFFF0A25E00432120749F74C
:10A4A00085CC00915705E0E80E9FC0011124009172
:10A4B0005605080F192F111D82E00E949D34000FD0
:10A4C000111F000F111FC12F0CE015E09CEAE92EAF
:10A4D00097E0F92E6D2FF80180810E94EC308823DF
:10A4E00031F02C2F40E160E4C7010E94FF2E0C5F89
:10A4F0001F4FF3EAEF1AFEEFFF0A25E004321207BE
:10A5000049F754CCDC3069F1DF3009F04FCC06E775
:10A5100018E0D0E0C0E0F12CF8018081F81620F5B9
:10A520008DE591E0C89FF001C99FF00DD89FF00D17
:10A530001124E455F84FEF0DF11DEC53FF4F8081CE
:10A54000E82FF0E0E451FB4F108269EF0E94D72B17
:10A55000F394E2CF809156052DD928CC0E94563C29
:10A5600025CC0E94553922CC2196035A1E4FC63065
:10A57000D10589F61BCCFF920F931F93CF93DF93E6
:10A5800010925004D0911D01F0901C011F2D0D2F31
:10A5900089E191E00E943835E82FF0E0EE0FFF1FCF
:10A5A000E85DFB4F808191818017910709F43FC0DE
:10A5B000809119018230E9F4E0911A0184E0E89F6A
:10A5C000F0011124E45FFA4FC081C111C1508091A4
:10A5D0004605843071F44F2D4F7760E28C2F806BED
:10A5E0000E9483316D2F6F774EEF8C2F806C0E940D
:10A5F00083312091190130911A0140911B01509132
:10A600001C0160911D0170911E0180911F016BDB87
:10A61000882391F081E08093610440E150E06FE392
:10A6200077E281E594E00E9485670E944435CDB7CA
:10A63000DEB7E5E00C946A6710926104F6CFCF9321
:10A64000DF93C82FD62F80915004811194DF809121
:10A650008703809386030E94DF3520E130E030934A
:10A660007703209376033093790320937803309314
:10A670007B0320937A0330937D0320937C033093F4
:10A680007F0320937E0330938103209380033093D4
:10A690008303209382033093850320938403CD307A
:10A6A00010F4C0932704C0939F038EE0C89FB001AD
:10A6B0001124645F794D4EE050E081E993E00E94FF
:10A6C0008567609192037091930348E150E084EFB5
:10A6D00094E00E948567E0919D03F0E0E857FC4F0D
:10A6E000C083DD2339F0E091F404F091F50481E9B1
:10A6F00093E00995E0910605F09107050995DF9132
:10A70000CF910895823110F461E099CF0895B0E0BF
:10A71000A0E0EDE8F3E50C944C67D82FD62E8830F6
:10A7200090F4E091B504F091B604DF01A80FB11DDB
:10A7300013968C9198E0980F923088F4883F49F4F2
:10A740004FE4461748F081E0CDB7DEB7E7E00C9460
:10A7500068675FE25617B8F38385D4DFF4CF8D2F97
:10A760000E942B2B8F3F79F30E9410417C01809136
:10A770004805882309F443C001E010E00D2E02C013
:10A78000000F111F0A94E2F78091B1048023B9F5FC
:10A790008D2F0E944D41C82F8D2F0E94122B682FA4
:10A7A0004C2FC7010E94832FC82F6D2DC7010E9417
:10A7B000C92FF70192819330E1F52C2FCC0F330B89
:10A7C000281B310987FD339537FF03C0319521954B
:10A7D0003109F70184819381891B90E045E09595CB
:10A7E00087954A95E1F78217930724F48081843096
:10A7F00009F0A9CF8091B104082B0093B104D09344
:10A80000D3048D2F0E944D41D82F8091D3040E94F4
:10A81000122BC82F6D2DC7010E94C92F282F01E0D0
:10A820004D2F6C2FC7010E949B3B82E08093CD048B
:10A830008ACF4C2F481B550B9A01C6CF0F931F93FD
:10A84000CF93DF93D82F853078F4C091D3045FDFA6
:10A85000D11104C0C093D3041092CD0481E0DF91E4
:10A86000CF911F910F910895D550DD0F8091D104A4
:10A8700023E030E00D2E01C0220F0A94EAF7209564
:10A8800044E0849F80011124045F1A4FF801C381C2
:10A890002C2370E095E0759567959A95E1F7AB01EB
:10A8A00002C0440F551FDA95E2F7EA01C22B0E945D
:10A8B000B0308C23F8019381891781F283830E9441
:10A8C000073BCCCF682F8091CD04882361F0809125
:10A8D000D3049EEF980F923028F419DF1092CD0424
:10A8E00081E0089580E008958091D304883080F459
:10A8F000E091B504F091B604DF01A80FB11D87FD0A
:10A90000BA9513969C91985F923020F48385FADE75
:10A9100081E008950E942B2B8F3FD1F30C94D02916
:10A920002091D30424300CF4DFCF245081E090E058
:10A93000AC0102C0440F551F2A95E2F79A01E0913D
:10A94000D10454E0E59FF0011124DF01A45FBA4F68
:10A9500013968C91982F922381F4ACE0B5E0139676
:10A960004C911397922F9095942313969C93139741
:10A97000149695E0A432B90791F78227E45FFA4F65
:10A980009381981731F083838FEF0E94B0300E943B
:10A99000073B81E0089580912704B4CEA7E0B0E0A2
:10A9A000E4EDF4E50C9450678830D8F5E82FF0E03A
:10A9B000E15EF7490C94166769E171E081E00E945D
:10A9C0005E46E9DF2EC087E0E9E1F1E0DE011196A5
:10A9D00001900D928A95E1F7CE01019655D8BE01FE
:10A9E0006F5F7F4F81E00E945E4641E0BE016F5F76
:10A9F0007F4F82E00E945349E4CF87E0E9E1F1E034
:10AA0000DE01119601900D928A95E1F7CE01019633
:10AA10003BD841E0BE016F5F7F4F81E0EBCF0E94EA
:10AA2000AF4A81E02796E3E00C946C6787E0E9E1A8
:10AA3000F1E0DE01119601900D928A95E1F789E12E
:10AA400091E00E943835E82FF0E0E752FB4F10818B
:10AA50001F5F1D8341E0BE016F5F7F4F83E00E9457
:10AA600053498111DECF89E191E00E943835E82F0A
:10AA7000F0E0E752FB4F1083D4CF89E191E004D896
:10AA8000A0CFCF93C0911501CC2321F0873029F5B9
:10AA900082DF23C08330C1F08730D1F381111DC024
:10AAA00080916F0480FF19C061E08FEF97E00E94F2
:10AAB000FD6788E198E00FB6F894A8958093600050
:10AAC0000FBE90936000FFCF8091D304863044F492
:10AAD00090916F0491FD0E945D4381E0CF910895B4
:10AAE0008C2F0E94194480916F0481FF03C08C2F2A
:10AAF0000E945D43CF5FC63099F7EFCFCF93C82F49
:10AB00008091910391EF980F923040F480919C03D3
:10AB1000F9DD8C2F0E94EE2CCF9108958D30E0F757
:10AB20008C0F8F3F21F08B309CF380E0F1CF8AE0D7
:10AB3000EFCFCF93DF93C82F8091B4049091CD04D1
:10AB400091113FC08C0F87FD30C09091D104692FC7
:10AB500070E04DE551E0949F9001959F300D1124D8
:10AB6000F901E85DF74F275D374FD9019C912081AE
:10AB7000291708F4292F4DE551E0649FF001659FE6
:10AB8000F00D749FF00D1124E65DF74F9081921740
:10AB900008F4922F282F082E000C330B921713065F
:10ABA00051F04CF08093B40402C08FEFA7DF81E036
:10ABB000DF91CF9108958FEF890F1C169CF781E0EC
:10ABC000F5CF91E09093CD04D091D304D43060F5CB
:10ABD000815087FDECCFD13009F452C038F5D11146
:10ABE000E6CF62E00E94E1294091D104E82FF0E035
:10ABF000EE0FFF1FB096EF732DE531E0429FC001CD
:10AC0000439F900D11248455984FE80FF92FF11DA3
:10AC1000E058FF4F9081892F8F77C80FC7FDC7CFAE
:10AC200090789C2B9083C3CFD450D3CFD250D230C6
:10AC300008F0BDCF6D2F0E94E1292091D10490E151
:10AC4000D99FB0011124680F711D6F718DE591E0DE
:10AC5000289FF001299FF00D1124E455F84FE60FCD
:10AC6000F11DE058FF4F80810C2E000CDD0BC80F4A
:10AC7000D11DCF3FD10511F008F099CFC08397CFF8
:10AC800062E00E94E1296091D104462F50E0282F14
:10AC900030E0220F331F205E3F4F2F7330E0EDE591
:10ACA000F1E06E9FC0016F9F900D11248455984F65
:10ACB000820F931FFC01E058FF4FD081D7FF2CC0BB
:10ACC0008F579F4FFC018081805890E001968C0F38
:10ACD000911DC7FD9A958130F1E09F0708F067CF7D
:10ACE000F90131960097D9F46DE571E0469FC001F6
:10ACF000479F900D569F900D11248455984F280F13
:10AD0000391FD901A058BF4FDF77DC93E80FF91F37
:10AD1000E058FF4F10824BCF90E080E0D8CFADE5F8
:10AD2000B1E04A9FB0014B9F700D5A9F700D1124E6
:10AD30006455784F260F371FD901A058BF4FD068F0
:10AD4000DC93E60FF71FE058FF4F815880832FCF29
:10AD5000811103C01092B40408958FE78093B40466
:10AD60008FEFE7CE9093B6048093B5041092CD0494
:10AD700084E08093D30480E0DCCE0F931F93CF93C5
:10AD8000DF93D82FC091D3048091CD048823F9F0AC
:10AD90008C2F0E942B2B182F8F3F81F08C2F0E941D
:10ADA0004D41082F8C2F0E94122BC82F812F0E94FB
:10ADB00010412D2F402F6C2F0E94DB3B81E08093B0
:10ADC000CD0481E0DF91CF911F910F910895CD0FB8
:10ADD0002091B5043091B604C83050F4F901EC0F5D
:10ADE000F11DC7FDFA9583818F3F39F4CD0FF4CF64
:10ADF0008FEFC7FF81E082DEE4CFC093D304E1CFC1
:10AE00009091D3042091CD04222319F094300CF4B6
:10AE1000B4CF890F87FF04C08FEF70DE81E0089503
:10AE20008A3014F081E0F9CF8093D304F7CF8111F9
:10AE300005C08FEF8093D30481E0E2CF89E0809357
:10AE4000D3040895811105C08FEF8093D30481E06E
:10AE500094CF88E08093D3048FEFFACF9093B60419
:10AE60008093B5041092CD048FEF8093D30481E0DA
:10AE700084DF1092B1040895F1DF8FEF8093D30443
:10AE800081E0BECFCF93DF93C82FD0919103809103
:10AE90009F03823110F460E0D2DBE0910A05F0916B
:10AEA0000B056C2F8D2F0995DF91CF910895E091BF
:10AEB000B504F091B6048381813009F4E3DF81E0C9
:10AEC0000895809124048F5FDDDF81E0089586304E
:10AED00069F4E091B504F091B6048381823020F0EA
:10AEE000809124048F5FCEDF81E008958730E1F701
:10AEF000E091B504F091B60481E09381923098F32B
:10AF000080E0F1CFEF920F931F93CF93DF93CDB7F4
:10AF1000DEB728970FB6F894DEBF0FBECDBF182F4F
:10AF2000809163048111B0C080915004811123DBB2
:10AF300080916204811180C0183008F04EC0E12F6A
:10AF4000F0E0E95DF7490C941667809119018330B0
:10AF5000F9F41092190189E191E00E943835E82F47
:10AF6000F0E0EE0FFF1FE85DFB4F818180931C0135
:10AF700089E191E00E943835E82FF0E0EE0FFF1FE5
:10AF8000E85DFB4F808180931D010E94E04A25C04F
:10AF90008F5F80931901DFCF81E594E00E942C43FD
:10AFA00088E0E0E2F1E0DE01119601900D928A95D1
:10AFB000E1F7E090640409811A812B813C814D8185
:10AFC0005E816F81788581E00E94A64006C066E6BA
:10AFD00071E389E191E00E94F92C81E028960FB697
:10AFE000F894DEBF0FBECDBFDF91CF911F910F91BF
:10AFF000EF90089581E08093630492E09093D304EE
:10B000008093CD044FE050E06FE377E281E594E078
:10B010000E947867892B09F74FE050E060E270E00A
:10B0200081E594E00E94C567D8CF8EE06BDBD5CF79
:10B0300081E080936204D1CF123009F120F4111124
:10B0400008C08FE0F3CF1630E1F0173031F6A3DC03
:10B05000C4CFFE01329687E0DF011D928A95E9F7A1
:10B060008FE497E2482F9E838D83E12C02E01A81C2
:10B070002B813C815E816F81788583E0A5CF81E162
:10B08000D5CF91E08927D5CF183008F0A6CFE12F92
:10B09000F0E0E15DF7490C941667E091D3040E2EC1
:10B0A000000CFF0BE15BFB4F81E4808396CFE091C6
:10B0B000D3040E2E000CFF0BE15BFB4F81E6F5CFB6
:10B0C000E091D3040E2E000CFF0BE15BFB4F81E3FC
:10B0D000ECCF8091D304082E000C990BFC01E15BAE
:10B0E000FB4F20E22083019606C08091D304082EF6
:10B0F000000C990B01978131910514F080E190E0EB
:10B1000097FD80E08093D30468CF8091D304082E0C
:10B11000000C990BE8CF69E171E080E00E945E4687
:10B12000811103C00E94443530CF0E94E14055CFC9
:10B13000A7E0B0E0EEE9F8E50C944F6740916304B6
:10B14000442329F09091CD04913009F0A0C0E09102
:10B15000D304282F082E000C330BE1112DC0909141
:10B160001C01290F311D97FD3A952A31310514F044
:10B1700029E130E037FD20E020931C01413009F047
:10B1800041C09091CD04911112C02091D304082E9A
:10B19000000C990B820F911D27FD9A958131910525
:10B1A00014F080E190E097FD80E08093D30481E08B
:10B1B0002796E4E00C946B67E13071F490911D01E7
:10B1C000290F311D2038310514F02FE730E037FD0D
:10B1D00020E020931D01D2CF0E2E000CFF0BE15B6F
:10B1E000FB4F9081290F311D97FD3A95203831058D
:10B1F00014F02FE730E02032310514F420E230E083
:10B200002083BCCF4111D3CF80911C0100911D013F
:10B21000182F89E191E00E943835E82FF0E0EE0F19
:10B22000FF1FE85DFB4F808191818017910709F432
:10B23000BECF80914E052AE0829FC0011124892B48
:10B2400011F499D9B4CF87E0E9E1F1E0DE0111967C
:10B2500001900D928A95E1F740E0BE016F5F7F4F4C
:10B2600080E00E945349882341F040E150E06FE3C1
:10B2700077E281E594E00E9485670E9486357093AD
:10B280004F0460934E0481E08093500490CF41308E
:10B2900009F477CF8CCF40E20C94B7450F931F93FE
:10B2A000CF93DF930E942C4B80E00E94E62CEC01B0
:10B2B0008C010F5F1F4FC8010E942C436FE0C80133
:10B2C0000E94F14447E050E06EE67CE2CE014696F3
:10B2D0000E94A0676E9689E191E00E943835E82FC0
:10B2E000F0E0E752FB4F8081AE0163E090E00E9406
:10B2F000712963E0CE01CFDF81E00E94E62CEC01F2
:10B3000047E250E066E47CE201960E94A06787E095
:10B310008D838A87898F8E8F8BA3DF91CF911F9129
:10B320000F910895B0E0A0E0E8E9F9E50C944B67CF
:10B3300000E0802F0E94E62CEC011091B404100F65
:10B34000FF24FA94F10E48E250E060E270E00E94BF
:10B35000C567F7FCBAC080E389831A3030F01A5011
:10B3600089818F5FF9CF01E0E4CF105D1A8362E03D
:10B370008F2D0E94E129682F87E08B838A876111D6
:10B3800003C085EA8B878C834091D1042DE531E0A1
:10B39000429FC001439F900D1124845E974F0E94ED
:10B3A000712F262FE72ED82E192F992309F486C046
:10B3B000BE016B5F7F4F822F0E94A72F80E288879C
:10B3C000112309F47FC081E0D11084E08F876E01E2
:10B3D00020E1C20ED11CA60163E08E2D90E00E94F8
:10B3E000712963E0C60157DF60E08F2D0E94E129DB
:10B3F0009091D104E82FEF714DE551E0949F9001B9
:10B40000959F300D11242455384FE20FF32FF11D75
:10B41000E058FF4F9081811102C085EA8D8B6E014B
:10B420008AE1C80ED11CA60163E0892F90E00E943A
:10B43000712963E0C6012FDF87E08C8B61E08F2DDF
:10B440000E94E1299091D104E0E1E80FEF714DE510
:10B4500051E0949F9001959F300D11242455384F51
:10B46000E20FF32FF11DE058FF4F9081811102C0D0
:10B4700085EA8F8F7E0124E2E20EF11CA70163E0D2
:10B48000892F90E00E94712963E0C70104DF87E003
:10B490008E8F013009F067CF8091CD049FE5811137
:10B4A00001C09FEF90931701811118C08FEF809317
:10B4B000D204CDB7DEB7E8E00C9467678DE28E83E7
:10B4C0008F837CCF85E08F878FCF45E250E060E2AD
:10B4D0007CE2CE0103960E948567DBCF8091D30486
:10B4E00090E0843010F0845098E29C5F2AE0829FC4
:10B4F000900D11248695890FDACFB0E0A0E0E3E843
:10B50000FAE50C9449670091150180E00E94E62C51
:10B51000EC01002309F4DFC010916E04812F0E941A
:10B52000DA346EEF812F0E94C83488EA91E60197E1
:10B53000F1F76FEF812F0E94C834E12FF0E0E85956
:10B54000FB4F80831F5F163068F510936E0444E054
:10B5500050E06DEA7BE2CE010E9485670E94CD300B
:10B560008E010C5F1F4FA80165E00E94712965E004
:10B57000C80191DE44E050E068EA7BE2CE010A9621
:10B580000E948567065F1F4F0E94CD308652904F04
:10B59000EAEDFFE0E817F90740F42081253A29F4A5
:10B5A0003196F8CF10926E04D2CFA80165E0CF019A
:10B5B0008A5D9F400E94712965E0C8016CDE44E00D
:10B5C00050E063EA7BE2CE0144960E948567809159
:10B5D00067048E01085E1F4FA80163E090E00E949F
:10B5E000712963E0C80157DE44E050E06EE97BE278
:10B5F000CE014C960E94856780916504282F30E02B
:10B6000054E0359527955A95E1F72A3008F056C051
:10B61000205D28A38F708A3008F052C0805D89A316
:10B620008091660460E0873010F46091660483E0E6
:10B63000689FB00111246857744D43E050E0CE017B
:10B6400084960E94856781E00E94E62CEC0144E02C
:10B6500050E063E87BE20E94856748E6E42E44E020
:10B66000F42E8E010C5F1F4F6E019CE1C90ED11CA0
:10B67000F70181917F018F3F29F543E050E06FE7AB
:10B680007BE2C8010E9485670C5F1F4FC016D10680
:10B6900079F746E050E068E77BE2CE014D960E94E4
:10B6A000856744E050E063E77BE2CE0184960E9428
:10B6B0008567CDB7DEB7EAE00C946567295AA9CF54
:10B6C000895AADCFA80163E090E00E94712963E040
:10B6D000C801E1DDD9CF48E050E065EE7BE201969C
:10B6E0000E94856786E7B82EBB8691E3A92EAC86BB
:10B6F0002EE2C22ECD8684E38E8741E150E063EDD9
:10B700007BE2CE0140960E9485671091D304812F81
:10B710000E94DA346CEF812F0E94C83438EAE32E9D
:10B7200031E6F32EC7010197F1F76FEF812F0E94E9
:10B73000C834D82E6DEF812F0E94C834F70131979D
:10B74000F1F76FEF812F0E94C83491E3910F9D8B29
:10B75000F1E0DF120CC0AE8EBCA2982F92959F70C4
:10B76000905D9DA3CEA28F70805D8FA301E0163007
:10B7700041F443E050E06FEC7BE2CE014E960E9434
:10B78000856787E08F8781E00E94E62CEC0180913D
:10B790006F0480FF08C047E050E067EC7BE2CE0119
:10B7A00001960E94A06787E08F8780916F0481FFD8
:10B7B0000CC0CE01409647E050E06FEB7BE20111F8
:10B7C00002C067EB7BE20E94A06744E050E062EBBE
:10B7D0007BE2CE0184960E94A0676BCFEF92FF922E
:10B7E0001F93CF93DF9380E00E94E62CFC01EC01D5
:10B7F00021964091B5045091B604DA0113968C91CC
:10B80000823009F44FC0A0F42496811145C0CF01C5
:10B81000835B9F4F2FE6DC012C9301962BE6DC0126
:10B820002C938FE2818381E2828386E0838303C04D
:10B8300019E1833009F013E2FA016781708561151F
:10B840007105C9F1412F50E0CE010E94A067612F20
:10B85000CE010E94F144E090B504F090B604D70107
:10B8600019968D919C91009771F10E94D367BC014C
:10B87000AB015527212F30E0C901841B950B0196A0
:10B880008C0F9D1FDC01EC91E034C1F02C0F3D1FAB
:10B89000D901EC931150ECCF8BE5818389E682834B
:10B8A0008DE5C4CF88E281838FE3828389E283833D
:10B8B000EF012596C0CF80E48883CDCFF701618565
:10B8C00072850E94BC67E091B504F091B604838153
:10B8D0008330A9F48BE5898F7E018BE1E80EF11CA2
:10B8E00020912404858196814AE0B701820F911D41
:10B8F0000E94B9376AE0C701CEDC8DE58EA3E091E6
:10B90000B504F091B6048381823068F081E00E9432
:10B91000E62CEC0148E050E068E077E24F960E94A8
:10B92000A06787E08BA3DF91CF911F91FF90EF90ED
:10B930000895B0E0A0E0EFE9FCE50C9447677C01D6
:10B94000162F6A01D22FFC012730A0F48185928541
:10B950004D2FB6010E94B9376D2FC6010E94F144E8
:10B96000D150F601ED0FF11D8081803231F4D150BC
:10B970000F5FF7CF83859485EBCFDF5FCD2FD0E0CE
:10B98000F601EC0FFD1F80E280832196CC0DDD1DBA
:10B99000F7018281E82FF0E0EE0FFF1FED58F04E27
:10B9A000859094905401C12ED12C823049F08A5058
:10B9B000823150F4E82FF0E0E95CF7490C94166707
:10B9C0001F5FFFEFCF1ADF0A81149104B9F0402FF7
:10B9D000BE01C501810F911D0E94B937602FCE01B4
:10B9E0005ADCCDB7DEB7ECE00C9463678AE0189FB1
:10B9F00060011124E9CF1F3038F31F50F701828115
:10BA0000833161F3833021F4C12E012E000CDD0857
:10BA1000002321F3AE01602FC6010E947129DECF01
:10BA2000063090F232EDA32EB12CD1CF063060F269
:10BA300021EFA22EB12CCBCF183230F610E091E4DA
:10BA4000A92EB12CC4CFBE01812F0E94A72FBCCF3D
:10BA50001111BACF85E4A82EB12CB9CFB0E0A0E087
:10BA6000E4E3FDE50C944A678091CD04811167C041
:10BA700012E0F12CE12CBE2CC1E0F3E0FE1508F041
:10BA8000C0E01C1761F18B2D0E942B2BD82E0B2DA3
:10BA900003708AE0089F002D11248C2F0E94E62C51
:10BAA000EC01C00FD11D0111A3C087E08A87E0918E
:10BAB000B504F091B604EE0DFF1D838146E050E021
:10BAC00069E17CE2883F39F0893F09F097C046E0A0
:10BAD00050E062E17CE2CE0104960E94A067FFEF95
:10BAE000EF1AFF0A88E0E816F10429F6E090B504A1
:10BAF000F090B604C0E081E0C43008F480E018178C
:10BB000099F0F70193819F3F79F40E94E62C9C0104
:10BB10009C2F9370EAE09E9FE02D1124E20FF32FFB
:10BB2000F11D80E280838287CF5FFFEFEF1AFF0A6B
:10BB3000C83009F7CDB7DEB7E9E00C9466678091AD
:10BB40004705882309F494CFC091D3048C2F0E9419
:10BB50002B2B8F3F09F48CCF0E9410417C01FC01FC
:10BB60008081843009F484CF0091D304E091B5043E
:10BB7000F091B604E00FF11D07FDFA958381807FF7
:10BB8000803F91F5802F0E94122BC82ED12C11E0FE
:10BB9000C4300CF410E0812F0E94E62CEC01802FC1
:10BBA0000E944D41482F9E012F5F3F4F03E16C2DB6
:10BBB000C7010E94064587E08C8B8091D3040E94C8
:10BBC0004D41082F8091D3040E94122B682F402FE3
:10BBD000C7010E94832F682FAE014B5E5F4F07E0C5
:10BBE0002BE0C701A6DE45CFCC24CA94D12CCFCF01
:10BBF00087E088830E3109F45ACF57CF8FEFD816DC
:10BC000009F46DCF8D2D0E9410416C018B2D0E9487
:10BC10004D41082F8B2D0E94122B682F402FC601FB
:10BC20000E94832F682FF601808102E026E0843095
:10BC300011F004E024E0AE014F5F5F4FC60179DEF2
:10BC40008091D304082E000C990BE816F90609F030
:10BC500046CF89819FE9980F9A3108F040CF8052F2
:10BC600089833DCF1F93CF93DF93F8DE80E28093EB
:10BC700017018091D3048430DCF1082E000C990B5D
:10BC80000497982F990F990F890F8B5C8093D2049A
:10BC9000E091D10484E0E89FF0011124E45FFA4FC1
:10BCA000138181E00E94E62CEC0148E250E060E262
:10BCB00070E00E94C56749E050E066E77CE2CE0193
:10BCC00001960E94A06787E08A8781E391E0212F97
:10BCD000292321F02BE52C872DE52E878D87990FC1
:10BCE0008F5F2596873399F7DF91CF911F91089544
:10BCF0008FEFCCCF1F920F920FB60F9211242F937C
:10BD00003F934F935F936F937F938F939F93AF93E3
:10BD1000BF93CF93DF93EF93FF9380916E01909148
:10BD20006F01019690936F0180936E012091A501A0
:10BD30003091A6012F5F3F4F3093A6012093A501BC
:10BD40002091A7023091A8028217930748F08091B2
:10BD5000A3018F5F8093A30110926F0110926E0177
:10BD6000C091700181E08C27809370018091230441
:10BD70009091E203891B8F71A9F0C13099F08091F5
:10BD8000E203E82FF0E0EE0FFF1FED51FC4FD181F1
:10BD90008F5F8F718093E20380810E94C3348D2F67
:10BDA0000E94BC348091E1039091A003891B8F71A4
:10BDB000A9F0C13099F48091A003E82FF0E0EE0FD4
:10BDC000FF1FEF55FC4FC1818F5F8F718093A003E0
:10BDD00080810E94C3348C2F0E94BC34FF91EF916C
:10BDE000DF91CF91BF91AF919F918F917F916F9193
:10BDF0005F914F913F912F910F900FBE0F901F9029
:10BE000018951F920F920FB60F921124BF92CF92E6
:10BE1000DF92EF92FF920F931F932F933F934F93D5
:10BE20005F936F937F938F939F93AF93BF93CF93C2
:10BE3000DF93EF93FF9360916D0161116FC181E01A
:10BE400080936D0178948DB79EB720910001309159
:10BE500001018217930740F4909301018093000140
:10BE60008091DE02809366049091DE0286E08093EA
:10BE7000DE028091C00087FF15C02091C60080912E
:10BE8000A201309181018150831B8F7159F0809103
:10BE90008101E82FF0E0EE57FE4F20838F5F8F7116
:10BEA000809381019093DE028091A60290914B01D4
:10BEB000891B877009F44CC18091C00085FF0DC0BB
:10BEC00080914B01E82FF0E0E256FD4F90818F5FAB
:10BED000877080934B019093C600C0916601CF5F3D
:10BEE000C093660186B1D0917301DD0F8695817094
:10BEF000D82BD093730196B180917101880F93FB79
:10BF0000992790F9892B8093710126B19091720144
:10BF1000990F22FB222720F9922B909372018038EF
:10BF200009F035C1907F09F44FC1DF3729F441E0B2
:10BF300060E082E00E94A534CF7109F447C180918E
:10BF40006601877029F48091FA018F5F8093FA016E
:10BF500080917A0086FDFCCF609178008091790015
:10BF6000782F20917401822F90E0880F991FFC0197
:10BF7000EA5AFE4F0190F081E02DAF01461B570BAE
:10BF800057FF03C0AB014E1B5F0BFC01EA58FC4F8F
:10BF9000A081B1814A175B0748F048E050E0518327
:10BFA00040838A5A9E4FFC017183608381E0820F37
:10BFB000273009F450C18093740180917401877017
:10BFC000806480937C0080917A00806480937A0002
:10BFD00060917401662309F441C16150E62FF0E0DD
:10BFE000DF01AA0FBB1FAA5ABE4F4D915C9133E0EF
:10BFF000569547953A95E1F7E25BFE4F80818417AD
:10C00000150649F04083643018F483E0861B682FDE
:10C0100080E00E94A53480914D018823C9F00E94E0
:10C02000842C843090F08CED80931D021092FB01E3
:10C030001092A7011092A80180E80E948C2C8BED31
:10C040000E94B42C8BED8093AA018FE080930A02AA
:10C050004498C0914C01FC2FFF70BF2EC5FBCC272C
:10C06000C0F90BE012E09CEFE92E91E0F92EDC2FF5
:10C07000DD24D394DD0FF80182918F01CC2311F0E0
:10C08000809582958F70B81610F08F3009F4D160CA
:10C09000D394F8E0DF1212C0459880E8C82E0E94C1
:10C0A000802C8C2D8D2309F4DBC0459AC694479AC9
:10C0B000DA94D110F4CF0E94802CD0E0E016F10683
:10C0C000C9F680914C018F5F80934C010E94822CB5
:10C0D00080911C028F5F80931C02809175018823E0
:10C0E00009F4C0C05A985B981092750190916C0148
:10C0F000892F837049F480916B0126E6280F2D3734
:10C1000008F0C9C020936B0181E0890F9F3209F4C8
:10C11000E1C080936C01F89410926D01FF91EF9152
:10C12000DF91CF91BF91AF919F918F917F916F914F
:10C130005F914F913F912F911F910F91FF90EF9041
:10C14000DF90CF90BF900F900FBE0F901F9018956B
:10C150008091DD029091DC02891B8F7790916704BA
:10C16000981710F480936704882309F4B6CE809161
:10C17000C00085FFB2CE8091DC02E82FF0E0E25EE5
:10C18000FD4F90818F5F8F778093DC02A4CE903833
:10C1900009F0CBCE807F4FEF09F0C7CE80917901B7
:10C1A000811106C0440F440F440F81E08093760153
:10C1B00080918001811104C080E88093760161E064
:10C1C00081E00E94A534B1CE41E0E8CF44980E94BE
:10C1D000822CD8E0CC0F86B186FB882780F9C82B4B
:10C1E000479A0E94802CD150A9F709E711E041E855
:10C1F00051E0F80190E88191880FDF0111972C2F11
:10C200002923C1F48C9396954E175F07A1F7C1E0DF
:10C21000F80181918F018F3741F480917601982F39
:10C220009C2351F08C2780937601CC0FDF5FD830B0
:10C2300079F785CE8160E6CF8091790167E0811141
:10C2400004C081E0809376016FE06D1B41E083E0E4
:10C250000E94A534EACF10927401AFCE67E0BECE43
:10C26000459824CF8091750390913403891B8F7377
:10C2700009F43CCF81E08093750180913403E82F6D
:10C28000F0E0EB5CFC4F8F5F8F7380933403808111
:10C290000E94AA2C2BCF875180936B0120916701BC
:10C2A000309168012F5F3F4F309368012093670101
:10C2B0002091670130916801232B09F025CF20914F
:10C2C000690130916A012F5F3F4F30936A012093DB
:10C2D00069011ACF10926C019091DE0285E0809383
:10C2E000DE028091D704882319F081508093D7040F
:10C2F0008091D604882319F081508093D6048091D0
:10C300001801897F809318019093DE0204CF109268
:10C310008B078CEA97E02AED3FE0FC01E059FF4FE4
:10C3200044E5DF011D924A95E9F7835A9E4F28178D
:10C33000390799F70895CDB7DEB728970FB6F89467
:10C34000DEBF0FBECDBFF8940E94DD30789410920E
:10C35000C1001092C90014BE809160008861809372
:10C36000600010926000389A80E00E947A448091C8
:10C37000C0008D7F8093C0001092C50087E280933B
:10C38000C4008091C10088608093C1008091C10089
:10C3900080618093C10080918100887F826080935A
:10C3A0008100809180008C7F8160809380008091EB
:10C3B000B100887F81608093B1008091B0008C7F54
:10C3C00081608093B00080917000816080937000E4
:10C3D00044E050E070E060E08EEC94E0D6D549E0B7
:10C3E00050E06DE57EE088E893E08FD53B98439A76
:10C3F0008FEF809371013A98429A80937201399835
:10C40000419A809373013F9A3C9A3E980E94822CF5
:10C410000E94802C48E050E06FEF70E089E791E0E7
:10C42000B4D580917A00876080937A0080917A00F9
:10C43000806880937A001092740180E480937C007D
:10C4400080917A00806480937A0088E090E09093F5
:10C450007703809376039093790380937803909386
:10C460007B0380937A0390937D0380937C03909366
:10C470007F0380937E039093810380938003909346
:10C480008303809382039093850380938403539A5C
:10C49000529A8AB1806F8AB95B985A9888EE93E075
:10C4A000E4EFF1E03197F1F70197D1F783E00E94D3
:10C4B000D02C00E117E2C8010197F1F783E00E9458
:10C4C000D02CC8010197F1F783E00E94D02CC8015D
:10C4D0000197F1F782E00E94D02C88E20E94DC2CC8
:10C4E0008CE00E94DC2C86E00E94DC2C81E00E9423
:10C4F000DC2C82E00E94DC2C1092750140E550E0BB
:10C5000060E270E083EE92E040D540E550E06FE3FA
:10C5100070E08AEA91E039D51092FB011092A701F0
:10C520001092A8018FEF8093A9018093D2041092FA
:10C53000FA013F9A3C9A3D9A0E94822C4FE050E0CB
:10C5400070E060E087EB94E020D588E40E94DC2C6A
:10C550000CE710E0F801F4908F2D82958F708061C8
:10C560000E94D02C8F2D8F7080610E94D02C0F5F85
:10C570001F4FF0E0043B1F0769F782E00E948253DF
:10C580001092760180916F00816080936F0084B17A
:10C59000876084B90E949C3746E050E070E060E01C
:10C5A0008CEE94E0F2D410E0812F0E94DA341F5F09
:10C5B0001630D1F710914A05112309F454C0809127
:10C5C0008001811103C081E00E947A44F0908001D3
:10C5D00007E918E0D8011D92CD010E94DF37C8019C
:10C5E000C7960E94FE37035A1E4FB0E1053C1B0759
:10C5F00089F7F11040C080E00E94B6420E940343D8
:10C60000109244058BE895E0909378018093770130
:10C6100081E10E948253809187038093860340903A
:10C6200081018091A201481AF42DFF71FB83FF2341
:10C6300009F4BEC08091A201E82FF0E0EE57FE4F52
:10C6400010818F5F8F718093A201809146058111C7
:10C6500003C0812F0E94FA30183F08F442C0812F96
:10C660000E94B14EDCCF6AEF812F0E94C8341F5F59
:10C670001630C9F7A4CF1A8219820CEA17E081E0BC
:10C68000811102C090E015C0AE014F5F5F4F64E5BD
:10C69000C80180599F4F0E94A044882399F3AE019E
:10C6A0004F5F5F4F60E7C8010E94A04491E088237C
:10C6B00049F3892F035A1E4FEFE00A3D1E0701F789
:10C6C000992309F498CFAE014F5F5F4F68E38CE088
:10C6D00095E00E94A044882309F48DCF0E94513B2D
:10C6E0008FCF17FF5AC0812F807F1092590591E09C
:10C6F00090935A05803BE1F148F4803AC9F1812FCB
:10C70000807E8038A9F11093550516C0803E81F1D6
:10C71000803F49F1173FC1F580915505803F51F4A5
:10C7200087EF0E94DA4B8091B004843059F58BE298
:10C730000E949D34109255059091590580915A059B
:10C74000981708F46CCF809155050E94B14E109255
:10C75000590580915505813F08F461CF10925A0523
:10C76000109255055CCF812F8F708150823020F45C
:10C7700082E080935A05CECF812F8C7059F21092AF
:10C780005A05C8CF83E2D4CF103F09F0BCCF109335
:10C79000550580EF0E94DA4BCFCFE091590581E03B
:10C7A0008E0F80935905F0E0EB5AFA4F1183C4CFF6
:10C7B0008091A5019091A6018832910508F4ECC002
:10C7C0002091A4012F5F2C832093A401889790933C
:10C7D000A6018093A50106E718E0D12CC12CD80151
:10C7E0005D968D919C915E9701965E969C938E933B
:10C7F0005D978C9181110AC0BFEFCB1ADB0A035AF7
:10C800001E4FE6E0CE16D10451F7D2CFFC81F17075
:10C81000F88748012AEC821A910878013FEFE31A61
:10C82000F30A580183E1A80EB11C380195E0690EA6
:10C83000711C312CD4015C968C91F701408151819F
:10C8400022813381240F351F3383228391E0241703
:10C85000350708F090E0D70114969C93932F82300F
:10C8600031F178F4532E550C550881112CC0220F4C
:10C87000232F221F330B3195522E97FD24C0509445
:10C8800022C0532E8330F9F08450982F8A59914F4B
:10C89000FC01E30FF11D822F55901590819DF00151
:10C8A0008095859DE00DF11D11245F2E0CC024178D
:10C8B000350730F40E94DF2F80911301F701858343
:10C8C000D70115965C90332019F0B885BB2331F160
:10C8D000F5018681851501F1412CD8018C9148160E
:10C8E000D8F48DE591E0C89EF001C99EF00DD89E68
:10C8F000F00D1124E455F84FE40DF11DEC53FF4FFA
:10C900002080632D6065822D0E94D72B652D822D9E
:10C910000E94D72B4394E1CFF5015682D4015F9654
:10C920008C915F97823051F4F30180815D969C91E8
:10C930009F30A8F4D5018C91882399F03394F8E0C6
:10C940008F0E911C26E0E20EF11C3FEFA31AB30AF2
:10C9500086E0680E711C93E039126CCF4DCF8823AE
:10C9600069F3512CF8018081581640F78DE591E06C
:10C97000C89EF001C99EF00DD89EF00D1124E4551B
:10C98000F84FE50DF11DEC53FF4F632D606880817A
:10C990000E94D72B5394E6CF8FB7F8941091A30140
:10C9A0001092A3018FBF80912405883228F0115086
:10C9B00018F00E94ED3CFBCFB090DE0281E0809346
:10C9C000DE020E94842C843008F460C090911C0226
:10C9D00080911B02981710F410921D0280911C0286
:10C9E00080931B02F090FB018091D2042F2D30E048
:10C9F000F81206C08091FA010091170187FD14C05A
:10CA000000911D02002361F0FF2019F0A7E2FA1245
:10CA100007C0F901ED51FD4F80810150803221F0B6
:10CA2000F901ED51FD4F0081E090A801F901E655B3
:10CA3000FE4F6F018081082E000C990B0817190614
:10CA400091F08091A90190E001962817390709F02B
:10CA50004AC0EE2009F447C0802F0E94B42CD601B2
:10CA60000C93F092A90181E08E0D8093A801F394BC
:10CA7000F092FB01883251F41092A8018091A70135
:10CA800091E0980F8130D1F19093A70180918603B6
:10CA900090918703891B877009F48FC08091870369
:10CAA000E82FF0E0EE0FFF1FE55FFD4FE080F18023
:10CAB0008F5F877080938703C70126E095958795E0
:10CAC0002A95E1F7182F13700E2D0F730E94DF3592
:10CAD0001330C9F40F3309F040C0EFEFFE123DC030
:10CAE000B1E0BB83D3CF8091A701F0E48F9FC00159
:10CAF00011248E2980680E948C2CAECF1092A70141
:10CB00001092FB01C3CF123049F0113069F0E0916F
:10CB1000FE04F091FF046F2D802F47C0E091FC04CC
:10CB2000F091FD040995DCCF011107C0E091F804F4
:10CB3000F091F9048F2D0995D3CF2091D1042F0DB9
:10CB4000822F022E000C990B263014F085E090E025
:10CB500097FD80E08093D104C3CFE0910005F09170
:10CB60000105802F09958111BBCF80919D03801312
:10CB70001EC080919C03833179F4E091FA04F09116
:10CB8000FB046091D10488E10995882309F4A8CFBA
:10CB900084E00E948253A4CF8431D9F7E091FA0453
:10CBA000F091FB046091D10482E2099599CFE02FC6
:10CBB000F0E0E857FC4F8081ECCF0E9486356C8313
:10CBC0007D838E839F838091DF029091E0022C8190
:10CBD0003D81281B390BC9018132934058F00E94D6
:10CBE000DF35E0910405F09105050995882311F0E2
:10CBF00081E08B8300914E050E948635462F572F8A
:10CC000080915004882389F0AAE00A9FC001112472
:10CC100020914E0430914F04421B530B4817590783
:10CC200020F00E94BB52B1E0BB839091DA02809168
:10CC30000609892B2091630A822B2091C00B822B3D
:10CC400020911D0D822B20917A0E822B2091D70FDF
:10CC5000822B80FF63C09E7F9093DA02E6E0F9E0CA
:10CC600024E331E180818E7F8083E35AFE4F2E17CB
:10CC70003F07C1F740E550E060E270E083EE92E0EC
:10CC800084D180E00E94E62C2EEFFC0127A38FEFD9
:10CC90008093D204E0910605F091070509954FE0D5
:10CCA00050E070E060E087EB94E06FD1E091D10458
:10CCB000F0E0EA58F14EE491E85FF0E0E954FB4F10
:10CCC00080EF8083E6E7FEE12CEE34E042EF54E0B3
:10CCD0009491D9018D919D01A8E0A90FB0E0A954CC
:10CCE000BB4F8695869586959C91892B8C93319622
:10CCF0004217530769F7E0910805F0910905099576
:10CD000080914B0581110EC04FE050E067EB74E05D
:10CD10008CEF91E031D1B092DE0281CCFB81F11138
:10CD2000A9CFBDCFE7EBF4E02191822F8295DF01FF
:10CD300011978C93B4E0E63CFB07B1F7E5CF809107
:10CD40008B0781110C945E360895991B79E004C01D
:10CD5000991F961708F0961B881F7A95C9F780953A
:10CD60000895AA1BBB1B51E107C0AA1FBB1FA61732
:10CD7000B70710F0A61BB70B881F991F5A95A9F784
:10CD800080959095BC01CD01089597FB072E16F470
:10CD9000009406D077FD08D0E4DF07FC05D03EF410
:10CDA000909581959F4F0895709561957F4F089557
:10CDB000A1E21A2EAA1BBB1BFD010DC0AA1FBB1F9F
:10CDC000EE1FFF1FA217B307E407F50720F0A21B11
:10CDD000B30BE40BF50B661F771F881F991F1A947E
:10CDE00069F760957095809590959B01AC01BD01A8
:10CDF000CF010895052E97FB16F400940FD057FD30
:10CE000005D0D6DF07FC02D046F408C05095409507
:10CE1000309521953F4F4F4F5F4F089590958095E6
:10CE2000709561957F4F8F4F9F4F0895EE0FFF1FB5
:10CE30000590F491E02D099405D0332312F48A1B58
:10CE40009B0B10C0A29FB001B39FC001A39F700DA8
:10CE5000811D1124911DB29F700D811D1124911D02
:10CE60000895F0DFB7FF0895821B930B0895EADF62
:10CE7000A59F900DB49F900DA49F800D911D11242E
:10CE800008952F923F924F925F926F927F928F926E
:10CE90009F92AF92BF92CF92DF92EF92FF920F9349
:10CEA0001F93CF93DF93CDB7DEB7CA1BDB0B0FB653
:10CEB000F894DEBF0FBECDBF09942A883988488810
:10CEC0005F846E847D848C849B84AA84B984C884A6
:10CED000DF80EE80FD800C811B81AA81B981CE0F9D
:10CEE000D11D0FB6F894DEBF0FBECDBFED01089582
:10CEF000FB01DC0104C08D910590801921F44150A3
:10CF00005040C8F7881B990B0895FB01DC0102C053
:10CF100005900D9241505040D8F70895FB01DC0177
:10CF20000D900020E9F7119705900D920020E1F790
:10CF30000895FB01DC0105900D920020E1F70895B2
:10CF4000FB01DC014150504048F005900D9200205B
:10CF5000C9F701C01D9241505040E0F70895FC010F
:10CF60004150504030F001900616D1F73197CF0173
:10CF70000895882799270895FB01DC0102C00190DC
:10CF80000D9241505040D8F70895DC0101C06D93D7
:10CF900041505040E0F70895FB01DC0101900D92F3
:10CFA0000020E1F70895FC0101900020E9F7809549
:10CFB00090958E0F9F1F0895DC01CB01FC01F9991C
:10CFC000FECF06C0F2BDE1BDF89A319600B40D92D5
:10CFD00041505040B8F70895F999FECF92BD81BDF8
:10CFE000F89A992780B50895DC01CB0102C02D91F4
:10CFF00005D041505040D8F70895262FF999FECF1B
:10D000001FBA92BD81BD20BD0FB6F894FA9AF99A65
:10D010000FBE0196089516E1C9EFD6E103C0FE01E7
:10D0200005DF2196CA3FD107D1F7F894FFCF2050F2
:10D030003E50D64E78509350A750D64ED64EDC5424
:10D04000E354FD5411550F5516553D55E154A55760
:10D05000CC57E757FA571558ED57185827584D58D9
:10D06000575860586958755885588B58C557FB5C98
:10D07000E45C105D165DE45CE45CE45CE45CE45C50
:10D08000235D1C5DE45CE45CE45CE45C285DE45CE2
:02D09000F65C4C
:10D09200FFFF01000100FF0000000000000000008F
:10D0A20000FF2100FF013CFF010200000000000020
:10D0B20003026701000051047048C43854222A2B2D
:0CD0C2002C3A3B3C3D3E3F5B5D7C7F0018
:00000001FF
