:100000000C94C8160C94F0160C94F0160C94F01680
:100010000C94F0160C94F0160C94F0160C94F01648
:100020000C94F0160C94F0160C94F0160C94DC5B07
:100030000C94F0160C94F0160C94F0160C94635C6F
:100040000C94F0160C94F0160C94F0160C94F01618
:100050000C94F0160C94F0160C94F0160C94F01608
:100060000C94F0160C94F0160C94F0160C94F016F8
:100070000C94F0160C94F0160C94F0160203030284
:10008000020E1E0C000004040E1F1F0000000815C5
:1000900002000000010101030300120C00191B06FD
:1000A0000204040800100804020100000400040017
:1000B000040004004600ACFF540090FF54009EFF73
:1000C00070009EFF3600BAFF7F00ACFF7F0090FFFC
:1000D0005400ACFF58009BFF6B00A1FF5800A8FF25
:1000E0003200DAFF4100A8FF6500A1FF650081FF33
:1000F0003F00E1FF13002C005D00FCFF2000CBFF60
:10010000A6FF81FF750020009AFFCBFF6900CBFF9F
:100110005D00CBFFC1FFC1FF7F00000081FF000039
:1001200000005800000000005800CEFFA8FF0000AB
:10013000580000007F0081FF7F0081FF7F0081FF6A
:100140007F0081FF7F0081FF7F0081FF7F0081FFB3
:100150007F0081FF7F007F0081FF81FF7F007F00A4
:1001600081FF81FF7F007F0081FF81FF7F007F0093
:1001700081FF81FF0000FF7FFF7FF9FFEFFFFEFFA0
:10018000FF7FFF7FFF7FECFFFBFFFF7F0000FF7F14
:10019000FF7FF9FFFF7FFEFFF4FFFF7FF6FFFF7F8A
:1001A000FF7FFF7F0000FF7FFF7FF9FFFF7FFEFFE4
:1001B000FF7F0200FF7FFF7FFBFFFF7F0000F4FF58
:1001C000FF7FF9FFFF7FFF7FFF7F0200FF7FFF7F41
:1001D000FBFFFF7F0000F4FFFF7FFF7FFF7FFEFF3D
:1001E000FF7F0200FF7FFF7FFBFFFF7F0000FF7F9D
:1001F0000500FF7F0A00FEFFFF7FFF7FF6FFFF7F06
:10020000FBFFFF7F0000FF7F0500FF7FEFFFFEFF8A
:10021000FF7F0200F6FFFF7FFF7FF1FF0000FF7FFF
:100220000500F9FFFF7FFEFFFF7F0200FF7F070051
:10023000FBFFFF7F0000FF7F0500FF7FFF7FFF7F49
:10024000F4FF0200FF7FECFFFBFFFF7F0000FF7F5A
:10025000FF7FFF7FEFFFFEFFFF7F0200F6FFFF7FC4
:10026000FBFFFF7F0000FF7F0500F9FFFF7FFEFF20
:10027000FF7F0200FF7FFF7FFF7FF1FF0000F4FFA1
:10028000FF7FF9FFFF7FFEFFFF7FFF7FFF7FECFF18
:10029000FBFFFF7F0000FF7F0500F9FFFF7FFEFFF0
:1002A000FF7F0200FF7FECFFFBFFF1FF0000FF7FFD
:1002B0000500FF7FEFFFFEFFFF7F0200FF7F0700CB
:1002C000FBFF0C000000FF7F0500FF7FEFFFFEFF3C
:1002D000FF7F0200FF7FECFFFBFFFF7F0000FF7F3F
:1002E0000500F9FFFF7FFEFFFF7F0200F6FFFF7FA3
:1002F000FBFFFF7F0000FF7F05001400FF7FFEFF74
:10030000FF7F0200FF7F07001600FF7F0000FF7FD6
:10031000EAFFF9FFFF7FFEFFFF7F0200FF7FECFF98
:10032000FBFFFF7F0000FF7F0500FF7F0A00FF7FCC
:100330000F000200FF7F0700FF7F0C000000FF7F1F
:100340000500FF7FEFFFFEFFFF7F0200FF7F07003A
:10035000FF7FF1FF00000F00FF7FFF7FEFFFFF7FB8
:10036000F4FF02001100FF7FFF7FF1FF0000F4FFA8
:10037000FF7FFF7FEFFFFF7FF4FF0200F6FFFF7FAD
:10038000FF7FF1FF00000F00FF7FFF7FEFFFFF7F88
:10039000F4FFFF7FFF7FECFFFF7FF1FF00000F0006
:1003A000FF7FFF7FFF7FFEFFFF7F02001100FF7FC7
:1003B000FF7FFF7F0000F4FFFF7FFF7FEFFFFEFF67
:1003C000FF7F0200F6FFFF7FFF7FF1FF00000000CC
:1003D00000000000C0FF0000000000000000C0FF9F
:1003E000000000000000000000000000C0FF00004E
:1003F00000000000000000000000000000000000FD
:1004000000000000C0FF000000000000000000002D
:100410000000C0FF00000F000500F9FF0A00FEFF0A
:10042000F4FF02001100ECFFFBFF0C0000000F00C6
:1004300005001400EFFFFEFFF4FF02001100ECFFC7
:10044000FBFFF1FF6246FF274B46FB27EF27ED2717
:1004500016460000E527443E6729E427F753FF27A7
:10046000FD27FB27EF27ED2786530000E5270450E3
:10047000CC27E427E851FF273159FB279229ED27A4
:10048000D8500000E527495077298254F843FF27C8
:10049000A843FB27EF275243FD530000E5273B47C6
:1004A000D927E4273E433243593AFB27383AE541FE
:1004B000FD530000E527905AF328E4274C432743D7
:1004C00010439B41993F7942FD53BD42E527945B20
:1004D0000829E4270A410041F13FFB27A2281828F8
:1004E000FD53B128E5277848D927E4273E43324316
:1004F000CF429B417D3FE541FD530000E527905AE7
:100500000829E4277261736961006A6F676573681F
:1005100077617269006B61757368696B20746F64D1
:1005200069006368616E6472616465657000622E63
:10053000746F64690062616972616769006D2E6B36
:1005400061756E73006E61746268616972617600D4
:1005500070612E206B616669006B616D65736877F1
:100560006172690067616E676573687761726900BF
:1005700072616E676573687761726900706172613C
:100580006D65736877617269006D69276D616C00D4
:100590006B68616D616A0072616765736872656539
:1005A00000626167657368726565006461726261AB
:1005B0007269006268696D70616C61737265650073
:1005C0006B6166690079616D616E0062696C61776B
:1005D000616C007075727669007368726565006D94
:1005E000617277610067756E616B72690062686144
:1005F0006972617600312F3420656100312F34201B
:100600006500312F34206562007079746861676F0E
:100610007265616E006A75737400657175616C0056
:100620005F5F5F004D554C54490050524F47524157
:100630004D0053455155454E4345005041544348A4
:1006400000696E69740072616E646F6D697A65002D
:10065000707420582070726F6772616D0070742022
:10066000582073657175656E63650070742058203D
:1006700070617463680073797374656D007065727E
:10068000666F726D616E636500636C6F636B006DA6
:10069000756C7469006172706567676961746F7207
:1006A00000656E76656C6F70650066696C74657266
:1006B00020320066696C7465722031006C666F00D0
:1006C0006D69786572006F7363696C6C61746F72C9
:1006D0002032006F7363696C6C61746F722031003B
:1006E0006D6F6E6B65790068756D616E0070757306
:1006F000680073687566666C65007377696E67007D
:10070000636E707300636E702E00636E2E730063F1
:100710006E2E2E00632E707300632E702E00632EDB
:100720002E7300632E2E2E002E6E7073002E6E70B0
:100730002E002E6E2E73002E6E2E2E002E2E707317
:10074000002E2E702E002E2E2E73002E2E2E2E00FA
:100750006C6B6579006C61756E63686B65790073AD
:10076000687275746869585400616D62696B6100E4
:1007700066756C6C00636F6E74726F6C6C72007374
:10078000657175656E636572007468727500312FEE
:10079000393600312F343800312F333200312F32C7
:1007A0003400312F313600312F313200312F3800F3
:1007B000312F3600312F3400312F3300332F3800E2
:1007C000312F3200322F3300332F3400312F3100DC
:1007D000322F310063686F726400706C61796564F8
:1007E00000757026646F776E00646F776E007570A9
:1007F00000636861696E006379636C6963003278D5
:1008000020756E69736F6E00736F6C6F00706F6C24
:1008100079006D6F6E6F006C61670071747A003CD7
:100820003D003E3D006D696E006D6178006174743D
:100830006E0070726F64006164640063686F72645C
:100840002073657100617270656767696F0073740A
:10085000657020736571006C666F7E656E760065ED
:100860006E767E6C666F0066726565006E740068F9
:1008700070006270006C70006472756D20320064EC
:1008800072756D2031006672657175656E637900F1
:100890006372757368007375626F73630076696263
:1008A0007261746F006F736320312B32006F73635A
:1008B0002032006F7363203100706172616D2032ED
:1008C00000706172616D2031003D2034003D2038A0
:1008D000003D203136003D203332003D20363400CB
:1008E0003D20313238003D203235360072616E6471
:1008F0006F6D00706564616C00776865656C3200CF
:100900006D776865656C0062656E6465720061662E
:1009100074746368007365712E2032007365712EE4
:100920002031006D6F642E2034006D6F642E2033F3
:10093000006D6F642E2032006D6F642E2031006CCC
:10094000666F2034006C666F2033006C666F203257
:10095000006C666F203100656E76203300656E7620
:10096000203200656E7620310064726D3200647250
:100970006D31007663610072656C6500646563616A
:10098000006174746B007265736F0066726571004C
:10099000637273680066757A7A0073756200786DA9
:1009A0006F64006D697800766962720003312B32E2
:1009B000006F736332006F7363310070726D3200C9
:1009C00070726D31003D34003D38003D3136003DE0
:1009D0003332003D3634003D313238003D32353659
:1009E0000072616E64006E6F697300676174650008
:1009F0006E6F7465007064616C0077686C32006DB6
:100A000077686C0062656E6400616674720076657A
:100A10006C6F0061727000736571320073657131C3
:100A2000006D6F6434006D6F6433006D6F6432006D
:100A30006D6F6431006C666F34006C666F33006CF0
:100A4000666F32006C666F3100656E763300656EDE
:100A5000763200656E763100706F70006D6574617E
:100A60006C00626C6F7700676C6974636800636C1C
:100A700069636B0070756C32007472693200737157
:100A800075320070756C3100747269310073717564
:100A900031006269747300666F6C6400786F720075
:100AA00072696E676D6F640073796E630073747042
:100AB00032007374703100727371720072736177F7
:100AC000006C737172006C7361770073706B32002D
:100AD00073706B310062617432006261743100675F
:100AE00072673200677267310068726D3500687234
:100AF0006D330068726D320072616D70007326682C
:100B0000007371720074726900766F77656C2032C1
:100B1000006373617700666D6662007170776D00C7
:100B20006F6C64736177007761767175656E63656C
:100B30000062656C6C006D6574616C6C6963006467
:100B4000726F6E6520320064726F6E6520310064D2
:100B500069676974616C007761766573006F7267AD
:100B6000616E00657069616E6F00736C6170007614
:100B7000696265730063656C6C6F00626F776564B2
:100B80000074616D707572610063686F69720066F0
:100B9000656D616C65006D616C6500766F77656C85
:100BA000006E6F6973650070776D003862697473E9
:100BB00000666D00706164007A747269616E676CC2
:100BC000650068707A70756C73650062707A707514
:100BD0006C736500706B7A70756C7365006C707AFD
:100BE00070756C73650068707A7361770062707AF3
:100BF00073617700706B7A736177006C707A7361E0
:100C000077007A7361770073696E65007472696149
:100C10006E676C6500737175617265007361770052
:100C20006E6F6E65006F6E006F6666006F63747640
:100C300000612F73710073707264006F63740073CE
:100C400072636500616D6E74006F6D6E69006C7328
:100C50006571006C61756E63686B65792073657191
:100C6000006363206D617000657874006F75747047
:100C7000206D6F646500696E70742066696C7465C0
:100C800072007377617020636F6C6F7273006361C1
:100C90007264206C656473006C65647300617574C4
:100CA0006F206261636B75700068656C7000736EB5
:100CB0006170006D6964690067726F6F7665006CC2
:100CC000656E70006C656E32006C656E310070612F
:100CD0007474206C656E0073657132206C656E00F3
:100CE00073657131206C656E0067726964006869B4
:100CF0006768006C6F77006C61746368006C746384
:100D0000680062706D0070617274006368616E6E7D
:100D1000656C007061747465726E006469726563FD
:100D200074696F6E0072616761006172702F736524
:100D30007100706F7274616D656E746F006C6567C1
:100D400061746F00737072656164006F63746176C3
:100D50006500766F6C756D65006D6F6469662E0059
:100D60006D6F646966696572006D6F64756C2E00E5
:100D70006D6F64756C6174696F6E00696E320069C5
:100D80006E310064657374696E6174696F6E0073AF
:100D90006F7572636500766F696365206C666F00BE
:100DA0006C666F2F656700726174650074726967A5
:100DB0006765720072656C65617365007375737445
:100DC00061696E0064656361790061747461636B6D
:100DD000006B6579627E7663660076656C6F7E7601
:100DE0006366006C666F327E76636600656E76328F
:100DF0007E766366006D6F6465007265736F6E6109
:100E00006E636500616D6F756E74006F7065726101
:100E1000746F720063726F73736D6F642E007375FD
:100E200062206F73632E006F7363206D69780074A6
:100E3000756E650072616E676500706172616D65E7
:100E40007465720077617665666F726D00000203EB
:100E50000506090B0D0F808386898C8F9295989BD0
:100E60009EA1A4A7AAADB0B3B6B8BBBEC1C3C6C845
:100E7000CBCDD0D2D4D7D9DBDDDFE1E3E5E7E9EABA
:100E8000ECEEEFF0F2F3F4F6F7F8F9F9FAFBFCFC0C
:100E9000FDFDFDFEFEFEFEFEFEFEFDFDFDFCFCFB7F
:100EA000FAF9F9F8F7F6F4F3F2F0EFEEECEAE9E725
:100EB000E5E3E1DFDDDBD9D7D4D2D0CDCBC8C6C3E3
:100EC000C1BEBBB8B6B3B0ADAAA7A4A19E9B98956E
:100ED000928F8C898683807C797673706D6A676463
:100EE000615E5B5855524F4C494744413E3C39374F
:100EF00034322F2D2B28262422201E1C1A181615BA
:100F00001311100F0D0C0B09080706060504030347
:100F100002020201010101010101020202030304B4
:100F20000506060708090B0C0D0F101113151618EE
:100F30001A1C1E20222426282B2D2F323437393C10
:100F40003E414447494C4F5255585B5E6164676A65
:100F50006D707376797C8080858A8F94999DA2A725
:100F6000ACB1B5BABEC2C7CBCFD2D6DADDE0E3E6CC
:100F7000E9ECEEF1F3F5F6F8F9FBFCFCFDFEFEFE04
:100F8000FEFEFDFDFCFBFAF9F8F6F4F3F1EFEDEAF5
:100F9000E8E6E3E0DEDBD8D5D2CFCCC9C6C3C0BD1E
:100FA000B9B6B3B0ADAAA7A4A19F9C999794928F0C
:100FB0008D8B8987858382807F7D7C7B7A79787829
:100FC00077777676767676767676777778787979B3
:100FD0007A7B7B7C7D7E7F80808182838484858612
:100FE000868787888889898989898989898888877E
:100FF000878685848382807F7D7C7A787674727020
:101000006D6B686663605E5B5855524F4C49464253
:101010003F3C393633302D2A2724211F1C19171540
:1010200012100E0C0B090706050403020201010150
:101030000101020303040607090A0C0E1113161915
:101040001C1F2225292D3034383D41454A4E535826
:101050005D62666B70757A8080878F969EA5ACB452
:10106000BAC1C7CDD3D9DEE3E7EBEFF2F5F8FAFB6F
:10107000FDFEFEFEFEFDFCFAF9F7F4F2EFECE8E50A
:10108000E1DDD9D5D1CDC9C6C2BEBAB7B3B0ADAA1C
:10109000A8A5A3A2A09F9E9E9E9E9E9FA0A2A3A540
:1010A000A8AAADB0B3B7BABEC2C6C9CDD1D5D9DD35
:1010B000E1E5E8ECEFF2F4F7F9FAFCFDFEFEFEFEE6
:1010C000FDFBFAF8F5F2EFEBE7E3DED9D3CDC7C1CC
:1010D000BAB4ACA59E968F8780787069615A534BDD
:1010E000453E38322C26211C1814100D0A07050421
:1010F000020101010102030506080B0D1013171A66
:101100001E22262A2E3236393D4145484C4F525533
:10111000575A5C5D5F606161616161605F5D5C5AEF
:101120005755524F4C4845413D3936322E2A2622DA
:101130001E1A1713100D0B08060503020101010109
:10114000020405070A0D1014181C21262C32383E03
:10115000454B535A6169707880808890989FA7ADFD
:10116000B4B9BEC3C6C9CBCCCCCCCBC9C7C4C0BC38
:10117000B8B3AEA9A4A09B97938F8C8A88878787E2
:10118000888A8D9094999EA4AAB0B7BEC5CCD3D9B5
:10119000E0E5EBF0F4F7FAFCFEFEFEFCFAF7F4F003
:1011A000EBE5E0D9D3CCC5BEB7B0AAA49E99949084
:1011B0008D8A88878787888A8C8F93979BA0A4A91C
:1011C000AEB3B8BCC0C4C7C9CBCCCCCCCBC9C6C3EA
:1011D000BEB9B4ADA79F98908880776F676058526A
:1011E0004B46413C3936343333333436383B3F4356
:1011F000474C51565B5F64686C707375777878788C
:101200007775726F6B66615B554F48413A332C2698
:101210001F1A140F0B0805030101010305080B0F2A
:10122000141A1F262C333A41484F555B61666B6F89
:10123000727577787878777573706C68645F5B56D1
:10124000514C47433F3B3836343333333436393CE3
:1012500041464B525860676F7780010101010102DE
:1012600003030506080A0D1013171B20252B313820
:101270003E464D555D666E778089919AA3ACB4BCAD
:10128000C4CCD3DAE0E6EBEFF3F7FAFCFDFEFEFDAB
:10129000FCFAF8F4F1ECE7E2DCD5CEC7BFB8B0A7B2
:1012A0009F968E857D746C645C544C453E37312B23
:1012B00025201B17130F0C0906040201010101016F
:1012C000010101010101010101010101010101010E
:1012D00001010101010101010101010101010101FE
:1012E00001010202020203030304040505060606C7
:1012F00007070707060605040302010101010101B2
:1013000001010101010101010101010101010101CD
:1013100001010101010101010101010101010101BD
:1013200001010101010101010101010101010101AD
:10133000010101010101010101010101010101019D
:10134000010101010101010101010101010101018D
:10135000010101010101010101010101010101027C
:10136000030507090D11161B2229313A434D586315
:101370006E7A86919DA9B4BFC9D3DCE4EBF1F6F98E
:10138000FCFEFEFDFBF8F4EFEAE3DCD4CCC3BBB219
:10139000A9A199928B847F7A777473727374777A28
:1013A0007F848B9299A1A9B2BBC3CCD4DCE3EAEFD2
:1013B000F4F8FBFDFEFEFCF9F6F1EBE4DCD3C9BF6B
:1013C000B4A99D91867A6E63584D433A3129221B08
:1013D00016110D09070503020101010101010101B7
:1013E00001010101010101010101010101010101ED
:1013F00001010101010101010101010101010101DD
:1014000001010101010101010101010101010101CC
:1014100001010101010101010101010101010101BC
:1014200001010101010101010101010101010101AC
:10143000010101010101010101010101010101019C
:10144000010101010101010101010101010101018C
:10145000010101010101010101010101403D3A3792
:1014600034312E2B2825221F1C191613100D0A07A4
:1014700004010205080B0E1114171A1D202326293A
:101480002C2F3235383B3E4144474A4D5053565934
:101490005C5F6265686B6E7174777A7D8082858827
:1014A0008B8E9194979A9DA0A3A6A9ACAFB2B5B824
:1014B000BBBEC1C4C7CACDD0D3D6D9DCDFE2E5E814
:1014C000EBEEF1F4F7FAFDFEFBF8F5F2EFECE9E6EE
:1014D000E3E0DDDAD7D4D1CECBC8C5C2BFC2C5C820
:1014E000CBCED1D4D7DADDE0E3E6E9ECEFF2F5F8E4
:1014F000FBFEFDFAF7F4F1EEEBE8E5E2DFDCD9D62E
:10150000D3D0CDCAC7C4C1BEBBB8B5B2AFACA9A613
:10151000A3A09D9A9794918E8B888582807D7A77FF
:1015200074716E6B6865625F5C595653504D4A47E3
:1015300044413E3B3835322F2C292623201D1A17D3
:1015400014110E0B0805020104070A0D10131619D9
:101550001C1F2225282B2E3134373A3D40807C78C1
:1015600074706C6864605C5854504C4844403C381B
:1015700034302C2925211D1915110D0905010509E6
:101580000D1115191D2125292C3034383C404448B3
:101590004C5054585C6064686C7074787C808387AD
:1015A0008B8F93979B9FA3A7ABAFB3B7BBBFC3C7AB
:1015B000CBCFD3D6DADEE2E6EAEEF2F6FAFEFAF6C0
:1015C000F2EEEAE6E2DEDAD6D3CFCBC7C3BFBBB7D3
:1015D000B3AFABA7A39F9B97938F8B8783808387A2
:1015E0008B8F93979B9FA3A7ABAFB3B7BBBFC3C76B
:1015F000CBCFD3D6DADEE2E6EAEEF2F6FAFEFAF680
:10160000F2EEEAE6E2DEDAD6D3CFCBC7C3BFBBB792
:10161000B3AFABA7A39F9B97938F8B8783807C7877
:1016200074706C6864605C5854504C4844403C385A
:1016300034302C2925211D1915110D090501050925
:101640000D1115191D2125292C3034383C404448F2
:101650004C5054585C6064686C7074787C800101F4
:10166000020203030304040505060606070708092A
:10167000090A0A0B0B0C0C0D0E0E0F101011121391
:1016800013141516171718191A1B1C1D1E1F2021BD
:10169000222324252628292A2B2D2E2F313234359A
:1016A00037383A3B3D3F40424446484A4C4E505200
:1016B0005456585A5D5F626467696C6F7174777ACB
:1016C0007D8083878A8D9194989B9FA3A7ABAFB3AE
:1016D000B7BCC0C5C9CED3D8DDE2E8EDF3F8FEF85B
:1016E000F3EDE8E2DDD8D3CEC9C5C0BCB7B3AFAB2C
:1016F000A7A39F9B9894918D8A8783807D7A777426
:10170000716F6C696764625F5D5A58565452504EEF
:101710004C4A48464442403F3D3B3A3837353432E4
:10172000312F2E2D2B2A2928262524232221201F44
:101730001E1D1C1B1A191817171615141313121136
:1017400010100F0E0E0D0C0C0B0B0A0A09090807DE
:10175000070606060505040403030302020101014E
:10176000070C11161B2024292D3034383B3E4144F0
:10177000474A4D4F525456585A5C5E6062636566E4
:1017800068696A6C6D6E6F70717273747576767756
:101790007878797A7A7B7B7C7D7D7D7E7E7F7F8089
:1017A0008080818182828283848485858687878800
:1017B00089898A8B8C8D8E8F90919293959697992B
:1017C0009A9C9D9FA1A3A5A7A9ABADB0B2B5B8BB8C
:1017D000BEC1C4C7CBCFD2D6DBDFE4E9EEF3F8FE5F
:1017E000F8F3EEE9E4DFDBD6D2CFCBC7C4C1BEBB92
:1017F000B8B5B2B0ADABA9A7A5A3A19F9D9C9A997E
:10180000979695939291908F8E8D8C8B8A898988EB
:101810008787868585848483828282818180808097
:101820007F7F7E7E7D7D7D7C7B7B7A7A7978787701
:1018300076767574737271706F6E6D6C6A696866B6
:10184000656362605E5C5A585654524F4D4A474435
:10185000413E3B3834302D2924201B16110C070142
:10186000F1E5D9CDC2B8AEA49B938A827B746D6634
:10187000605A544F4A45403C3733302C29262320A8
:101880001D1B18161412100E0D0B0A090807060569
:10189000040403030202010101010101010101022B
:1018A00002020303040405050606070809090A0BDA
:1018B0000C0D0D0E0F1011121314151617191A1BFB
:1018C0001C1D1E1F21222324252728292A2C2D2ECA
:1018D00030313233353637393A3B3D3E4041424470
:1018E000454648494B4C4D4F505253545657595A00
:1018F0005C5D5E606163646667686A6B6D6E707183
:1019000073747577787A7B7D7E8081828485878801
:101910008A8B8D8E909193949597989A9B9D9EA07B
:10192000A1A3A4A6A7A9AAACADAEB0B1B3B4B6B7F3
:10193000B9BABCBDBFC0C2C3C5C6C7C9CACCCDCF6A
:10194000D0D2D3D5D6D8D9DBDCDEDFE1E2E3E5E6E1
:10195000E8E9EBECEEEFF1F2F4F5F7F8FAFBFDFE57
:10196000F10B141D262E363E454D535A60666C729F
:10197000777D82868B9094989CA0A3A7AAAEB1B4E1
:10198000B7BABCBFC1C4C6C8CACCCED0D2D4D5D7D2
:10199000D9DADCDDDEE0E1E2E3E4E5E6E7E8E9EA26
:1019A000EBECECEDEEEFEFF0F0F1F2F2F3F3F4F438
:1019B000F5F5F5F6F6F7F7F7F8F8F8F8F9F9F9F9B3
:1019C000FAFAFAFAFBFBFBFBFBFCFCFCFCFCFCFC64
:1019D000FDFDFDFDFDFDFDFDFDFDFEFEFEFEFEFE31
:1019E000FEF4EBE2D9D1C9C1BAB2ACA59F99938DEF
:1019F00088827D79746F6B67635F5C5855514E4B7D
:101A0000484543403E3B39373533312F2D2B2A286B
:101A100026252322211F1E1D1C1B1A1918171615F7
:101A2000141313121110100F0F0E0D0D0C0C0B0BC5
:101A30000A0A0A090908080807070707060606062A
:101A40000505050504040404040303030303030359
:101A5000020202020202020202020101010101016C
:101A6000010BFEF8ECDCC7B0977D644D3725160BF3
:101A7000040102060D1723313F4E5C6A76818A917C
:101A80009699999895918B857E78716B65605D5A72
:101A90005858595A5D6064686D72767B7F8285887C
:101AA0008A8B8C8C8B8B8A888785848381818080CC
:101AB0008080818283848688898B8D8F9092939495
:101AC0009596979798989898989899999999999A96
:101AD0009A9B9B9C9D9E9FA0A1A2A3A4A5A6A7A7FD
:101AE000A8A9A9AAABABACACADADAEAEAFAFB0B030
:101AF000B1B2B2B3B4B5B5B6B7B8B8B9BABBBBBC7E
:101B0000BDBDBEBFBFC0C1C1C2C3C3C4C4C5C6C6BC
:101B1000C7C8C8C9CACACBCCCCCDCECECFD0D1D104
:101B2000D2D3D3D4D5D5D6D7D7D8D9D9DADADBDC46
:101B3000DCDDDEDEDFE0E1E1E2E3E3E4E5E5E6E78C
:101B4000E7E8E9E9EAEBEBECEDEDEEEFEFF0F1F1D0
:101B5000F2F3F3F4F5F5F6F7F7F8F9F9FAFBFBFC15
:101B6000FDFDFE4348515D6C7D8FA2B4C5D5E2ED0D
:101B7000F6FBFEFEFBF7F0E8DFD5CBC1B8B0A9A3BA
:101B80009E9B9A9A9B9EA1A6ABB0B5BABFC4C8CB88
:101B9000CDCFCFCFCFCDCCC9C7C4C1BEBCB9B7B5EF
:101BA000B4B3B3B3B3B4B5B6B8B9BBBCBEBFC0C1B0
:101BB000C1C2C2C2C2C2C1C0C0BFBEBDBCBCBBBB31
:101BC000BABABABABABABBBBBBBCBCBDBDBDBEBE5D
:101BD000BEBEBEBEBEBEBEBEBEBDBDBDBDBDBCBC2E
:101BE000BCBCBCBCB7AEA29382705D4B3A2A1D123E
:101BF0000904010104080F17202A343E474F565CA0
:101C00006164656564615E59544F4A45403B3734B1
:101C10003230303030323336383B3E414346484A2A
:101C20004B4C4C4C4C4B4A494746444341403F3E49
:101C30003E3D3D3D3D3D3E3F3F40414243434444A8
:101C4000454545454545444444434342424241415C
:101C5000414141414141414141424242424243436B
:101C6000434343430101010101010101010101015C
:101C7000010101010101010101015555555555555C
:101C80005555555555555555555555555555555504
:101C900055555555555555555555555555555555F4
:101CA00055555555AAAAAAAAAAAAAAAAAAAAAAAAE8
:101CB000AAAAAAAAAAAAAAAAAAAAAAAAAAAAAAAA84
:101CC000AAAAAAAAAAAAAAAAAAAAAAAAAAAAAAFE20
:101CD000FEFEFEFEFEFEFEFEFEFEFEFEFEFEFEFE24
:101CE000FEFEFEFEFEFEFEFEFEFEFEFEFEFEFEFE14
:101CF000FEFEFEFEFEFEFEFEFEFEAAAAAAAAAAAAFC
:101D0000AAAAAAAAAAAAAAAAAAAAAAAAAAAAAAAA33
:101D1000AAAAAAAAAAAAAAAAAAAAAAAAAAAAAAAA23
:101D2000AAAAAAAAAA5555555555555555555555BA
:101D30005555555555555555555555555555555553
:101D40005555555555555555555555555555550197
:101D50000101010101010101010101010101010173
:101D600001010101010101010101121212121212FD
:101D70001212232323232323232323343434343400
:101D800034343444444444444444444455555555FF
:101D900055555555666666666666666666777777F4
:101DA00077777777778888888888888888889999E6
:101DB00099999999999999AAAAAAAAAAAAAAAABBE9
:101DC000BBBBBBBBBBBBBBBBCBCBCBCBCBCBCBCBE3
:101DD000DCDCDCDCDCDCDCDCDCEDEDEDEDEDEDEDCC
:101DE000EDFEFEFEFEFEFEFEFEFEEDEDEDEDEDED8A
:101DF000EDEDDCDCDCDCDCDCDCDCDCCBCBCBCBCB56
:101E0000CBCBCBBBBBBBBBBBBBBBBBBBAAAAAAAA36
:101E1000AAAAAAAA99999999999999999988888821
:101E200088888888888877777777777777776666FE
:101E300066666666666666555555555555555544EC
:101E400044444444444444443434343434343434D2
:101E500023232323232323232312121212121212C9
:101E600012010101010100030104020501007F15B7
:101E700002007F2A03007F0004007F0005007F002E
:101E800006007F007800000400010000100001013E
:101E900000011000001600002A00011600012A00AF
:101EA000000000005555F5F5B5B5D5D555AB5559DC
:101EB0009595090949924952494919D56B6B5B5B64
:101EC0007777B76D57576F6FDF7611A9C16F01D163
:101ED000AB028E03000455051C070008AB0A001076
:101EE00055150020AB2A004055550080FFFF8C247B
:101EF0002C041404FC03E403CC03B4039C03840308
:101F00006C0354033C0324030C03F402DC020C03B3
:101F1000C402AC0294027C0264024C0234021C0231
:101F20000402EC01D401BC01A4018C01740124035E
:101F3000A41E540134011401F400D400B4002D3067
:101F40003132333435363738390020434323204487
:101F50004423204520464623204747232041412350
:101F600020420000000000000000004C004E008DE8
:101F700000930006010A012A0179009E00BD0012AB
:101F8000016E010D0123011D01000000002A015214
:101F9000014201390100003E01000005002A010054
:101FA000FF10000000005801000100007F0100FF49
:101FB00011010001005801000203DC240100FF0EA2
:101FC000020002005801000303C0400100FF0F039C
:101FD0000003005801000405002A0100FF12000060
:101FE00000005901000500007F0100FF13010001FE
:101FF000005901000603DC240100FF140200020066
:102000005901000703C0400100FF150300030059F8
:1020100001000801003F0100FF16C30004005A013F
:1020200000090600050100FF17C40006005A010060
:102030000A01003F0100FF18460008005A01000B8A
:1020400007000A0100FF19000000005A01000C01FE
:10205000003F0100FF1A050005005A01000D0100B4
:102060003F0100FF1B610061005A01000E01003FAB
:102070000100FF0CC700C7005A01000F01001F013B
:1020800000FF0DC800FC005A01001000007F010095
:10209000FF4AFD00FD005C01001101003F0100FF4F
:1020A00047090009005C0100120800020100FF1C42
:1020B0000A000A005C01001300007F0100FF1DFD03
:1020C00000FD005D01001401003F0100FF1E09003A
:1020D00009005D0100150800020100FF1F0A000A47
:1020E000005D01001601003F0100FF030B000B0023
:1020F0005C01001701003F0100FF090C000C005CAF
:102100000104000200020100FFFF1500150000009D
:10211000001800007F03080049CB000F005E01009B
:102120001900007F0308004B100010005E01001A28
:1021300000007F03080046110011005E01001B0033
:10214000007F03080048120012005E01001F090012
:10215000020308002C130013005B01001D0A008E0F
:102160000308002D140014005B01001C0B00130376
:1021700008002E000000005B01003100007F01001C
:10218000FF2F14001400160000300B00030100FFA5
:1021900030000000001600040102000D0100FFFFE6
:1021A0001C001B00000000320C00180E0301FF474A
:1021B0000017001B0000330D00140E0301FF180070
:1021C00018001B00003403C13F0E0301FF46000846
:1021D000001B0004020200030100FFFF1F001E009D
:1021E0000000005C0C001E040302FF190019001E11
:1021F00000005D0C001E040302FF1A001A001E00FE
:10220000005E0E000A040302FF070007001E000123
:102210007000007F0100FF07200020002A000171EC
:1022200003FE020100FFFF4B0021002A00017203A0
:10223000817F0100FF5E030003002A00017301009B
:10224000280100FF5F490022002A0001740F001FCF
:102250000100FFFF260026002A000175040001018D
:1022600000FF44230023002A00017601003F010003
:10227000FF05240024002A0001771000040100FF5C
:10228000664A0025002A0001781100050100FF6759
:10229000270027000E0101790301040100FF6802F5
:1022A0000002000E01017A02001D0100FF692800F2
:1022B00028000E01017B15000E0100FF6A3000307E
:1022C000000E01017C0101200100FFFF34003100FC
:1022D0003A01017D0101200100FFFF350032003A83
:1022E00001017E0101200100FFFF360033003A01A9
:1022F000017F1200050100FF6B0A000A002A00049A
:10230000030200050100FFFF2A002A00000002006E
:10231000190010060403FF290029002A00020113F6
:10232000007F060403FF2E002E002A000202130085
:102330007F060403FF2F002F002A0002181427F045
:102340000100FFFF2B002B0061010219160005019F
:1023500000FFFF370037006101021A00007F010013
:10236000FFFF460008006101021B0100080100FF99
:10237000FF2C002D006101030017000F0100FFFF7B
:102380003F003F00380003011800040100FFFF4038
:10239000004000380003020400010100FFFF3A0082
:1023A0003A00630103030400010100FFFF39003913
:1023B00000630103040400010100FFFF3B003B0038
:1023C000630103050400010100FFFF3C003D0063C1
:1023D0000103060400010100FFFF3E003E0063010F
:1023E000006803C13F0100FF6C0D000D005C01009F
:1023F0006903C13F0100FF6D0E000E005C01030781
:102400001A00020100FFFF420042006301030804BA
:1024100000010100FFFF41014300630101000000D2
:102420000220F40C20001F000000000060000000EB
:10243000000018000028143C002700000028002895
:10244000002F000000286428003F00000048000022
:102450000000010003020003030004000004010067
:10246000050600060C000B0C000C060002123F0EC5
:102470001210100420060410030400040500050BCC
:10248000000B0C000000000000000000040004002D
:102490000400040005000500050006000600070012
:1024A0000700070008000800090009000A000B00E7
:1024B0000B000C000D000E000E000F0010001100AC
:1024C0001200140015001600170019001A001C0055
:1024D0001E001F0021002300250028002A002D00D7
:1024E0002F003200350039003C0040004300470017
:1024F0004C00500055005A00600065006C007200EE
:1025000079008000880090009900A200AC00B6001D
:10251000C100CC00D900E600F30002011101220144
:102520003301450159016E0184019B01B301CD01C5
:10253000E90106022502460269028E02B502DF02A7
:102540000B0339036B039F03D60311045004920459
:10255000D80422057005C4051C067906DD06460769
:10256000B5072B08A8082D09B9094E0AEC0A930BE8
:10257000450C010DC80D9B0E7A0F671063116D128B
:102580008713B214EF153F17A3181C1A6048403088
:10259000242018100C080604030201F00021020098
:1025A000042F42414E4B2F002F484953544F52594C
:1025B0002F002F434C49504252442F434C49504224
:1025C0005244000000010001010100000000000071
:1025D000000004EB29FF27CC29FB27573FBC295DCE
:1025E0003F00004D3FCD47A029E42700EC04000147
:1025F0000203040506070100F001EC04080D0C0BB2
:10260000090A0E0F00000F02EC041011FF1216173A
:10261000494A0201F003EC04181E1F1D191A1B1C65
:102620001302F004EC04FF2021FFFFFFFFFF030271
:102630000F05EC0422232425262728291403F0065D
:10264000EC042A392F302B2C2D2E0704F007EC0434
:10265000313233343536373808040F08D4040000DB
:102660000000000000000604FF09BC043A3B3C3DAA
:10267000FFFFFFFF0A05F00AEC043E3F4041FFFF69
:10268000FFFF09050F0BA404F0F1F2F3F4F5F6F7E0
:102690000C06F00C8C0400000000000000000B068B
:1026A0000F0D740400000000000000000D07F00E84
:1026B0005C0400000000000000000D08F00FEC04B6
:1026C00042434748444546F81008F010EC044B4C90
:1026D000FFFFFFFFFFF90F08F011440400000000A6
:1026E000000000001108F0796573207C206E6F00F7
:1026F0006B6E6F6220787C70617274207A7C0070DF
:102700006572666F726D616E6365207061676520CA
:10271000637573746F6D697A6174696F6E00286593
:102720006D707479292020202020202000007573EE
:10273000652063757272656E74206D756C746920A6
:1027400061732064656661756C743F006D756C74AF
:102750006900204120207C206120207C2031202025
:102760007C205F20207C207E20207C207E2020205A
:10277000736176657C6578697400207C202020690F
:102780006E69747C73656E647C736176657C766556
:102790007273696F6E7320206D6F72657C657869E6
:1027A0007400707265667C7E696E697C4669726DC4
:1027B0007761726520757064617465202020202027
:1027C0006D6F72657C657869740053442063617233
:1027D0006420492F4F206572726F720078000000EC
:1027E000000000000001000A10101001FFFF8080AF
:1027F000CCCC20200020406080A0C0FF00102040F2
:1028000080FF80402020202000008040BC643C6489
:10281000B0643064BC643C64B0643064BC643C64E8
:10282000B064B0E4BC643C64B06430640000000098
:10283000440E3A0E340E2F0E270E1E0E140E0B0EE3
:10284000040EFA0DF50DEC0DE30DDA0DD10DCA0DE8
:10285000C40DBC0DB40DAC0DA70DA00D960D8F0DC4
:10286000830D7F0D7B0D700D690D700D600D590D81
:10287000520D4B0D440D3D0D320D2A0D250D1B0D36
:10288000130D0B0D060D020DFD0CF70CF30CEE0CE9
:10289000E90CE00CD70CCE0CC90CC40CBF0CB80C66
:1028A000B30CAE0CA90C9D0C980C8E0C820C760C03
:1028B0006C0C680C610C530C4E0C490C440C3F0C16
:1028C0003B0C360C310C2C0C280C250C200C1C0C51
:1028D000150C0C0C070C020CFB0BF40BED0BE60BB0
:1028E000DD0BD40BCB0BC20BB80BB40BB10BAB0B8A
:1028F000A70BA10B9B0B960B8F0B890B810B7B0BF3
:10290000750B6F0B6A0B630B5D0B570B4F0B470B74
:102910003F0B360B310B270B200B1B0B160B110B30
:10292000090B050B010BFD0AF80A070CF30AEE0A66
:10293000E90AE40ADF0ADA0AD50AD00ACB0AC60A8B
:10294000C10ABC0AB70AB20AAD0A280CA80AA00A32
:102950009C0A970A920A8D0A880A830A7E0A790AD3
:10296000740A6E0A670A620A5C0A580A530A4E0A17
:10297000490A440A3F0A3A0A350A300A2B0A260A4B
:10298000210A1C0A170A130A0E0A090A040AFF0977
:10299000FA09F509F009EB09E609E109DC09D709AB
:1029A000D309CF09CB09C809C509C009BB09B609B4
:1029B000B109AC09A709A3099E09E6099A09950975
:1029C00090098B09860981097C097709350A730901
:1029D0006E09690963095D09570951094B094509E0
:1029E0003F09380931092A0923091C091509130A65
:1029F0000E0A0E0907090009F908F308F009EB09A6
:102A0000A10BEC08E608E008DB08D608D108CD08E1
:102A1000C908C108B908B308AD08A5089D08A309ED
:102A20009E09A10B96089509900886088609CA0D8B
:102A3000C40DB40D3F0973097F0878087508720842
:102A40006F086C0867085F0857084E084508130DA3
:102A5000F70C3B08280C370832082D0829082508F0
:102A60009C0A22081F081B08170812080D080808EE
:102A7000FE07F707F107EE07E907E107DA07EC08B9
:102A8000D407D007CC07C807C407C007BC07B807DE
:102A9000B407B007AC07A707A2079D0798079307DD
:102AA0008E0789077F077507F107700769075F07BA
:102AB000550750074B07460741073C0737073207C2
:102AC0002D07280723071E07190714070F070A07F2
:102AD00005070007FA06F206ED061708E706E00606
:102AE000D306C606C006BC06B306AA06A10695060E
:102AF0008F0689067D0676066B065D06500646063D
:102B000041063B0632062A06240620061A0615064A
:102B100009060206FC05F505ED05E505DF05D90505
:102B2000D305CB05C505C005B305AB05A1059705C4
:102B3000900589057C057005640559055005450516
:102B40003D0535052E05220515050A0504052F56F8
:102B50004F494345242E42494E002F414D42494B97
:102B6000412E42494E006578697400696E73746144
:102B70006C6C007570677261646500757067726176
:102B8000646500414C4C00706F72742031206465A4
:102B900076696365203F2020004B5A616D62696B46
:102BA00061002F564F494345242E42494E003C2D8B
:102BB0006261636B006D6F72652D3E0007206E6F62
:102BC0007465200776656C6F636974792007737488
:102BD000657073657120310773746570736571205A
:102BE0003200636F70797C737761707C706173748D
:102BF000652020202020203C3C207C203E3E207C64
:102C00006B6565707C657869740076657273696F51
:102C10006E00766F69636563617264000001020390
:102C20000405060708090A0B0C0D0E0F10111213EC
:102C300014151617191A1B1C1F1EFF1D191A1B1C11
:102C40001F1EFF1D191A1B1C1F1EFF1D21202324E0
:102C50002523242523242523242523242523242533
:102C60002324252324252324252324252324252325
:102C700024252324252324252728292728292728F4
:102C800029272829494AFFFFFFFFFFFF2A2B2C2D68
:102C90002E2F3031323334353637383900000000CA
:102CA0000000000000000000000000000000000024
:102CB0000000000000000000000000000000000014
:102CC0000000000000000000000000000000000004
:102CD000000000000000000000000000FFFFFFFFF8
:102CE000FFFFFFFFFFFFFFFFFFFFFFFFFFFFFFFFF4
:102CF000FF1011160106071E30FFFFFF1CFFFFFF2C
:102D0000FFFFFFFF1C20080C0D191A1B1CFFFFFF03
:102D1000FFFF1A1B1CFFFF31FFFF1A1BFFFFFF16EF
:102D2000FF30FF2AFF17FFFF0E0F0203000104050B
:102D3000060708090A0B0C0D12131415FFFFFFFFFD
:102D4000FFFFFFFFFFFFFFFF1D1E1F2021FFFFFFF3
:102D50001D1E1FFFFFFFFFFF1D1E1FFFFFFFFFFFC9
:102D60002FFF1B111C19101AFFFF1BFF1C19FF1A44
:102D7000FFFF1BFF1C19FF1AFFFF2C2DFFFFFFFF9A
:102D8000FFFF313233343539494AFFFFBA5EB5634C
:102D900011241FBECFEFD0E1DEBFCDBF11E0A0E018
:102DA000B1E0EAE9FAEC02C005900D92AA33B1074E
:102DB000D9F72FE0AAE3B1E001C01D92A23FB2070C
:102DC000E1F716E1C7ECD6E104C02197FE010E94AD
:102DD0002C64C63CD107C9F70E94CE5E0C942165D5
:102DE0000C9400008FEF8EBD0DB407FEFDCF8EB5A5
:102DF00008950F931F93CF93DF938C01EB0184E130
:102E00008093EB04EFDF8F3F39F48091EB04811165
:102E1000F9CF90E080E027C08E3FD9F7F8018FEF1F
:102E20008EBD0DB407FEFDCF8EB580838FEF8EBDB6
:102E30000DB407FEFDCF8EB581838FEF8EBD0DB42F
:102E400007FEFDCF8EB582838FEF8EBD0DB407FEDA
:102E5000FDCF8EB5838324973496209701F7C2DF88
:102E6000C1DF81E090E0DF91CF911F910F91089534
:102E70002C9AB8CF82E38093EA04B4DFB3DF8F3FAC
:102E800039F08091EA048111F9CF90E080E0089553
:102E900081E090E008951F93CF93DF93182FD92FEF
:102EA000C62FE8DF9C01892B69F1CEBD0DB407FE6A
:102EB000FDCF21E030E0CD3F29F1E12FFD2FCF0103
:102EC0009E5F20812EBD0DB407FEFDCF21812EBD5A
:102ED0000DB407FEFDCF3296E817F90791F78FEF93
:102EE0008EBD0DB407FEFDCF8FEF8EBD0DB407FE76
:102EF000FDCF78DF8F7141E090E0853009F040E050
:102F0000242F392FC901DF91CF911F910895CF93BD
:102F1000DF932C98AFDFEC01892B29F4A9DFCE01D8
:102F2000DF91CF910895C1E0D0E0F9CFCF92DF9249
:102F3000EF92FF92CF93C82F6A017B0187FF09C0F0
:102F400040E050E0BA0187E3F1DF823008F03CC096
:102F5000CF778EDFDCDF892B09F43CC043DF8C2F79
:102F600080648EBD0DB407FEFDCF8F2D9927AA2753
:102F7000BB278EBD0DB407FEFDCFC701AA27BB2717
:102F80008EBD0DB407FEFDCFBB27AF2D9E2D8D2D21
:102F90008EBD0DB407FEFDCFCEBC0DB407FEFDCF38
:102FA00085E9CC2321F087E8C83009F081E08EBDA7
:102FB0000DB407FEFDCFCC3009F414DFCAE012DFF8
:102FC00087FF02C0C150D9F7CF91FF90EF90DF90FB
:102FD000CF9008958FEFF8CFCF92DF92EF92FF92CC
:102FE0000F93CF93DF93EB0169017A0181114FC0F9
:102FF000002309F44CC08091150180FD4AC08091E6
:10300000150182FD48C08091EC0483FD07C099E062
:10301000CC0CDD1CEE1CFF1C9A95D1F70130C9F4D5
:10302000B701A60188E182DF81112FC06EEFCE01CA
:1030300032DF892B09F000E01BDF81E0011101C0C4
:1030400080E0DF91CF910F91FF90EF90DF90CF90D4
:103050000895867031F0402F50E070E060E087E91D
:1030600065DFB701A60189E161DF8111E5CF6CEF72
:10307000CE0111DF892B19F0DE5F0150C1F76DEF32
:1030800090E080E008DF892BB9F601E0D5CF84E03D
:10309000D8CF83E0D6CF82E0D4CF0F93CF93DF9306
:1030A000EB01E42F952FA9016E2F792F81113BC0E1
:1030B000002309F438C08091150180FD36C080914D
:1030C000EC0483FD07C089E0440F551F661F771F7E
:1030D0008A95D1F70130A1F481E128DF811107C081
:1030E00060E072E0CE0185DE892B09F000E0C0DEF1
:1030F00081E0011101C080E0DF91CF910F9108952F
:1031000082E114DF8111F3CF60E072E0CE0171DE65
:10311000892B19F0DE5F0150B9F740E050E0BA01A9
:103120008CE004DFE4CF84E0E7CF83E0E5CFA4E0E8
:10313000B0E0EDE9F8E10C946164811199C08091EF
:10314000150181FF06C0809115012496E8E00C94DA
:103150007D6482E08093EB048091EB048111FCCFCD
:1031600082E58CBD1AE03EDE1150E9F740E050E008
:10317000BA0180E0DBDE082F813009F067C084E609
:103180008093EB044AEA51E060E070E088E0CEDE34
:10319000813009F03BC08E010F5F1F4F6E0185E04B
:1031A000C80ED11C78011EDEF70181937F01EC155A
:1031B000FD05C9F78B81813009F048C08C818A3ABE
:1031C00009F044C08091EB04882341F040E050E0D6
:1031D00060E070E489EAAADE8111F4CF8091EB040B
:1031E0008823A1F140E050E0BA018AE39FDE81111B
:1031F0002DC0F8DDF80181938F01EC15FD05C9F7AD
:10320000898114E086FF23C01CE021C040E050E02B
:10321000BA0189EA8BDE11E0823010F412E009EA8B
:103220008091EB04882339F040E050E0BA01802F10
:103230007DDE8111F5CF8091EB04882339F040E0E9
:1032400052E060E070E080E171DE811110E01093E7
:10325000EC040EDE80911501112331F08E7F8093F6
:10326000150180E58CBD6FCF8160809315016BCF18
:1032700081E06BCFCF92DF92EF92FF92E0917305E6
:10328000F0917405309709F010821092750585E76A
:1032900095E090937405809373058FB7F894C09070
:1032A0006F05D0907005E0907105F09072058FBFAA
:1032B0008EEEC80E82E0D81EE11CF11C2FB7F894E8
:1032C00080916F0590917005A0917105B091720584
:1032D0002FBF8C159D05AE05BF0558F480E027DF94
:1032E000982F817090FDEACFFF90EF90DF90CF9004
:1032F000089581E0F9CFFC01309791F020812223DD
:1033000079F0268137812617370751F481818111A1
:1033100005C090911501892F817090FD83E008957B
:1033200089E008950F93CF93DF93EC019A01AB01ED
:10333000BC01625D7F4F01E08981AFDE811126C053
:10334000FE01E45DFD4F2081318125353A4A01F5CA
:10335000E85CF14040815181628173817727463476
:1033600051446445710571F0C058DF4F488159815F
:103370006A817B81772781E0463451446445710539
:1033800009F480E0DF91CF910F91089583E0FACFA7
:1033900082E0F8CFA2E1B0E0E0EDF9E10C945764EF
:1033A000DC019B01142FED91FC9111978081082E77
:1033B000000C990BC0978A30910568F04091730515
:1033C000509174055A8B498BD9014D935C93452BD1
:1033D00061F41CE01CC041814A3381F73296ED93C1
:1033E000FC93892B59F31BE012C0E989FA8980818B
:1033F000882391F0818181110FC08091150180FD9A
:103400000BC0112321F0182F147082FD1AE0812FB8
:103410006296E2E10C947364A989BA891C921196B0
:103420001C9280E084DE80FD05C2112311F082FD34
:10343000EDCF40E050E0BA0189899A8973DF182FF7
:10344000813009F0B9C1E989FA89E051FE4F8081E4
:10345000811102C01DE0DBCFE989FA89EC50FE4FF3
:1034600080809180A280B380B501A40189899A8966
:1034700059DF182F133009F4DFC11111EBCFE9899F
:10348000FA8981AD92AD8115924021F7E989FA89D7
:10349000EC5BFF4F40805180712C612C4114510432
:1034A00041F4E989FA89EE5AFF4F408051806280E9
:1034B0007380A989BA895A964D925D926D927C92D9
:1034C0005D97DE964C91DE9713964C9313978FEF92
:1034D000840F823008F0BECFDB960C91DB971296FA
:1034E0000C931297002309F4B5CF202F30E0C901C7
:1034F000019780239323892B09F0ACCFFD01FF9620
:103500002080318019963C922E921897C1018F70BD
:103510009927892B09F09ECF3296C080D180F12C5B
:10352000E12CC114D10441F4E989FA89E25BFF4F2F
:10353000C080D180E280F380A989BA89DC96ED91C0
:10354000FC91309709F486CFA42FB0E0A30192013B
:103550000E944D646D877E878F87988B9F0150E016
:1035600040E029873A874B875C87C10164E09695E4
:1035700087956A95E1F7280F391F411D511DDA0122
:10358000C9012D853E854F855889280F391F4A1F4F
:103590005B1F2D833E834F835887C216D306E406F4
:1035A000F50608F457CFD701C601821B930BA40B75
:1035B000B50B89839A83AB83BC83C02ED12CF12CAD
:1035C000E12CBC01CD01A70196010E94EE63898127
:1035D0009A81AB81BC818C159D05AE05BF0508F4B1
:1035E00039CF263F9FE039074105510508F4E8C06F
:1035F000263FAFEF3A074105510508F4E4C0B3E0B8
:10360000B98369017A0182E0C80ED11CE11CF11C6A
:10361000A989BA895696CD92DD92ED92FC9259977E
:103620008D819E81AF81B885880D991DAA1DBB1D16
:10363000E989FA8986A397A3A0A7B1A789859A8566
:10364000AB85BC85880D991DAA1DBB1D868F978FE4
:10365000A0A3B1A3F981F33009F0B8C0211431045B
:1036600009F0F8CEE989FA89E65AFF4F8081918105
:10367000A281B381E989FA8982A393A3A4A3B5A304
:1036800042E0CC0CDD1CEE1CFF1C4A95D1F73FEF4D
:10369000C30E31E0D31EE11CF11C89E0F694E794DF
:1036A000D794C7948A95D1F74C145D046E047F04B7
:1036B00008F4D0CE8FEF9FEFDC01E989FA89868785
:1036C0009787A08BB18B1286138614861586B981D5
:1036D000B33009F057C01582E25AFF4F80819181C3
:1036E000A5019401280F391F411D511DA989BA89CF
:1036F00052962D933D934D935C93559701E0BD01F8
:10370000625D7F4F11968C91C8DC81113BC0E989C5
:10371000FA89E45DFD4F8081918185359A4A91F562
:10372000E989FA8986A597A5A0A9B1A9823592450C
:10373000A146B14439F5E989FA89EE5EFD4F8081F1
:103740009181A281B38182379247A144B146D1F4DD
:10375000E989FA89E65EFD4F80819181A281B3817A
:10376000E989FA8982879387A487B587EA5EFD4F46
:1037700080819181A281B381E989FA8986879787BF
:10378000A08BB18BE981A989BA89EC938091E80477
:103790009091E90401969093E9048093E8041796C8
:1037A0009C938E9316979A961D921D921D921C9231
:1037B0009D9714961C922BCE812C912C54015ACE9D
:1037C000E1E0E9831ECFF2E0F9831BCF211431043D
:1037D00009F440CE2D853E854F855889820F931F71
:1037E000A41FB51FE989FA8982A393A3A4A3B5A353
:1037F000F981F23029F4CC0CDD1CEE1CFF1C47CF04
:10380000A3E0B0E0A70196010E944D646D837E8322
:103810008F839887DC01CB01B695A79597958795FF
:1038200021E0C222DD24EE24FF24C80ED91EEA1EA8
:10383000FB1E2DCF13E0EBCD11E0E9CDA4E0B0E00D
:10384000E4E2FCE10C946764FC019A01AB012250B4
:1038500031094109510986899789A08DB18D029757
:10386000A109B109281739074A075B0700F5A281AA
:10387000B0E00E944D6469837A838B839C8386A128
:1038800097A1A0A5B1A529813A814B815C81280F20
:10389000391F4A1F5B1F29833A834B835C836981ED
:1038A0007A818B819C812496E2E00C948364198256
:1038B0001A821B821C82F3CF4F925F926F927F928B
:1038C000AF92BF92CF92DF92EF92FF920F931F932E
:1038D000CF93DF93EC016A017B014AA45BA46CA443
:1038E0007DA44C145D046E047F0481F480E0DF91BC
:1038F000CF911F910F91FF90EF90DF90CF90BF90ED
:10390000AF907F906F905F904F9008958C81811160
:1039100014C0C114D104E104F10441F301E0A70192
:103920009601BE01625D7F4F8981B7DB811111C0B5
:10393000CAA6DBA6ECA6FDA6DACF5E018EE2A80E33
:10394000B11C01E0A3019201B501898145DB882307
:1039500011F081E0CCCF1C828E8D9F8DA8A1B9A1E2
:103960004A8D5B8D6C8D7D8D840F951FA61FB71FB3
:10397000481659066A067B0660F61B81123048F22B
:103980008A8D9B8DAC8DBD8D480E591E6A1E7B1E87
:1039900001E0A3019201B50189811EDB1150EECF38
:1039A000B0E0A0E0E6EDFCE10C945964EC016A01A2
:1039B0007B01480159018881823009F464C0833059
:1039C00009F481C0813009F0BCC08A0116950795C1
:1039D000040F151FC801892F992786954E8D5F8D7D
:1039E00068A179A1480F591F611D711DCE0164DFC7
:1039F00081113BC0882DF801F170EC0FFD1F2601ED
:103A0000370121E04222552466247724C0FE07C0F6
:103A100086A58F7090E1899E90011124822B86A744
:103A20000F5F1F4F81E08C83C801892F99278695EE
:103A30004E8D5F8D68A179A1480F591F611D711DC1
:103A4000CE013ADF811111C01170FE01E00FF11FAC
:103A5000411451046104710479F064E0B694A794B0
:103A6000979487946A95D1F786A691E09C83CDB709
:103A7000DEB7E0E10C94756496A5907FA92DAF7038
:103A80008A2E892AF1CF77276F2D5E2D4D2D8E8DB1
:103A90009F8DA8A1B9A1480F591F6A1F7B1FCE0196
:103AA0000BDF8111E2CFCC0CDD1CEE1CFF1CE89477
:103AB000C0F8B1E0DB22EE24FF24FE01EC0DFD1D79
:103AC00006A797A6D2CF8E8D9F8DA8A1B9A137E06A
:103AD00076956795579547953A95D1F7480F591FB1
:103AE0006A1F7B1FCE01E8DE8111BFCF92E0CC0CB4
:103AF000DD1CEE1CFF1C9A95D1F72CEFC22221E0B1
:103B0000D222EE24FF24F601BE96EC0FFD1F938116
:103B1000428150E070E060E0BA0155274427792BDC
:103B2000CC0EDD1E442755276627707F842A952AF0
:103B3000A62AB72AD6019E968C929182A282B3823F
:103B400094CF82E092CFAF92BF92CF92DF92EF926A
:103B5000FF921F93CF93DF93EC016A017B0182E018
:103B6000C816D104E104F10408F4BDC08E899F8910
:103B7000A88DB98DC816D906EA06FB0608F0B3C0B1
:103B80008881823009F452C0833009F46FC08130DB
:103B9000A9F45A01B694A794A40EB51EC501892FA5
:103BA000992786954E8D5F8D68A179A1480F591F81
:103BB000611D711DCE0180DE882321F06FEF7FEF44
:103BC000CB0128C0F501F170EC0FFD1F16A58FEF9A
:103BD000A81AB80AC501892F992786954E8D5F8D41
:103BE00068A179A1480F591F611D711DCE0164DEC6
:103BF0008111E4CF81E0B822CA0DDB1D8EA5782F9C
:103C0000612FC0FE11C0B4E076956795BA95E1F7D3
:103C100090E080E0DF91CF911F91FF90EF90DF90D7
:103C2000CF90BF90AF9008957F70F2CF77276F2D20
:103C30005E2D4D2D8E8D9F8DA8A1B9A1480F591FC6
:103C40006A1F7B1FCE0138DE8111B8CFCC0CDD1C82
:103C5000EE1CFF1CE894C0F881E0D822EE24FF247B
:103C6000CC0DDD1D8FA56EA5782FD2CF8E8D9F8DAB
:103C7000A8A1B9A1E7E07695679557954795EA958C
:103C8000D1F7480F591F6A1F7B1FCE0115DE811126
:103C900095CF82E0CC0CDD1CEE1CFF1C8A95D1F781
:103CA0008CEFC82281E0D822EE24FF24F601BE96D4
:103CB000EC0FFD1F2381628170E090E080E0CB017A
:103CC00077276627922BCC0DDD1D2EA5622BC18098
:103CD000D12CDC2CCC24F12CE12C6C297D298E29D3
:103CE0009F299F7097CF61E070E080E090E092CFD5
:103CF000A6E0B0E0EEE7FEE10C9463648C016D8316
:103D00007E83ED81FE81DC011596FC93EE93149782
:103D100016964D915D916D917C91199741305105A9
:103D20006105710529F482E02696E6E00C947F6433
:103D3000ED91FC9186899789A08DB18D481759071F
:103D40006A077B0780F7411551056105710509F088
:103D500041C08081833049F442A153A164A175A17F
:103D60004115510561057105A9F5D8011A961D92F5
:103D70001D921D921C921D97808591852D813E81FB
:103D80002817390780F682A193A1A4A1B5A144E028
:103D9000369527954A95E1F7820F931FA11DB11D16
:103DA000F80186879787A08BB18BD801808191819C
:103DB0008E96ED81FE81EF70FF2725E0EE0FFF1F4D
:103DC0002A95E1F7E80FF91F5396FC93EE9352976B
:103DD00080E0AACFE280F0E1EF9E70011124D801CB
:103DE0008D919C911197ED81FE81EE15FF05E8F410
:103DF0001A964D935D936D937C931D971FDD698398
:103E00007A838B839C838D819E8134E09695879500
:103E10003A95E1F729813A814B815C81280F391F5E
:103E2000411D511DDA01C901BBCF8DDE462F572F31
:103E3000BC014F3F2FEF520762077207D1F04230AB
:103E400051056105710508F46ECFD801ED91FC9123
:103E500086899789A08DB18D481759076A077B0716
:103E600008F061CFED81FE81EE19FF09FE83ED833D
:103E7000B6CF81E059CFCF93DF93EC016C817D8188
:103E800037DF811111C04E855F8568897989888106
:103E9000998112DD811108C0EA89FB8995EE908332
:103EA000E881F98191E09483DF91CF910895B0E0AA
:103EB000A0E0EDE5FFE10C945964EC014A015B01DF
:103EC00081149104A104B104B9F44A845B846C8424
:103ED0007D84411451046104710449F08E899F89E5
:103EE000A88DB98D481659066A067B06D0F0412C7C
:103EF000512C3201439415C026DE6B017C0122E077
:103F0000C216D104E104F10408F4A7C08E899F8988
:103F1000A88DB98DC816D906EA06FB06D8F024018B
:103F20003501730162018FEFC81AD80AE80AF80A4E
:103F30008E899F89A88DB98DC816D906EA06FB0619
:103F4000A8F022E0421651046104710450F4C12C1F
:103F5000D12C7601C701B601CDB7DEB7E0E10C94F4
:103F6000756422E0C22ED12CE12CF12CB701A60100
:103F7000CE01E9DD462F572FBC01411551056105E2
:103F80007105C1F04F3F8FEF58076807780729F494
:103F9000CC24CA94DC2C7601DDCF4130510561057B
:103FA000710509F45AC0C414D504E604F70409F0F5
:103FB000BACFCDCF22E0C216D104E104F10408F457
:103FC0004CC08E899F89A88DB98DC816D906EA067E
:103FD000FB0608F042C00FEF1FEF2FEF3FE0B701E5
:103FE000A601CE01DDDC811135C081149104A1044C
:103FF000B104C9F4CA86DB86EC86FD868E859F8572
:10400000A889B9898F3F2FEF9207A207B20709F459
:10401000A1CF0197A109B1098E879F87A88BB98B82
:1040200081E08D8397CF82E088169104A104B104CA
:10403000A0F08E899F89A88DB98D88169906AA0649
:10404000BB0658F497018601B501A401CE01A8DC96
:10405000882381F2813009F49BCFC12CD12C7601C9
:10406000C39478CFB0E0A0E0E8E3F0E20C945C64A5
:10407000EC016B010C811D810F5F1F4F31F484E057
:10408000CDB7DEB7EDE00C9478644E855F85688926
:104090007989411551056105710589F378018FE032
:1040A000E822FF24E114F104D1F4888199814F5F63
:1040B0005F4F6F4F7F4F4E875F87688B798B4A8545
:1040C0005B856C857D854115510561057105B9F4E8
:1040D000DC0118968D919C910817190780F61D83B5
:1040E0000C83888199818E9625E0EE0CFF1C2A9521
:1040F000E1F7E80EF91EFB8AEA8A80E0C1CFFC01F5
:1041000022812150330BF801A4E0F695E795AA959A
:10411000E1F72E233F23232B11F715DD4B015C0123
:10412000F2E08F169104A104B10410F482E0A8CF4C
:104130008FEF88169806A806B80611F481E0A0CF84
:1041400088819981DC0156964D915D916D917C91AC
:10415000599784169506A606B70608F44CC0C114F4
:10416000D10409F48CCF4A855B856C857D859FDE03
:104170004B015C0187E081149104A104B10409F4AE
:104180007FCFB1E08B169104A104B10479F2EFEF77
:104190008E169E06AE06BE0689F240E050E0BA01D9
:1041A0008881998189DB782E8111C8CF2881398156
:1041B000C9018E96225D3D4F8217930751F5C88045
:1041C000D980B501A401C60139DBF60162A773A746
:1041D00084A795A7E881F98182817816F0F082A5FD
:1041E00093A5A4A5B5A587199109A109B10982A72D
:1041F00093A7A4A7B5A78A869B86AC86BD86B50182
:10420000A401888199811ADB6E877F87888B998BBF
:1042100066CFDC011D92CD01CFCF81E0848340E0E9
:1042200050E0BA01CF0148DB811188CFE881F981E4
:1042300082A593A5A4A5B5A50196A11DB11D82A730
:1042400093A7A4A7B5A77394C5CF6F927F928F92BF
:104250009F92BF92CF92DF92EF92FF920F931F93A4
:10426000CF93DF93EC017B01DB018C918F3211F056
:104270008C3519F4BFEFEB1AFB0A1E821F821886D9
:104280001986F7018081803208F0A6C070E060E0F6
:10429000CE012EDD1B8A1A8ADF91CF911F910F91DB
:1042A000FF90EF90DF90CF90BF909F908F907F9086
:1042B0006F9008953F0191C040E2DC014D93CD0124
:1042C0009BC04FEB410F4A3148F46894B1F8AF01FD
:1042D000480F591FDA010C93019699C04FE9410F1D
:1042E0004A31A8F76894B0F800EE010FF0CFE60E5F
:1042F000F71E40E0113208F444E0892B09F4AFC006
:104300008081853E11F485E0808328303105A1F558
:10431000BB0CBB0C8B2D8C70843009F44860438738
:1043200070E060E0CE01E4DC811130C04E855F8535
:104330006889798988819981BFDA811127C0EA89E2
:10434000FB898081882309F19385892F887093FDEB
:104350000EC02C899D89AF01455F5F4FE417F507BB
:10436000A9F0A22FB92F21919D91291759F070E042
:1043700060E0CE0177DED8CF8B2D8370813051F68F
:104380004061C8CF2A2F9B2FE9CF84E0EC89FD89BB
:104390009385882339F0843009F07ECF92FD7CCF5D
:1043A00085E07ACF92FD78CFEA89FB89838584FF07
:1043B000F7CF84899589B0E0A0E0DC0199278827B0
:1043C000428D538D70E060E0842B952BA62BB72B8C
:1043D0008E839F83A887B98737017301F301819189
:1043E0008F3209F467CF8C3509F464CFEC89FD89ED
:1043F0009F01255F3F4FCF012817390709F05CCF98
:1044000090E080E070E060E028E030E0B12C6F5F89
:104410007F4FD3011D913D01012F113208F467CF69
:104420001F3209F464CF1C3509F461CF1E32C9F084
:1044300082179307A0F417FD12C0C12ED12C4AE2B7
:10444000842E41E0942ED4014D914D01442309F472
:1044500038CF042E000C550BC416D506A1F786E004
:104460001BCF28303105D9F7BB0CBB0C88E090E09E
:104470002BE030E0CCCFB0E0A0E0E1E4F2E20C943D
:104480005D64EC016A017B0122E0C216D104E10403
:10449000F10408F45FC08E899F89A88DB98DC81674
:1044A000D906EA06FB0608F055C046015701B701D8
:1044B000A601CE0148DB6B017C01C114D104E104EB
:1044C000F10431F480E0CDB7DEB7ECE00C94796410
:1044D00081E0C816D104E104F104E1F12FEFC21626
:1044E000D206E206F206C1F182E088169104A10428
:1044F000B10480F18E899F89A88DB98D881699069F
:10450000AA06BB0638F500E010E09801B501A40149
:10451000CE0146DA8111D7CF8E859F85A889B989CA
:104520008F3F2FEF9207A207B20749F00196A11D16
:10453000B11D8E879F87A88BB98B81E08D838E8973
:104540009F89A88DB98DC816D906EA06FB0608F41E
:10455000ACCFB8CF82E0B7CF81E0B5CF9B01FC01F3
:10456000460F571F2417350709F40895D9018D9177
:104570009D018193F7CFB0E0A0E0E1ECF2E20C9472
:1045800058646C017B014A018091A30714E18823E0
:1045900009F491C0FA01118210826091A60770910E
:1045A000A7078091A4079091A5070E947B19182F57
:1045B000811181C08091A80787FD61C0F82FF1703B
:1045C0003F2E80FF42C18091AE079091AF07A0912E
:1045D000B007B091B1074091AA075091AB07609125
:1045E000AC077091AD07841B950BA60BB70BA70109
:1045F00070E060E084179507A607B70708F47C0110
:10460000E114F10409F457C04091AA075091AB0797
:104610006091AC077091AD07DB01CA019170AA27C8
:10462000BB27892B8A2B8B2B09F0DCC0E091A407D8
:10463000F091A507828181502A013B01A9E076947F
:10464000679457944794AA95D1F7082F042109F04D
:1046500040C0452B462B472BA1F44091B207509107
:10466000B3076091B4077091B507423051056105F9
:104670007105A8F48091A80780688093A80712E0CC
:104680001AC04091B6075091B7076091B807709172
:10469000B907CF0158DA462F572FBC01E6CF4F3F5D
:1046A0008FEF58076807780761F48091A807806842
:1046B0008093A807132D812FCDB7DEB7E1E10C94CD
:1046C00074644093B6075093B7076093B80770932C
:1046D000B907A090A407B090A5074091B6075091E4
:1046E000B7076091B8077091B907C501A7D82B012A
:1046F0003C01411451046104710409F4BBCF400E24
:10470000511C611C711CE11492E0F90608F462C0AE
:10471000E701CD2FDD27C695F5016281802F90E05E
:10472000AC014C0F5D1F262F30E06417150618F4FE
:10473000E901C81BD90B0C2FA3019201B601F501A9
:1047400081810E944D188111B0CFE091A407F091B2
:10475000A50784818823D9F082A593A5A4A5B5A532
:1047600084199509A609B709AE0170E060E08417C5
:104770009507A607B70758F4BF01625D7F4F982FD2
:104780008827990F40E052E08C0D9D1DE7DEDC2F5D
:10479000CC27DD0FCC0EDD1E8091AA079091AB07D0
:1047A000A091AC07B091AD078C0F9D1FA11DB11D4D
:1047B0008093AA079093AB07A093AC07B093AD0783
:1047C000F401808191818C0F9D1F91838083EC1A6D
:1047D000FD0A16CF4092BA075092BB076092BC0701
:1047E0007092BD072091AA073091AB07317080E02D
:1047F00092E0821B930BE7018E159F0508F4EC01F4
:104800004091BA075091BB076091BC077091BD07FA
:104810008091A4079091A5074FD8811146CF809130
:10482000AA079091AB07A091AC07B091AD0791702A
:10483000AA27BB278E966091A4077091A507680FE1
:10484000791FAE01C6018ADEA5CF17E034CF2F92C3
:104850003F924F925F926F927F928F929F92AF9210
:10486000BF92CF92DF92EF92FF920F93CF93DF939D
:104870005C016B011A018091A307C4E1882309F44C
:104880005FC0FA01118210826091A6077091A7079C
:104890008091A4079091A5070E947B19C82F8111D0
:1048A0004FC08091A80787FD61C181FFD1C1809170
:1048B000AE079091AF07A091B007B091B107AC01DE
:1048C000BD014C0D5D1D611D711D481759076A071B
:1048D0007B0708F0F0C08091AA079091AB07A091E8
:1048E000AC07B091AD074091AE075091AF07609112
:1048F000B0077091B107481759076A077B0708F49A
:104900009EC18091A80780628093A80719C040913A
:10491000B6075091B7076091B8077091B907C7DA29
:10492000462F572FBC0111C14F3FFFEF5F076F07A5
:104930007F07C9F48091A80780688093A807C1E029
:104940008C2FDF91CF910F91FF90EF90DF90CF9060
:10495000BF90AF909F908F907F906F905F904F909F
:104960003F902F9008954093B6075093B7076093F8
:10497000B8077093B9078091A4079091A507FC012F
:1049800042A453A464A475A44091BA075091BB07F4
:104990006091BC077091BD07441655066606770600
:1049A00039F440E050E0BA010E945C1C8111C2CF92
:1049B0008090A4079090A5074091B6075091B70743
:1049C0006091B8077091B907C4010E941E1C2B01A9
:1049D0003C01411451046104710409F4C2C04D0E3C
:1049E000511C611C711CC114F2E0DF0608F4C0C048
:1049F0007601EF2CFF24E694F40162818D2F90E084
:104A0000AC014E0D5F1D262F30E06417150618F41B
:104A10007901E81AF90A0E2DA3019201B501F401FA
:104A200081810E94EC17811185CF8091A40790911C
:104A3000A507FC0142A553A564A575A54419550910
:104A4000660977092701712C612C44155505660507
:104A5000770578F4542F4427550FB501640F751F5F
:104A600040E052E08E967ADDE091A407F091A50730
:104A70001482FE2CEE24FF0CAE0CBF1C8091AA0702
:104A80009091AB07A091AC07B091AD078E0D9F1D23
:104A9000A11DB11D8093AA079093AB07A093AC070B
:104AA000B093AD07F101808191818E0D9F1D91839F
:104AB0008083CE18DF084091AA075091AB07609120
:104AC000AC077091AD07C114D10409F404CFDB0128
:104AD000CA019170AA27BB27892B8A2B8B2B09F03F
:104AE00074C08091A4079091A507FC01D281D15098
:104AF0002A013B01E9E07694679457944794EA953C
:104B0000D1F7D42109F037CF452B462B472B09F09D
:104B1000FECE4091B2075091B3076091B4077091F7
:104B2000B5074115510561057105A9F440E050E054
:104B3000BA01BDD9462F572FBC014093B2075093FD
:104B4000B3076093B4077093B5074115510561052C
:104B5000710509F4C0CE413051056105710509F0B8
:104B6000E3CE8091A80780688093A807C2E0E8CED2
:104B70004091AA075091AB076091AC077091AD07C7
:104B80008091AE079091AF07A091B007B091B107A7
:104B9000481759076A077B0780F040E050E0BA01E8
:104BA000C4010E945C1C8111C5CEE091A407F09164
:104BB000A50742A653A664A675A64092BA075092CE
:104BC000BB076092BC077092BD072091AA07309185
:104BD000AB07317080E092E0821B930B76018C155D
:104BE0009D0508F47C014091BA075091BB07609184
:104BF000BC077091BD078091A4079091A5070E9402
:104C00005C1C811197CE8091AA079091AB07A0916F
:104C1000AC07B091AD079170AA27BB278E96209163
:104C2000A4073091A507A701B501820F931F96DC59
:104C3000E091A407F091A50781E084831DCF8093C4
:104C4000AE079093AF07A093B007B093B10759CECA
:104C5000C7E076CE1F93CF93DF93EC0170E060E066
:104C600047D8182F811138C04E855F8568897989AA
:104C7000888199810E945C1C182F81112DC0EA89BE
:104C8000FB898081853E59F0882349F061E070E01E
:104C9000CE01E8D9E6CFF90111929F0111C04E85EE
:104CA0005F8568897989888199810E945C1C182FA9
:104CB000811112C08A899B89AC01405E5F4F9C01C3
:104CC0004217530741F76C897D894BE050E046DC81
:104CD000E881F98181E08483812FDF91CF911F9159
:104CE00008954F925F926F927F928F929F92AF92B0
:104CF000BF92FF920F931F93CF93DF93CDB7DEB791
:104D0000A4970FB6F894DEBF0FBECDBF9CA38BA3B4
:104D1000F62E1092A5071092A407462F4E71BE01E1
:104D20006F5F7F4FCE0183960E94CA199E01295E54
:104D30003F4F3E8B2D8B811105C06BA17CA1CE0115
:104D4000019683DA0B891C89811104C001151105B4
:104D500009F486E09F2D9C7109F4D3C08823F9F0F3
:104D6000843049F4CE01019675DF6894F3F80B891D
:104D70001C898823E1F0A4960FB6F894DEBF0FBE1D
:104D8000CDBFDF91CF911F910F91FF90BF90AF905A
:104D90009F908F907F906F905F904F900895D80173
:104DA0001B968C91817109F0B7C0F3FE4EC080EC68
:104DB000F801868788E087878FE8808B8EE3818B78
:104DC0001386148E158E168E178E84889588B12CB6
:104DD000A12C540199248824828D938DB0E0A0E009
:104DE000882A992AAA2ABB2A128E138E148A158A17
:104DF00089819A8121E0DC0114962C931497811407
:104E00009104A104B104E9F09A964D905D906D90E3
:104E10007C909D97B501A4012EDB8111ACCF8981D7
:104E20009A81B1E08B1A9108A108B108FC01828631
:104E30009386A486B586B301A2010E945C1C8111F1
:104E40009ACFF3FE02C06894F5F8E981FA8182A551
:104E500093A5A4A5B5A58093BE079093BF07A09383
:104E6000C007B093C1071093C3070093C207F09225
:104E7000A807D80154968D919C91B0E0A0E05C0108
:104E800099248824D8015A964D915C9170E060E095
:104E9000D501C401842B952BA62BB72B8093B20789
:104EA0009093B307A093B407B093B507D8015C966D
:104EB0004D915D916D917C915F974093AE075093BA
:104EC000AF076093B0077093B1071092AA071092D2
:104ED000AB071092AC071092AD071092BA07109270
:104EE000BB071092BC071092BD07F093A507E09393
:104EF000A407868197819093A7078093A60780E0F7
:104F00003ACF811138CFD8011B968C9184FD06C011
:104F1000F1FE97CF80FF95CF87E02DCF84E02BCF98
:104F2000CF93C62F9A01009741F4FA0180E3819351
:104F3000C150C1111082CF91089597FF08C04DE272
:104F4000F90141939F01C15091958195910940E0EC
:104F5000E42FF0E04F5FE652FB4F6AE070E00E9402
:104F6000DB638083CB01009799F7842F522F932F17
:104F7000882369F08150E52FF92FA82FB0E0A652C1
:104F8000BB4F9C91905D91935E2F9F2FF1CFF901C4
:104F9000E40FF11DC41BCDCFEBECF4E080EF878371
:104FA0008FE08083818382838483858386831382D9
:104FB0000895E091C904F091CA048585E485F0E084
:104FC000E553FB4F8083089508958091E10482307A
:104FD00011F41092E10481E0089581E00895809138
:104FE000E104882321F01092E10481E0089581E03A
:104FF0008093E104FACF80E0089581E00895089558
:105000009091E5042DE531E0929FF001939FF00D22
:105010001124EC53F84FE60FF11DE458FF4F908137
:10502000992321F0891718F0891BFCCF80E008959F
:10503000CF93DF93D82FC62F8091C804D093E70475
:10504000D43068F4815087FD06C0D13009F445C0E2
:1050500040F4DD2319F181E0DF91CF910895D45020
:10506000F2CFD250D230B8F76D2FCADF2091E504CD
:10507000B0E1DB9FB0011124680F711D6F718DE5E8
:1050800091E0289FF001299FF00D1124EC53F84F77
:10509000E60FF11DE058FF4FCC0F1DC062E0B0DFFE
:1050A0004091E504E82FF0E0EE0FFF1FB096EF739C
:1050B0002DE531E0429FC001439F900D11248C5398
:1050C000984FE80FF92FF11DE058FF4FC695C85EC5
:1050D00060816078C62BC083BECF62E091DF4091D3
:1050E000E50450E0D0E0FE01EE0FFF1F90E0880FD6
:1050F000991F80968F7390E06DE571E0469F900157
:10510000479F300D569F300D11242C53384F820F7E
:10511000931FCD2B59F4FC01E058FF4F20812F77CE
:1051200020838F579F4FDC011C9295CFDC01A05844
:10513000BF4F2C9120682C938F579F4FE158DC0173
:10514000EC9389CF8091E104882339F01092E10437
:1051500084E08093E70481E0089581E08093E10496
:10516000FACFCF93DF93D82FC62F8091E104882305
:10517000A9F18091C8049091E70494300CF4815017
:1051800087FD2FC062E03CDF9091E504282F30E0DE
:10519000220F331F205E3F4F2F7330E04DE551E06B
:1051A000949FF001959FF00D1124EC53F84FDF010F
:1051B000A20FB31FA058BF4F9C9190789D2B9C933A
:1051C000E20FF31FEF57FF4F608160786C2B608315
:1051D00062E08F5F15DF8093C80481E0DF91CF919B
:1051E000089580E0FBCF80EF8093D1048091580533
:1051F000882369F0E091C704E83018F08FE08093CD
:10520000D904E770F0E0E553FB4F83E08083089515
:10521000D0DEE091C904F091CA0480818330B9F4F2
:105220004091E504E091E2042DE531E0429FC001A8
:10523000439F900D11248C53984FE80FF92FF11DC7
:10524000ED51FF4F8081807F8093D9040895809134
:1052500058058823D9F38091C7048370B9F780EF8C
:10526000F3CFE091C904F091CA04E80FF11D8381E6
:1052700090E1980F983058F48F7090E0FC01EE0F99
:10528000FF1FE80FF91FE05EFA4F848D08958091AB
:10529000E5040895E82F8830C0F48091C904909106
:1052A000CA04E80FF92FF11D838190E1980F98301F
:1052B00050F48F7090E0FC01EE0FFF1FE80FF91F14
:1052C000E05EFA4F858D8D3408F08FEF089580EF02
:1052D0008093D2048091830480FF03C09FE0909369
:1052E000CB0481FF03C08FE08093CE04089580EF4C
:1052F0008093D2048FE08093D10480918104811146
:105300000EC08091800481110BC085E02BEC34E04D
:10531000F9019FE091939E2F921B9817D0F3089567
:1053200083E0F4CF80918104811108C08091E7046B
:105330008F5F81708093E70481E0089550DEFCCF99
:10534000E091C904F091CA048381823080F480EF37
:105350008093D2048093D3048093D4048093D504A3
:105360008093D6048093D7048093D804089580EF67
:105370008093D1048FE0ECCFE091C904F091CA048E
:105380008381833039F42481660F269F612D112497
:105390006093450481E00895482FE091C904F0919D
:1053A000CA048381833099F4248180914504042EBA
:1053B000000C550B840F952F911D97FD0AC02150AD
:1053C000330B821793070CF49C012093450481E072
:1053D000089520E0FACF10924504089580FF17C089
:1053E0009091C103209102049150921B9F71C1F3CF
:1053F00090910204E92FF0E0EE0FFF1FEE53FC4FF7
:10540000808361839F5F9F719093020408959091C0
:105410000304209144049150921B9F71C1F3909119
:105420004404E92FF0E0EE0FFF1FEC5FFB4F808399
:1054300061839F5F9F719093440408958091440419
:1054400090910304891B8F71C9F780910204909198
:10545000C103891B8F7191F708951F93CF93DF9339
:10546000C82F142FD22FBADF612F8C2FB7DF6D2FEB
:105470008C2FB4DFDF91CF911F9108950F931F936D
:10548000CF93DF93C82F162F072FD42FE82FF0E0EC
:10549000E050FB4F408360E1620FA0DF602F8C2F54
:1054A0009DDF612F8C2F9ADF6D2F660F8C2F96DF7B
:1054B000DF91CF911F910F910895CF93DF93DC017E
:1054C00014968C9114978150282F082E000C330BC2
:1054D000982F1296ED91FC91139797FD10C0EF0154
:1054E000C20FD31F4881461731F0E80FF11D87FD29
:1054F000FA9540838150915021503109EACF608361
:10550000DF91CF910895FC01448130E020E0822FAB
:10551000241758F4A081B181A20FB31F9C919F77EB
:105520002F5F3F4F6913F3CF08958FEF089547988A
:105530000895449A0895809155039091960381505F
:10554000891B8F730895CF93C82FF5DF8230B8F091
:1055500090919603E92FF0E0EA5AFC4F2C2F30E0AF
:1055600084E0359527958A95E1F72083CF70C18334
:105570009E5F9F739093960382E0CF91089580E0A1
:10558000FCCF84FD5B9A9BB18295807F9F70892BB5
:105590008BB95A9A0895CF93C82FCDDF8230A8F0E7
:1055A00080919603E82FF0E0EA5AFC4F9C2F9295E9
:1055B0009F7090619083CF70C061C1838E5F8F7345
:1055C0008093960382E0CF91089580E0FCCFD9DFED
:1055D00088E893E10197F1F75A985B9888E99AE394
:1055E0000197F1F70895CF93C82F82958F70EFDF61
:1055F0008C2F8F70ECDFCF91089528E2382F329FE7
:10560000C00111248C5F9C4F08952FB7F8948091AE
:105610006F0590917005A0917105B09172052FBF33
:105620008093000390930103A0930203B0930303BC
:105630000895E0910A05F0910B058F3F19F080E085
:105640000995089581E0FCCFA7E0B0E0EAE2FBE233
:105650000C946464FC018B0187E0DE0111960190DB
:105660000D928A95E1F71B8289818330B1F038F47D
:10567000823059F0CE010196F801099502C08430BC
:10568000C9F32796E5E00C9480641982CE01019657
:10569000FB01099584E08983EDCFCE010196FB01E2
:1056A0000995F12CFA82F394FB821982CE010196BE
:1056B000F801099584E08983CE010196F8010995E6
:1056C000F6E0FF12EFCFDDCFFC018081833059F18E
:1056D00038F4882391F08130D9F090E080E008958B
:1056E0008430D9F741812DE531E0429FC001439FCD
:1056F000900D11248C5C974F089541812DE531E088
:10570000429FC001439F900D11248C53984F0895E0
:1057100041812DE531E0429FC001439F900D11244E
:10572000845C974F089580E295E00895A6E0B0E08C
:10573000ECE9FBE20C9461648C01C6DF6C01D801DA
:10574000EC91E12CE53020F4F0E0EB5DFE4FE080E1
:105750008FE692E6AAE6B0E289839A83AB83BC83A4
:10576000AE014B5F5F4F64E070E0CE0101966FD8F1
:10577000F12CC7010496092E000CAA0BBB0B8983E0
:105780009A83AB83BC83AE014B5F5F4F64E070E0F4
:10579000CE0101965CD819821A821B821C82F80104
:1057A00080818F5F898382818A83AE014B5F5F4FE7
:1057B00064E070E0CE0101964AD8AE014B5F5F4FC6
:1057C000B701C60144D82696E8E00C947D64809128
:1057D000FF029091FE02891B8F77C9F708950F93FE
:1057E0001F93CF93DF93FC01418D80E0442309F4A4
:1057F00054C0C42FD0E08E010F5F1F4FD801AA0FF5
:10580000BB1FA00FB11FAE0FBF1F5C919E01220FE7
:10581000331FD901AC0FBD1FAE0FBF1F11969C9156
:10582000961709F43FC0842F452FE0CF90E00196F2
:10583000DC01AA0FBB1FA80FB91FAE0FBF1F5C93DF
:105840009081DF015A9680E09817B1F05D91541372
:1058500011C0A82FB0E0692F6150770BA617B707CA
:105860005CF4AE0FBF1F5B964C915B975A964C93BE
:105870008F5FEFCF8F5FE8CFD801AA0FBB1FA00FBC
:10588000B11FAE0FBF1F1C92C20FD31FCE0FDF1F61
:105890008FEF89831A8291509083DF91CF911F916E
:1058A0000F9108958111C2CF518FCACF0F931F93CB
:1058B000CF93DF93FC0140A580E0442309F454C05A
:1058C000C42FD0E08E010F5F1F4FD801AA0FBB1F5E
:1058D000A00FB11FAE0FBF1F5C919E01220F331F9F
:1058E000D901AC0FBD1FAE0FBF1F11969C9196172B
:1058F00009F43FC0842F452FE0CF90E00196DC01F2
:10590000AA0FBB1FA80FB91FAE0FBF1F5C939081DA
:10591000DF01999680E09817B1F05D91541311C0A2
:10592000A82FB0E0692F6150770BA617B7075CF47A
:10593000AE0FBF1F9A964C919A9799964C938F5F92
:10594000EFCF8F5FE8CFD801AA0FBB1FA00FB11F09
:10595000AE0FBF1F1C92C20FD31FCE0FDF1F8FEFE2
:1059600089831A8291509083DF91CF911F910F917B
:1059700008958111C2CF50A7CACFFF920F931F93F2
:10598000CF93DF93EC01162F042F90DF88818C30AA
:1059900071F4FE01CE0184962681211101C0F480AC
:1059A0003396E817F907C1F76F2DCE017FDFFE01AF
:1059B00081E094819F3F29F08F5F33968D30C9F746
:1059C00080E0282F30E0A9014F5F5F4FDA01AA0F76
:1059D000BB1FA40FB51FAC0FBD1F98A59C93F90169
:1059E000EE0FFF1FE20FF31FEC0FFD1F1183028369
:1059F00088A79881DE01999670E060E0062F69170C
:105A000028F59B01ED916F5F7F4F4E2F50E0FA011B
:105A1000EE0FFF1FE40FF51FEC0FFD1F4181141760
:105A200068F7FE01E90FF11D492F50A551A741501C
:105A300031970417D0F32C0F3D1FF90181A79F5F09
:105A40009883CDB7DEB7E5E00C948064FE01E90FE2
:105A5000F11DF4CFEF92FF920F931F93CF93DF933B
:105A60008C01D62FF42EE22EC0E0F801E653FF4F52
:105A70008081C81760F4F801EC0FF11DEC53FF4F63
:105A80002E2D4F2D6D2F8081E8DCCF5FEECFCDB76F
:105A9000DEB7E6E00C947F64CF93DF939C01FC01BA
:105AA000EC5AFE4F80813296D901AB5ABE4F8130FD
:105AB00029F410821C92DF91CF910895E901C4511D
:105AC000DF4F888181508C9327583F4FD9018C91AB
:105AD00081508083F0CFCF93DF93DC01EC01C05283
:105AE000DF4F9C01285E3F4F5D96EC915D97EF3054
:105AF00070F4F0E0E457FA4DE491E88318962196AB
:105B00000696A217B30781F7DF91CF910895EF5062
:105B1000F0E0EE0FFF1FE457FB4D45915491FC015F
:105B2000E553FF4F51834083E9CFE82FF0E0E05089
:105B3000FB4F108260E652CCE62FF0E0EE0FFF1F25
:105B4000B096EF73E80FF92FF11D90898189692FC5
:105B50006F77782F7F77807890780895FC01968111
:105B60008181499F800D1124208190E02230A1F095
:105B700028F02330A1F08E519B4F0BC04DE551E032
:105B8000649F9001659F300D11242C53384F820F74
:105B9000931FFC0180810895805E9A4FFACF875A47
:105BA0009A4FF7CFDB0190E08C3018F09F5F8C505C
:105BB000FBCF880FE82FF0E0E65BF04EE491EC932A
:105BC0008F5FE82FF0E0E65BF04EE4911196EC93E6
:105BD0001197E92FF0E0E25CF04EE4911296EC931D
:105BE000129713961C920895FC01862F9281992397
:105BF00081F0238164816F5F621B880F382F639F60
:105C0000812D1124820F943121F48F3E08F080EF12
:105C10008E7F08952091100130911101C90181708A
:105C200099279195819591098827947B3695279599
:105C30008227932790931101809310010895FC010E
:105C4000EE0FFF1FE251F14E85919491E62FF0E0A7
:105C5000EE0FFF1FE80FF91F8591949108958C585E
:105C60009F4FFC01208181E0222379F0862F6CE098
:105C70000E94BB63692F822F90E0E1DF9C0181E0ED
:105C80002F3F3F4711F480E0089508950F931F932D
:105C9000CF93DF938C01862FF801EF58FF4F2081BF
:105CA0003CE0230390011124260F311D20383105DB
:105CB00014F02FE730E037FD20E030E8239FE001CB
:105CC0001124F801EC58FF4F2081222349F06CE0A9
:105CD0000E94BB63692F822F90E0B1DFC80FD91FEC
:105CE000F801EE58FF4F80819E01280F311D87FD7E
:105CF0003A95C901DF91CF911F910F910895A5E0C9
:105D0000B0E0E5E8FEE20C9463642091380530E0F1
:105D1000C901880F991F092E000CAA0BBB0BAC01FF
:105D2000BD01445254406A4F7F4F49835A836B836D
:105D30007C83220F331F220F331F032E000C440BD2
:105D4000550B69817A818B819C810E941064890145
:105D50006BECE62E62E0F62E1D828091390590E014
:105D60006D8182966CDF9801DC010E943264A09103
:105D70003A05B0E09B01AC010E944D6469837A83CF
:105D80008B839C838B819C81800F911FF701819372
:105D900091937F01FD81FF5FFD83F031F1F68091EA
:105DA000CB029091CC029093CA028093C9022596AF
:105DB000E6E00C947F64382FE0E2F5E020E08FEF1E
:105DC000321729F0938198239383909589232F5F2D
:105DD00034962630A9F708959091C802E92FF0E093
:105DE000E054FD4F80839F5F97709093C8020895A1
:105DF000982F882349F070E06F5F7F4F81E09617FE
:105E0000170619F080E0089581E008959091FF024F
:105E1000E92FF0E0E05CFD4F80839F5F9F779093D8
:105E2000FF0208959091FE022091FF029150921B73
:105E30009F77C1F3EBCFB0E0A0E0E1E2FFE20C948A
:105E40006064B82EC62EEA01D22EF02EC0DC0BE91B
:105E500015E2F8018491E6DF0F5F1F4FF5E2013A8A
:105E60001F07B9F78B2DDEDF8C2DDCDF10E0FF2064
:105E7000C9F0ED2EF12C1C2F1D0FCE0124E09595BD
:105E800087952A95E1F78F70CDDF8C2F8F70CADF51
:105E9000C70134E0959587953A95E1F7C3DF8D2FDB
:105EA0008F70C0DF7E01ED0CF11CEC16FD0659F081
:105EB0008991180F82958F70B5DFFE01319780812F
:105EC0008F70B0DFF2CF812F82958F70ABDF812F83
:105ED0008F70A8DF87EFA6DF7ADCCDB7DEB7E9E009
:105EE0000C947C64FF920F931F93CF93DF93EC018C
:105EF0001881F12C153028F4E12FF0E0EB5DFE4F16
:105F0000F080CE01E1DBAC0100E02F2D6A8181E061
:105F1000810F91DFCDB7DEB7E5E00C948064CF93BD
:105F2000DF93D62FC42F72DF8D2F70DF8C2F6EDFA3
:105F3000DF91CF9108959C0187E0243C380709F157
:105F400089E02132380701F18AE02E373807F9F06D
:105F50008BE02B3D3807F1F08DE028333807E9F06E
:105F600025593E40E9F485E090E0880F991F880F9D
:105F7000991FFC01E05EFA4F808181118150806998
:105F8000CECF90E080E0F1CF81E090E0EECF82E0F4
:105F900090E0EBCF83E090E0E8CF84E090E0E5CFC5
:105FA00080E0EDCF20915A05213009F4C4CF089547
:105FB000B0E0A0E0EEEDFFE20C945E648C01D62F21
:105FC0006F3F09F4C2C040E0EDDF78018FE7E80ED3
:105FD000F11CD7018C91882309F452C0823009F456
:105FE00076C06801BCEBCB1ABEEFDB0A6D2FC60191
:105FF0008ADAC82FF60185818F3FC1F5CF3F51F076
:10600000A081B181AC0FB11D8C918F778C936C2FD7
:10601000C60153DAF7018081F801E85BFE4F9081F9
:10602000833009F097C0C91708F08FC0CC0FEC2E51
:10603000F12CF801EE0DFF1DEC53FF4F808175DD53
:10604000FFEFEF1AFF0AF801E653FF4F8081E1E00E
:10605000EC0F8E151F0409F00CF4E0E0E00FF12FB7
:10606000F11DEC53FF4F808160DD6FC0CF3F91F297
:106070000190F081E02DEC0FF11D8FEF8083CACFEE
:10608000F801E653FF4FB0807801FEEDEF1AFEEF06
:10609000FF0AD7015996EC918E2F90E0FC01EE0F8C
:1060A000FF1FE80FF91FEE0DFF1DC1816D2FC70106
:1060B00096DBF701D080D1100DC0E801CC53DF4F43
:1060C000DB1409F442C0899130DDD394F9CFBB24AD
:1060D000B394DACFDC1339C0E18D8E2F90E0FC0150
:1060E000EE0FFF1FE80FF91FEE0DFF1D6181C801C4
:1060F000CDDDEC016801B4ECCB0ED11CA12C912CB0
:10610000BA14E9F0D7015996EC918E2F90E0FC017A
:10611000EE0FFF1FE80FF91FEE0DFF1D42814F77B5
:10612000BE01690D711D21E0F60181916F01A6D9B3
:10613000F801ED58FF4F8081980EA394E1CFF8014C
:10614000EB58FF4F80818823D1F0CDB7DEB7EBE06D
:106150000C947A64853081F49695C91720F4F8017F
:10616000EC0FF11D7ECF80915A05833071F740E02E
:106170006D2FC801E0DEE9CFC91738F7F0CFD8019D
:10618000F801E353FF4F90E080E05F962C915F971A
:10619000213049F4228311821082EC01C352DF4F77
:1061A000C00FD11F1882019618963696833091053C
:1061B00061F7CBCFB0E0A0E0E0EEF0E30C945D64DB
:1061C0008C01D62FD42E4BDD882309F4A9C04D2D88
:1061D0006D2FC801E7DE58012FE7A20EB11CD501D3
:1061E0008C918D7F780109F0A4C0BEEDEB1ABEEF53
:1061F000FB0A6D2FC701F3DAF701808198012A5D50
:106200003E4F4901873079F4F901C801855C9E4F02
:106210002281211101C0C08133968E179F07C1F7DB
:106220006C2FC701DCDAF40181E090819F3F29F0F7
:106230008F5F33968830C9F780E0282F30E0A901BE
:106240004F5F5F4FDA01AA0FBB1FA40FB51FAE0D42
:10625000BF1DF701918D9C93F901EE0FFF1FE20F17
:10626000F31FEE0DFF1DD183D282D70159968C9377
:1062700059979C914801B4EC8B1ABEEF9B0AF0E051
:10628000E0E0CE2FE91708F050C0AF01F4016191B2
:106290004F01FA01319670E09B01220F331F260F48
:1062A000371F2E0D3F1DD90111962C91D21748F79B
:1062B000E92FF0E0E45CFE4FE00FF11F292FDF0132
:1062C0003E9130832150FD01C217C8F34E0D5F1D72
:1062D000FA01828F9F5FD7019C936D2FC801D6DC96
:1062E000EC01F7019080CC24C394C91408F0C12CB0
:1062F000D501EC90EE2009F45DC02C2D4D2DBE0192
:10630000F801EC53FF4F8081B9D8B1E0B91508F01E
:10631000EEC0F801EB58FF4F8081882309F4E7C0F5
:10632000CDB7DEB7ECE00C947964F701E90FF11D0D
:10633000D0CFBCEBEB1ABEEFFB0AF701C48090E0B4
:1063400080E0C82F8C1508F050C0D701ED91FC916A
:10635000E80FF91F2081322F3F77D31302C027FDAA
:1063600002C00196EECF8F3F09F042C0F701858150
:106370008F3F09F08BC06D2FC701C5D8C82F8F3F45
:1063800009F08AC090E080E08C1508F06DC0D7015C
:106390001296ED91FC911397E80FF91F20812C15AF
:1063A00038F4ED91FC91E20FF11D308137FFC22FDF
:1063B0000196EACFF12CF801E653FF4F8081F816E1
:1063C00008F0A3CFBE016E0D711DF801EF0DF11D98
:1063D000EC53FF4F2C2D4D2D808150D8F801ED58F6
:1063E000FF4F8081E80EF394E6CFCFEFC110BECF10
:1063F000F5019081F801E85BFE4F8081933009F050
:1064000059C0C81708F08CCFCC0F6D2FC8013EDCE7
:106410005C01EC2EF12CF801EE0DFF1DEC53FF4F4B
:1064200020E04D2DBC01808129D8F801ED58FF4FA7
:1064300060816A0D7B2D711DFFEFEF1AFF0AF801D5
:10644000E653FF4F8081E1E0EC0F8E151F0409F049
:106450000CF4E0E0E00FF12FF11DEC53FF4F20E0D2
:106460004D2D80810BD843C0CF3FB1F490E080E048
:106470008C1590F4D7011296ED91FC91E80FF91F5D
:1064800020812C1508F4C22F0196F2CF8F5F8C1556
:1064900078F48583F701C581D701ED91FC91EC0F6C
:1064A000F11D8D2F806880836C2FC70106D8A0CF87
:1064B0001582F0CF9530B1F58695C81780F46D2F11
:1064C000C801E4DBF801ED58FF4F2081BC01C29FF9
:1064D000600D711D1124F801EC0FF11DBECF8091EC
:1064E0005A05833021F44D2D6D2FC80124DDD801CC
:1064F000F801E353FF4F90E080E05F962C915F97A7
:10650000213049F4228311821082EC01C352DF4F03
:10651000C00FD11F188201961896369683309105C8
:1065200061F7FECEC81708F0FBCEC9CF1F93CF93FB
:10653000DF93EB01142F6ADC112331F0888166DCD4
:10654000113011F0898162DCDF91CF911F910895A4
:106550008F5F80933F0210923E0210923D02089599
:10656000282F822F8295807F880F880F6F73862B4C
:106570009091A703E92FF0E0EE0FFF1FE35DFD4FC1
:10658000808341839F5F97709093A70308952C9811
:106590008EBD0DB407FEFDCF2C9A089595B1987F5E
:1065A000982B95B90895CF93DF93D82FC62F0E94CB
:1065B0001E2A88E893E10197F1F78D2FEFDF8C2FEA
:1065C000E6DF8EB5DF91CF910895AF92BF92CF9263
:1065D000DF92EF92FF921F93CF93DF93EC01FC01C8
:1065E000E65AFE4F81E0808310E06E018AECC80E0F
:1065F000D11CF6018081181758F4FE01E10FF11D3E
:10660000EC53FF4F60E080810E94EE291F5FEDCFC9
:1066100088EA91E60197F1F710E0F60180811817FA
:10662000E0F4FE01E10FF11DEC53FF4FF0800E94FA
:106630001E2A8F2DB3DF80E7AADF5E01F0E7AF0EE1
:10664000B11C7E01F7018FEFE81AF80A80819FDF05
:10665000EA14FB04B9F71F5FE0CFDF91CF911F91E0
:10666000FF90EF90DF90CF90BF90AF900895FC0126
:106670009081933031F02181822F880F820F890F12
:10668000089582E10895CF93DF93E6E1F1E08381FD
:10669000C481D82FCF01EBDFE82FF0E0EE0FFF1F12
:1066A000E75BFB4FD183C083DF91CF9108950E94B8
:1066B0001E2A87E073DF2E9A80E58CBD81E08DBDB8
:1066C00080934B0108950F931F93CF938C01C42F98
:1066D000FC0180818DDB8823B1F0F801918122815A
:1066E000291738F0C91718F081E02C1738F480E02A
:1066F00005C081E02C1710F4C917C8F38170CF9141
:106700001F910F91089580E0FACF0F931F93CF93BD
:10671000DF93EC0140E050E0BA010E945C1C182FAE
:1067200081115CC08881833009F046C08D81882347
:1067300009F442C01AA61BA61CA61DA6BE01625DD6
:106740007F4F9E01225D3D4FCB018217930709F0D9
:106750004BC085E5FE01E45DFD4F80838AEA3196FA
:10676000808382E58EA78FA781E688AB91E499AB01
:1067700022E77B9720833196208331969083319650
:1067800080838E859F85A889B9893196808391837E
:10679000A283B3838A859B85AC85BD85349680832F
:1067A0009183A283B3832A893B894C895D8901E067
:1067B00089810E94EC171D82898111E081110EC030
:1067C00080911501182F117080FD08C00E94871755
:1067D000892B71F00E9438170E943817812FDF91A2
:1067E000CF911F910F910895FC011192CF01ADCF70
:1067F00011E0F2CFCF936091A6077091A707809127
:10680000A4079091A5070E947B19C82F811108C089
:106810008091A80785FD07C01092A5071092A407D4
:106820008C2FCF9108954091BE075091BF07609182
:10683000C0077091C1078091A4079091A5070E949D
:106840005C1C81113EC0E091C207F091C3078385B3
:10685000806283878091AE079091AF07A091B007C7
:10686000B091B107848F958FA68FB78F8091B207B3
:106870009091B307A091B407B091B5072091B207EA
:106880003091B307338F228FCD01AA27BB27848B8A
:10689000958B80EC868B88E0878B8FE8808F8EE3EA
:1068A000818F8091A8078F7D8093A8078091A4078E
:1068B0009091A50721E0FC01248327DF882309F4B8
:1068C000ABCFC82FADCF1F93CF93DF93D82FC92F56
:1068D000162F8091A30781118DDF612F8D2F9C2FA3
:1068E0000E947126813039F40E943A19612F8D2F50
:1068F0009C2F0E94712691E0811190E09093A30754
:10690000DF91CF911F910895CF92DF92EF92FF9286
:10691000CF93DF93CDB7DEB7EA970FB6F894DEBF1B
:106920000FBECDBF9AAF89AF41E0BE016F5F7F4F11
:10693000CE01C9960E94CA1981112BC0CE018D9635
:106940009E8B8D8B69AD7AAD8C970E94252181112C
:1069500020C0EB89FC8986E03097D9F0238520FDA3
:1069600060C0C488D588F12CE12C7601DD24CC24CC
:10697000828D938DB0E0A0E0C82AD92AEA2AFB2AAA
:1069800024FD14C0CE0101960E943B1F882309F408
:106990005CC0EA960FB6F894DEBF0FBECDBFDF91A4
:1069A000CF91FF90EF90DF90CF90089582E0C816CE
:1069B000D104E104F10408F45AC046E150E0BE01FC
:1069C0006F5F7F4FCE0147960E94AE22CD8EDE8E46
:1069D000EF8EF8A262E070E0CE0147960E94781E2A
:1069E0008111D7CF84E04DA15EA16FA178A541159B
:1069F00051056105710519F4882399F01CC08F8930
:106A0000988D0E945C1C811116C0E9A5FAA58081B1
:106A10008823C9F0853E39F08E3229F0838583FDC5
:106A200002C087E0B6CF70E060E0CE0147960E94DA
:106A300032208823C1F21DA21EA21FA218A68430F4
:106A400009F0A7CF9FCF84E0F6CFC114D104E104B1
:106A5000F10421F489819A8158DE9BCFB701A60108
:106A600089819A810E943B22811193CFF3CF82E0EA
:106A700090CF279A259A2698249A2C9A249A2C9A71
:106A80008DB58E7F8DBD8DB581608DBD81E58CBD51
:106A900008952E98EEDF10924B010895CF9307DEF4
:106AA0000E943A19C82FF5DF8C2FCF910895FC0171
:106AB000CB01EE0FFF1FE05DF74D6591749150E043
:106AC0000C94B664CF93DF93EC014C8150E070E0FE
:106AD00060E0888199810E94DB6490E08C81981746
:106AE00048F4EA81FB81E90FF11D8150891B808305
:106AF0009F5FF4CFDF91CF910895CF93DF93EC01A7
:106B0000188244E250E070E060E004960E94DB648A
:106B10004CE050E070E060E0CE018A960E94DB64B9
:106B200018A6CE0187962FEF29832396C817D90779
:106B3000D1F7DF91CF910895CF93DF93EC011882C5
:106B400045E150E070E060E004960E94DB6447E0BD
:106B500050E070E060E0CE014B960E94DB64198E3D
:106B60008FEF89838C838F838A878D87888B8B8B2C
:106B70008E8BDF91CF910895CF92DF92EF92FF92AB
:106B80001F93CF93DF93EC01FC01E551FF4F108180
:106B9000111140C0EC56F10980818D7FD9F4CE01EE
:106BA0008E5D9E4FC9DF7E018CEEE80EF11CC701A1
:106BB000A4DFD12CFE01E653FF4F8081D816B0F43C
:106BC000FE01ED0DF11DEC53FF4F80810E94952DCC
:106BD000D394F0CFFE01EC5BFE4F448150E070E0B7
:106BE00060E0808191810E94DB64DDCF6E01EFEA7D
:106BF000CE1AEEEFDE0AF60160816F3F59F0E95DD3
:106C0000F1098081853071F040E0CE01CBD98FEF62
:106C1000F6018083DF91CF911F91FF90EF90DF907D
:106C2000CF900895F7018081181788F7E10FF11DC3
:106C3000E1A58E2F90E0FC01EE0FFF1FE80FF91F7A
:106C4000EE0DFF1D40E06181CE01ACD91F5FEACFA0
:106C5000AF92BF92CF92DF92EF92FF921F93CF93AA
:106C6000DF93EC01162F0E942F2E882329F17E013D
:106C70008BEEE80EF11CF7018081811130C05E01BE
:106C8000F7E7AF0EB11CF5018081833040F56E014E
:106C9000FCEECF0ED11C612FC6010E94562CF501CF
:106CA0008081882331F0813089F43196808185306C
:106CB00069F4612FCE017CD9DF91CF911F91FF90B4
:106CC000EF90DF90CF90BF90AF900895F601808154
:106CD0008111F2CFF7011082CE014EDFEDCFFE0120
:106CE000E051FF4FCC5EDE4F8081811305C0818172
:106CF000882311F0806881833396EC17FD07A1F794
:106D0000DBCFEF92FF920F931F93CF93DF93EC01B2
:106D1000162F042F0E942F2E882329F0011108C05E
:106D2000612FCE0195DFCDB7DEB7E6E00C947F642E
:106D30007E0187E7E80EF11CF70180818330B9F40A
:106D40009E0120513F4FBE016C5E7E4FCE018451AB
:106D50009F4F26173707E9F02D5F3F4FF901339713
:106D600040814113F3CF612F0E94562CDCCF843039
:106D7000D1F2402F612FCE0184519F4F0E94BD2C34
:106D8000F70180818111CFCF402F612FCE0112DA20
:106D9000CACF402F612F0E94BD2CC5CFEF92FF922A
:106DA0000F931F93CF93DF93082F162FC0E2D5E0E8
:106DB00084ECE82E87E0F82E412F602FCE0183DC93
:106DC000882319F0612FC70143DF249683EAE81A6C
:106DD0008EEFF80A85E0C833D80771F7CDB7DEB774
:106DE000E6E00C947F64CF93DF9380915A05813065
:106DF00019F48CEF0E94EC2EC4ECD7E0FE01E551B3
:106E0000FF4F1082CE01B8DEC35ADE4F8FE0C23F83
:106E1000D807A1F710925805DF91CF9108951F93DD
:106E2000CF93DF93EC01FC01E158FF4F80818D7F10
:106E3000F9F4CE018E5D9E4F7FDECE0184519F4FCF
:106E40005CDE10E0FE01E653FF4F80811817A8F4C6
:106E5000FE01E10FF11DEC53FF4F8081E82FF0E0C0
:106E6000E050FB4F108260E70E94EE291F5FEACFDF
:106E7000CE018C5B9E4F26DEE0CFDF91CF911F913C
:106E800008950F931F93CF93DF93EC018C0101586A
:106E90001F4FF8019081892F8D7FAE014E5D5E4FAF
:106EA00081110CC0CA0148DEC55ADE4FF80180814D
:106EB0008883DF91CF911F910F910895FE01E653D2
:106EC000FF4F20819330D9F430E02F5F3F4F36954C
:106ED0002795FE01EC5BFE4F24834F5F5F4F51838C
:106EE00040839E01215D3E4F3383228381E09430B5
:106EF00009F480E081958583CF01E4DDD5CF95301D
:106F000041F7220FE6CFA3E0B0E0E9E8F7E30C9405
:106F100061648A839B83162F042FF22EEA81FB8102
:106F2000E60FF11DE0804083CA80DB8026EAC21AAA
:106F30002EEFD20AD6018C9181608C93FF2009F448
:106F40006AC080915A05823008F461C0833021F410
:106F50006F3711F4443009F0F02EEA81FB8127E00D
:106F6000E43CF207D9F089E0E132F80709F463C0A4
:106F70009AE0EE37F90709F461C0ABE0EB3DFA07A0
:106F800009F45FC0BDE0E833FB0709F45DC085E0AC
:106F900090E0E559FE4021F080E00CC090E080E0F8
:106FA000880F991F880F991FFC01E05EFA4F8081BE
:106FB000811181509091FD029F5F9093FD0220917D
:106FC0001201806B8983121302C0903290F0412F1E
:106FD000441F4427441F63E689810E948F2F412F5D
:106FE0004F7762E689810E948F2F109312011092D1
:106FF000FD024F2D441F4427441F66E089810E94F3
:107000008F2F4F2D4F7766E289810E948F2FD601F7
:107010008C9182608C931037D0F4202F412F60E246
:107020008A819B810E942A2D18511831C8F123961C
:10703000E8E00C947D6481E090E0B2CF82E090E0E3
:10704000AFCF83E090E0ACCF84E090E0A9CF1737DA
:10705000E0F4202F40E9410F60E38A819B810E9488
:107060002A2D183721F7EA81FB81E858FF4F8081EC
:107070008130D9F081E0EA81FB81EC5AFE4F8083B8
:107080008A819B810E944C2DD2CF1F3781F40E152F
:1070900071F28A819B81C3DE8A819B81F2DEC7CF38
:1070A0008A819B810E946B2DC2CF8FEFE4CF1B376B
:1070B000C1F6EA81FB81E558FF4FE081F0E0E4573B
:1070C000FA4DE4918A819B8187519F4FDC01EC93BB
:1070D000AECFEF92FF921F93CF93DF93EC01FC01B1
:1070E000E558FF4FE081F0E0E457FA4DE491DC0110
:1070F000A751BF4FEC930E946B2DFE01E65AFE4F45
:1071000081E080837E0180E7E80EF11C10E0F7014A
:1071100021917F01412F60E3CE010E942A2D1F5F44
:107120001730A9F7FE01E158FF4F9081E452FF4F5D
:107130008081981721F0CE0172DECE01A2DEDF91B0
:10714000CF911F91FF90EF900895B0E0A0E0EBEA9F
:10715000F8E30C94606480E2C82E85E0D82ECEE877
:10716000D8E010E000E07E018AECE81AF108F601B0
:10717000B380C70154DE188291E080E02B2D2923D3
:10718000A9F0E88121E02E0F28834DE551E0049F0E
:107190009001059F300D149F300D11242C53384F52
:1071A000E20FF32FF11DEC53FF4F8083990F8F5F98
:1071B000863021F7C70165DEC70107DAC70189DF1D
:1071C0000F5F1F4FF4E0CF0ED11CC35ADE4F0630C5
:1071D000110549F6CDB7DEB7E9E00C947C640E9456
:1071E0007F2E8FEF0E94DB2EB0DF81E08093FC02C8
:1071F00008950F931F93CF93DF93EC018881823022
:1072000031F170F48823A9F049812DE531E0429FE6
:10721000C001439F900D11248C53984F5ADF04C036
:10722000833099F0843081F3DF91CF911F910F91DA
:10723000089549812DE531E0429FC001439F900DA3
:1072400011248C53984FC1D9EFCFC9DFEDCF2981DD
:107250000DE511E0209FC001219F900D11248C535A
:10726000984FB3D92981209FC001219F900D1124EF
:10727000D3CF0F93FC01962F342F422F202F8681DE
:107280006181389F600D112480818230A1F030F03F
:1072900070E0833049F16E517B4F28C0ADE5B1E01D
:1072A0009A9FF0019B9FF00D1124CF018C53984FB2
:1072B0002ADE0F910895E62FF0E0E05EFA4F80811C
:1072C0004817B9F340838091FC0282608093FC02EE
:1072D000683128F46370633061F781DFEACF6B3186
:1072E00040F70E947F2EE5CF675A7A4FFB0140831B
:1072F000E0CFEF92FF920F931F93CF93DF93EC01B8
:10730000F62E142FE22E0E94AE2D282FEE2D0E2CDD
:10731000000CFF0B9A818B81933099F4E20FF11DE1
:1073200027FDFA95082E000C990BE817F9079CF039
:107330008C81082E000C990B8E179F0764F02E2F5E
:107340000AC0E20FF11D8E171F0609F024F48C818C
:107350008E171F06A4F701E0412F6F2DCE0189DFA4
:10736000CDB7DEB7E6E00C947F64CF93DF93EC01FA
:1073700043E050E070E060E0835B9E4F0E94DB647E
:1073800043E050E070E060E0CE0183529F4F0E94E6
:10739000DB64FE01E651FF4FDE01A751BF4F8C9128
:1073A0008083EA59FF4F108231968FEF80833196A8
:1073B00081E090E091838083EA5DF10980818130F2
:1073C00089F081E0FE01EC5AFE4F80833396DE01A6
:1073D000A958BF4F8C918083CE010E944C2DDF9124
:1073E000CF9108958FEFEECF80915A05813019F437
:1073F0008AEF0E94EC2E1092EC021092C7041092B9
:10740000EB0284EC97E0B1DF81E299E0AEDF8EE73A
:107410009AE0ABDF8BED9BE0A8DF88E39DE0A5DF82
:1074200085E99EE0A2DF8091CB029091CC029093FF
:10743000CA028093C90281E08093580508951F9382
:10744000CF93DF93182F80915805811101C0CCDFB5
:10745000C4ECD7E044E6612FCE0153DCC35ADE4FC3
:107460008FE0C23FD807B1F7DF91CF911F91089508
:107470001F93CF93DF93109113018091C604811164
:107480000AC0812FDCDF81E08093C60481E0DF91B8
:10749000CF911F910895C4ECD7E0612FCE01D8DBC6
:1074A000C35ADE4F8FE0C23FD807B9F71092C60427
:1074B000EDCFEF92FF920F931F93CF93DF93C82FDF
:1074C0008091C604882311F1809113018F3720F435
:1074D0001C1624F08823C9F0C7FF17C08C0FAFDF3C
:1074E000D091130104EC17E082EFE82E8FE0F82E24
:1074F0006D2FC801ADDB035A1E4FE016F106C1F730
:1075000080911301C80FC093130181E0CDB7DEB79E
:10751000E6E00C947F64A6E0B0E0E1E9FAE30C94C5
:1075200057648091EC0291E0980F853009F4ECC02B
:107530009093EC0280915805882309F44BC17BE3BA
:10754000C72E78E0D72E04EC17E0F6012081DF018A
:10755000A052BF4F8C91082E000C990B28171906CA
:1075600009F4EDC084EC97E000DF81E299E0FDDEF4
:107570008EE79AE0FADE8BED9BE0F7DE88E39DE094
:10758000F4DE85E99EE0F1DE80915A05813019F440
:1075900088EF0E94EC2E81E199E09E838D836EE856
:1075A000E62E68E0F62E312C212C712C612C91E016
:1075B0009C83D70190968C9190978F5F90968C9337
:1075C00090975F969C915F97891708F4BBC290963D
:1075D0001C92F6012081AD81BE811A968C911A977A
:1075E000082E000C990B2817190609F0B0C08581E8
:1075F000882371F0EC91EF71C80180599F4FE80F1B
:10760000F92FF11D20894BE060E4C8010E942A2D6A
:10761000F6018681882391F0AD81BE811196EC91AF
:10762000E05FEF71C80180599F4FE80FF92FF11DFE
:1076300020894CE060E4C8010E942A2DF601808177
:10764000823009F0CBC0D70192968C918823D1F07B
:1076500087818823B9F0AD81BE8112966C91C801F3
:1076600080599F4F0E949C2D972E9111D6C0ED817D
:10767000FE816481C8010E94D82F8FEFAD81BE8149
:1076800014968C93B80164587F4FAD81BE8190E011
:107690008D918F5FFD0182939F01923039F4F60145
:1076A0004081443019F4803108F028C1FB01408149
:1076B000841708F027C19F5F6F5F7F4F933041F7BA
:1076C000D6011396EC91F0E0EE0FFF1FEC55F14E52
:1076D00085919491ED81FE812581368182239323CA
:1076E00021E0892B09F420E0B22EB194A12CD7011E
:1076F0008C91A81608F009C12B2D4DE060E4C8015B
:107700000E942A2DA394F3CF1092EC028091C7041B
:1077100091E0980F8F3081F09093C704E091C704F7
:10772000F0E0EE0FFF1FE553FD4F808191819093B4
:10773000CA028093C902FECE1092C704EFCFE35A6B
:10774000FE4F30E1E936F30709F000CF1DCFAD81E0
:10775000BE811A962C93F70111A2C8010DDAC80157
:1077600004DED70192968C9181111C82BFEF6B1AB7
:107770007B0AE3EACE1AEEEFDE0A035A1E4FF3EA63
:107780002F1AFEEF3F0A8D819E81835A9E4F9E8362
:107790008D8393EAE91A9EEFF90AA6E06A1671044E
:1077A00009F007CF809138058832A0F020913B0581
:1077B000BC81BB2309F463C28091EB028F5F80938D
:1077C000EB0238E1239F900111248217130611F078
:1077D00008F058C22696E2E10C947364843009F0F4
:1077E00051CF578051105CC0C801C6D9AD81BE8150
:1077F00013962C9113972F5F13962C93552009F411
:1078000041CFB4E05B9EC0011124281719060CF487
:1078100039CFED81FE81138235CFED81FE81F9975D
:10782000E081F0E09F01220F331F2E0F3F1FF80170
:10783000E451FF4FE20FF31FA180A60EBB24BB1C37
:10784000BCE3AB1AB108E0E8AE16B1041CF04FE798
:10785000A42EB12CB7FCA12C8A2CAD81BE8114962C
:107860006C9181110EC0C8010E94D82F492D4F770D
:107870006A2DC8010E94DA30AD81BE8114968C92C7
:1078800001CFA616C9F3492D4F776A2DC8010E9472
:10789000DA30ED81FE816481C8010E94D82FECCFDF
:1078A000AD81BE8113968C91652D0E94BB63492EDC
:1078B00091119CCFC80160D94801B0E78B0E911C93
:1078C000ED81FE818381652D0E94BB63880F880F47
:1078D00089835801FCEEAF0EB11C6981640DC401AF
:1078E0000E949C2D472F992321F04F77C5010E94BC
:1078F000BD2C439434E04312F0CF78CFED81FE816C
:107900001282D9CEF9011082D6CEF6018081813063
:1079100019F0833008F407C1D60111968C91F70154
:1079200092A1992311F0B1100FC0AD81BE811496C0
:107930006C91853009F47CC1C8010E94D82F8FEF6B
:10794000ED81FE818483EFC0B12C853009F44EC1F6
:10795000ED81FE816481C8010E94D82FD7019296E3
:107960009C90F6012181A92CB12C2430C1F50E94F4
:107970000A2EF0911101FA831B828F2F8F70AD8137
:10798000BE8119968C9319978A819B8124E09595E5
:1079900087952A95E1F718968C93F6019281292F05
:1079A00030E0AD81BE8119968C911997482F082E31
:1079B000000C550B4217530724F0891B19968C9322
:1079C000F0CFED81FE818085282F082E000C330B2F
:1079D0002A153B050CF441C089198087F2CFAD818F
:1079E000BE8117968C91179718969C911897980FAF
:1079F000492F092E000C550B4A155B054CF11896C2
:107A00001C92ED81FE819185980F9187492F092E57
:107A1000000C550BD60112963C913417150619F03F
:107A200014F097FF1AC0223009F044C08195ED810F
:107A3000FE818783C8010E944C2DF1E0F91508F4FE
:107A40008DCFD60112968C91823008F087CF05C079
:107A500097FD29C0ED81FE819087ED81FE81208513
:107A6000F801E451FF4FDF01A20FB11D99968C91EF
:107A7000D60111969C91933009F1B3E08B9FE00DF4
:107A8000F11D11243196B08041814F77AD81BE81C7
:107A900019968C91BCE08B9FB00C1124B7FE3BC0B3
:107AA000E4EFBE0EFBCF9FEF990DAD81BE8118961E
:107AB0009C93A7CFC8010E944C2DCFCFED81FE81B2
:107AC000F9979081F70182A18150821B40E0292F14
:107AD00030E08417B9F02F5F3F4FF901EE0FFF1F21
:107AE000E20FF31F6DE571E0669E9001679E300D19
:107AF000769E300D1124E20FF31FE055F74F908171
:107B00004F5FE5CFF10133E0939FE00DF11D1124AC
:107B1000EF54F74FB8CF6B2DC8010E94DA30AD811A
:107B2000BE811496BC92AD81BE8115968D919C91BB
:107B30001697880F991F009709F49AC016969C9380
:107B40008E931597980123523F4F4801FDEC8F0EFD
:107B5000911C28018BEC480E511C5801D5015D96F3
:107B60008C918F3088F5F90180818F5F80839381BC
:107B7000891708F01082D5015D96EC91F0E0EE0FC8
:107B8000FF1FE053F14E85919491F9016081689F48
:107B9000A001699F500D1124E1E0D4016D917C9109
:107BA0006417750708F4E0E0D4011296EC9312977D
:107BB0004D935C93F701658D768D0E94C763D2016A
:107BC0006D937C93168E158EB8E0AB0EB11C2F5FB3
:107BD0003F4FE6E08E0E911CF6E04F0E511CC8019F
:107BE0004896A816B90609F0B9CFBBCDF70182A116
:107BF000B816C0F4F801E451FF4FDF01AB0DB11D21
:107C000099968C9190E09C01220F331F820F931F55
:107C1000E80FF91F42814F776181C8010E94DA3075
:107C2000B394E4CF8CE3AD81BE8114968C937BCF6B
:107C30006F3F09F484CEB12CF70182A1B81608F089
:107C40007ECEC80184519F4FFC01EB0DF11D21A593
:107C500030E0A901440F551F240F351F820F931FD9
:107C6000DC0111966C91C8010E94D82FB394E4CF27
:107C700081E090E0ED81FE819683858363CF109251
:107C8000EB02A8CDB0D8A6CDB0E0A0E0EAE4FEE3D8
:107C90000C94626480E00E94FD2AEC0148E050E010
:107CA00069E97BE201960E949B6486E78B8781E30A
:107CB0008C878EE28D8783E38E8741E150E067E811
:107CC0007BE2CE0140960E949B641091E70404E0A1
:107CD0006FEF812F0E94D3320150D1F76CEF812FCB
:107CE0000E94D33288EAE82E81E6F82EC701019778
:107CF000F1F76FEF812F0E94D332D82E6DEF812FD5
:107D00000E94D332F7013197F1F76FEF812F0E9474
:107D1000D33291E3910F9D8B91E0D9120FC091E383
:107D20009E8F96E79CA3982F92959F70905D9DA340
:107D30009EE29EA38F70805D8FA301E0163041F418
:107D400043E050E063E87BE2CE014E960E949B64E4
:107D500087E08F8781E00E94FD2AEC0180918304F7
:107D600080FF08C047E050E06BE77BE2CE01019660
:107D70000E94B66487E08F878091830481FF0CC0E6
:107D8000CE01409647E050E063E77BE2011102C07C
:107D90006BE67BE20E94B66444E050E066E67BE27C
:107DA000CE0184960E94B664CDB7DEB7E7E00C94AE
:107DB0007E64CF93DF93C82FD62F8091A803809342
:107DC000A7030E94052B20E130E030939803209315
:107DD000970330939A032093990330939C03209345
:107DE0009B0330939E0320939D033093A003209325
:107DF0009F033093A2032093A1033093A403209305
:107E0000A3033093A6032093A503CD3010F4C093B1
:107E10004804C093C0038EE0C89FB001112465518F
:107E20007A4D4EE050E082EB93E00E949B646091BB
:107E3000B3037091B40348E150E088E095E00E94FC
:107E40009B64E091BE03F0E0E755FC4FC083DD2367
:107E500039F0E0910805F091090582EB93E009956E
:107E6000E0911A05F0911B050995DF91CF910895D6
:107E7000CF93DF93C82FD091B2038091C00382319A
:107E800010F460E096DFE0911E05F0911F056C2F65
:107E90008D2F0995DF91CF910895E091C904F0915C
:107EA000CA048381813009F4E3DF81E00895809181
:107EB00045048F5FDDDF81E00895863069F4E0914D
:107EC000C904F091CA048381823020F08091450476
:107ED0008F5FCEDF81E008958730E1F7E091C9043C
:107EE000F091CA0481E09381923098F380E0F1CF61
:107EF000823110F461E05DCF08958091E70488300D
:107F000080F4E091C904F091CA04DF01A80FB11D0B
:107F100087FDBA9513969C91985F923020F48385E3
:107F2000E7DF81E008950E944A298F3FD1F30C9446
:107F3000EF272091E70424300CF4DFCF245081E0B8
:107F400090E0AC0102C0440F551F2A95E2F79A0158
:107F5000E091E50454E0E59FF0011124DF01A05E0B
:107F6000BA4F13968C91982F922381F4A0E2B5E03A
:107F700013964C911397922F9095942313969C935C
:107F80001397149695E0A833B90791F78227E05E1E
:107F9000FA4F9381981729F083838FEF0E94DB2E8D
:107FA000D4D881E0089580914804A2CFCF93C82F00
:107FB0008091B20391EF980F923040F48091BD030D
:107FC00097DF8C2F0E94192BCF9108958D30E0F709
:107FD0008C0F8F3F21F08B309CF380E0F1CF8AE053
:107FE000EFCFCF93DF93C82F8091C8049091E10425
:107FF00091113FC08C0F87FD30C09091E504692F2F
:1080000070E04DE551E0949F9001959F300D112453
:10801000F901E05CF74F2F5B374FD9019C9120812C
:10802000291708F4292F4DE551E0649FF001659F61
:10803000F00D749FF00D1124EE5BF74F90819217B5
:1080400008F4922F282F082E000C330B92171306DA
:1080500051F04CF08093C80402C08FEFA7DF81E09D
:10806000DF91CF9108958FEF890F1C169CF781E067
:10807000F5CF91E09093E104D091E704D43060F51E
:10808000815087FDECCFD13009F452C038F5D111C1
:10809000E6CF62E00E9400284091E504E82FF0E07E
:1080A000EE0FFF1FB096EF732DE531E0429FC00148
:1080B000439F900D11248C53984FE80FF92FF11D19
:1080C000E058FF4F9081892F8F77C80FC7FDC7CF2A
:1080D00090789C2B9083C3CFD450D3CFD250D23042
:1080E00008F0BDCF6D2F0E9400282091E50490E19B
:1080F000D99FB0011124680F711D6F718DE591E05A
:10810000289FF001299FF00D1124EC53F84FE60F42
:10811000F11DE058FF4F80810C2E000CDD0BC80FC5
:10812000D11DCF3FD10511F008F099CFC08397CF73
:1081300062E00E9400286091E504462F50E0282F5D
:1081400030E0220F331F205E3F4F2F7330E0EDE50C
:10815000F1E06E9FC0016F9F900D11248C53984FDA
:10816000820F931FFC01E058FF4FD081D7FF2CC036
:108170008F579F4FFC018081805890E001968C0FB3
:10818000911DC7FD9A958130F1E09F0708F067CFF8
:10819000F90131960097D9F46DE571E0469FC00171
:1081A000479F900D569F900D11248C53984F280F88
:1081B000391FD901A058BF4FDF77DC93E80FF91FB3
:1081C000E058FF4F10824BCF90E080E0D8CFADE574
:1081D000B1E04A9FB0014B9F700D5A9F700D112462
:1081E0006C53784F260F371FD901A058BF4FD06866
:1081F000DC93E60FF71FE058FF4F815880832FCFA5
:10820000811103C01092C80408958FE78093C804B9
:108210008FEFE7CE9093CA048093C9041092E104D3
:1082200084E08093E70480E0DCCEA8E0B0E0EBE1FE
:10823000F1E40C946364F82E09831A832B833C8346
:108240004D835E836F8378878091A8038093A70313
:108250000E94052B48E150E063ED75E288E095E06F
:108260000E949B6488E0FE013196A5EBB3E001908B
:108270000D928A95E1F7F092B20308E015E0D8017B
:10828000ED91FC9182EB93E00995E0924504D801D1
:108290005296ED91FC9109952896E6E00C947F6446
:1082A000EF920F931F93CF93DF93CDB7DEB728974D
:1082B0000FB6F894DEBF0FBECDBF88E0FE01319649
:1082C000DF011D928A95E9F78AEC97E2482F9E8399
:1082D0008D83E12C09811A812B813C815E816F8124
:1082E000788582E0A2DF28960FB6F894DEBF0FBE35
:1082F000CDBFDF91CF911F910F91EF900895CF9354
:10830000C82F80E091E0CE3FA1F080910F018C1743
:1083100071F08FE0C89FB00111246756704E4FE096
:1083200050E08DEE92E00E949B64C0930F018DEEB1
:1083300092E0CF9108950F931F93CF93DF93162F61
:10834000DEDFEC0140E0612F0E94AE2D9C81891799
:1083500068F001E020E040E0612FCE010E94393951
:1083600081E0DF91CF911F910F91089521E040E0CE
:10837000612FCE010E94793980E0F3CFE091C904EA
:10838000F091CA04E80FF11D838190E1980F9830B5
:1083900058F48F7090E0FC01EE0FFF1FE80FF91FFB
:1083A000E05EFA4F868D0895883F58F4A8DFDC011F
:1083B0001796EC91EF3F39F0F0E0EE51FB4F8081E2
:1083C00008958FEF089580E00895B0E0A0E0EBEE0F
:1083D000F1E40C946264D82FD62E883090F4E091AA
:1083E000C904F091CA04DF01A80FB11D13968C9146
:1083F00098E0980F923088F4883F49F44FE446178C
:1084000048F081E0CDB7DEB7E7E00C947E645FE230
:108410005617B8F383856CDDF4CF8D2F0E944A295F
:108420008F3F79F36CDF7C0180915C05882309F430
:1084300042C001E010E00D2E02C0000F111F0A948F
:10844000E2F78091C5048023B1F58D2F97DFC82F07
:108450008D2F0E943129682F4C2FC7010E94AE2D0D
:10846000C82F6D2DC7010E94F42DF7019281933022
:10847000D9F52C2FCC0F330B281B310987FD3395F1
:1084800037FF03C0319521953109F701848193812C
:10849000891B90E045E0959587954A95E1F782170D
:1084A000930724F48081843009F0ABCF8091C50418
:1084B000082B0093C504D093E7048D2F5FDFD82FDE
:1084C0008091E7040E943129C82F6D2DC7010E94B9
:1084D000F42D282F01E04D2F6C2FC7010E94393950
:1084E00082E08093E1048DCF4C2F481B550B9A01FD
:1084F000C7CF0F931F93CF93DF93D82F853078F496
:10850000C091E70462DFD11104C0C093E704109268
:10851000E10481E0DF91CF911F910F910895D55033
:10852000DD0F8091E50423E030E00D2E01C0220F25
:108530000A94EAF7209544E0849F80011124005EAC
:108540001A4FF801C3812C2370E095E0759567956B
:108550009A95E1F7AB0102C0440F551FDA95E2F797
:10856000EA01C22B0E94DB2E8C23F801938189172C
:1085700081F283830E94A538CCCF682F8091E104DB
:10858000882361F08091E7049EEF980F923028F4E1
:108590001CDF1092E10481E0089580E008950F93BC
:1085A0001F93CF93DF93D82FC091E7048091E1040C
:1085B0008823E9F08C2F0E944A29182F8F3F71F0F1
:1085C0008C2FDCDE082F8C2F0E943129C82F812FA1
:1085D00096DE2D2F402F6C2F0E94793981E08093F9
:1085E000E10481E0DF91CF911F910F910895CD0FAC
:1085F0002091C9043091CA04C83050F4F901EC0F3D
:10860000F11DC7FDFA9583818F3F39F4CD0FF4CF6B
:108610008FEFC7FF81E0CADCE4CFC093E704E1CF6E
:108620009091E7042091E104222319F094300CF496
:10863000B6CF890F87FF04C08FEFB8DC81E00895C3
:108640008A3014F081E0F9CF8093E704F7CF8111ED
:1086500005C08FEF8093E70481E0E2CF89E080934B
:10866000E7040895811105C08FEF8093E70481E04E
:1086700096CF88E08093E7048FEFFACF9093CA04F7
:108680008093C9041092E1048FEF8093E70481E0A6
:1086900086DF1092C5040895F1DF8FEF8093E70421
:1086A00081E0BECF0F931F93CF93DF938093E704B6
:1086B00092E09093E1040091470410E0843061F16E
:1086C00058F4813091F168F4882331F181E0DF9131
:1086D000CF911F910F910895853039F186508230E6
:1086E000A8F7660F20914604629FC12D1124D0E0A7
:1086F0008D2F05DEDC018C91823030F5F801EE0F14
:10870000FF1FE00FF11FE05EFA4FD58F15968C9199
:10871000C817C8F4C68FDACF70E024E07595679566
:108720002A95E1F760934704D1CF660F26E0629F58
:10873000612D1124F801EE0FFF1FE00FF11FE05E25
:10874000FA4F648FC3CFC81BDF5FDD3489F6BECF1D
:10875000B0E0A0E0EEEAF3E40C9461640FEF1816C9
:108760000CF401E0C0914704D0E06E01CC0CDD1C9C
:10877000C6018C0F9D1F9C01205E3A4F7901D901E3
:108780005D968C91BCDDFC01D7015E968C915E9765
:10879000800F87FD11C09581282F082E000C330B08
:1087A0009217130649F044F05E968C9381E0CDB7A2
:1087B000DEB7E8E00C947D64F601EC0FFD1FE05E8F
:1087C000FA4F158D100F1D3488F7812F98DDFC01AD
:1087D00080818230B8F7CC0DDD1DC05EDA4F1D8F71
:1087E000013011F41E8EE2CF858181508E8FDECF55
:1087F000CF939093CA048093C9041092E10410921D
:10880000E70410924604C0E08C2F79DDFC018081E2
:10881000823030F4809146049581890F809346041C
:10882000CF5FCD3489F7CF910895B0E0A0E0EBE1C0
:10883000F4E40C945F64D82EC92ED62FE42EC62FF4
:108840002D2F2E0D3327331FC2171306ACF580E8EA
:108850008C0FEEEF803420F0EFEFC13C08F4EC2FEA
:10886000F0E0E45EF34D84918F3FD1F048DD8C0160
:10887000FC01B380F480F394AF2CAB180E940A2E55
:1088800080911101482FA1100DC0F80143819481FE
:108890009413482F20E06C2F8D2D9C2D0E94833740
:1088A000CF5FCECF4A1520F08B2D8F19480FFACF0E
:1088B000F8018381480FEECFCDB7DEB7EAE00C9424
:1088C0007B64CF93DF93D82FC92F61110DC040E790
:1088D00050E06CE174E20E949B648D2F9C2F0E94FB
:1088E000E532DF91CF91089540E760E09EDFF5CF5C
:1088F0001F93CF93DF93EC01162FE3DF111110C00C
:1089000044E550E06CED77E2CE0180599F4F0E9424
:108910009B64CE010E946938DF91CF911F91089529
:1089200044E560E7CE0181DFF4CF1F93CF93DF935F
:10893000182F48E350E06CE67EE180E295E00E946B
:108940009B64C4ECD7E0612FCE01D2DFC35ADE4F67
:108950008FE0C23FD807B9F70E94EF38DF91CF917F
:108960001F910895CF92DF92FF920F931F93CF93A1
:10897000DF93F82E092F162FEA01C62ED12C68811D
:108980007981A6010E940A65888199818C0D9D1DBF
:108990009983888360E0115038F0EF2DF02F2191FA
:1089A000620FFE2E0F2FF7CF0E94136588819981E9
:1089B000019699838883DF91CF911F910F91FF904A
:1089C000DF90CF900895A2E0B0E0E9EEF4E40C94DB
:1089D00065641A82198204EC17E0AE014F5F5F4FA5
:1089E00064E5C80180599F4FBDDFAE014F5F5F4F07
:1089F00060E7C801B7DF035A1E4F8FE0023F180738
:108A000061F7AE014F5F5F4F68E380E295E0AADF58
:108A10002296E4E00C948164CF93DF93EC01809183
:108A20001601833041F46CE477E2CE010E94AF641A
:108A3000DF91CF91089590E04EE0BE018C599E4F9A
:108A40000E945735809117018F5C8B83F1CFCF93B4
:108A5000792FC62F682F84E894E00E94AF64E4E881
:108A6000F4E08191843219F4DF011197CC9384E012
:108A7000E43CF807B1F7CF910895A6E0B0E0E3E455
:108A8000F5E40C945E64F82E6BEF0E94D33208EE8E
:108A900013E084EF91E00197F1F701501109C9F754
:108AA0008AEFE82E6BEF8F2D0E94D332C82EEA9406
:108AB000E110F8CF8823B1F10E9457330E94FA33B6
:108AC00085E08093C40461E36F0D82EA9BE2BFDF1F
:108AD00061E084E894E00E94633481111DC020E1CC
:108AE0003C2D329F60011124A12C4091AA07509186
:108AF000AB076091AC077091AD078091AE07909184
:108B0000AF07A091B007B091B107481759076A079E
:108B10007B0761F40E94FA330E9449356BEF8F2D79
:108B20000E94D3322696EBE00C947A640E9457336D
:108B3000AE014B5F5F4F64E070E0CE0101960E9492
:108B4000BB220E944935E12C9E2C9A0C8E2D90E080
:108B50002D813E8182179307E0F4E1E0F0E0EC0F15
:108B6000FD1F8E0F9F1FFC01B0808F2D0E94CE3203
:108B70008B2D8F700E94C7322B2D822F82958F7084
:108B80000E94C7328EB59812C7CF0F5F1F4FE39474
:108B9000DBCFC016D10649F406E910E084EF91E07E
:108BA0000197F1F701501109C9F7A92C9ECF1F9326
:108BB000CF93DF93D82FC92F162F0E9457330E94CF
:108BC000FA3385E08093C404612F8D2F9C2F3FDF03
:108BD00061E084E894E00E946334C82F0E94FA3375
:108BE0000E94493581E0C11180E0DF91CF911F9152
:108BF0000895CF93C82F1092830460E08AE59BE22A
:108C0000D6DF882329F080918304816080938304D8
:108C100061E36C0F8EE49BE2CADF882329F0809128
:108C20008304826080938304CF910895CF9383302F
:108C3000C1F0873071F181111DC08091830480FFE4
:108C400019C061E08FEF97E00E94136588E198E01A
:108C50000FB6F894A895809360000FBE90936000C3
:108C6000FFCF8091E704C0E086303CF4909183040C
:108C700091FD03DF81E0CF9108958C2FBADF8091C1
:108C8000830481FF02C08C2FF8DECF5FC630A9F7C6
:108C9000F1CF89D9EFCF2091E704082E000C990B72
:108CA000820F911D27FD9A9597FD0AC08830910586
:108CB00014F087E090E08093E7049BDF81E0089563
:108CC00080E0F9CF1092E70480E093CFCF93C82FD4
:108CD00040E150E06FEE77E089E595E00E94F264B4
:108CE0009091680580E029E535E0F9012F5F3F4F5D
:108CF0004081840F45E028363407B9F7981302C045
:108D0000CC2341F040E150E063EC75E289E595E069
:108D10000E949B64CF910895AF92BF92DF92EF9231
:108D2000FF920F931F93CF93DF93D82E092F162F07
:108D30007A01A62EB12CFA0160817181A5010E94F1
:108D4000F264F701C081D181CA0DDB1DD183C083DC
:108D5000CE010E940265282F2196F701D183C0839E
:108D600090E0115038F0ED2DF02F8191980FDE2E0C
:108D70000F2FF7CF81E0291380E0DF91CF911F9172
:108D80000F91FF90EF90DF90BF90AF9008950F93F9
:108D90001F93CF93DF938C01EB01AB0170E060E098
:108DA0000E94C564009719F0EC01C01BD10BCE01E5
:108DB000DF91CF911F910F9108951F93CF93DF9370
:108DC000EC01162F70E0E3DFFE01E80FF11D8E2F9E
:108DD0008C1B811718F480E28193F9CFDF91CF913A
:108DE0001F910895A4E0B0E0E8EFF6E40C9461640C
:108DF0006C01142F79016F3F71F080E7F9018083D6
:108E000084E7818380E282836F5C6383848305507F
:108E1000C90105967C01402FB701F601858596852D
:108E20000E945735F60187818F3FF1F080E28983F8
:108E30001C82812F90E0AE014E5F5F4F62E0019691
:108E40000E949027602F70E0C701A1DF982FDE01FC
:108E50001196F701E80FF11D8D5F901728F42D9101
:108E60009F5F21939813F9CF602FC701A6DF249647
:108E7000E8E00C947D64CF92DF92EF92FF920F9323
:108E8000CF93DF93E0904704F12CC701880F991F1F
:108E9000E80EF91EC701805E9A4F7C01FC01858DAA
:108EA0002EDA6C0180E00E94FD2AEC01219647E257
:108EB00050E06FEF76E2CE010E94B66467E2CE0129
:108EC0007CDF81E00E94FD2AEC0147E250E060EF88
:108ED00076E201960E94B664809147048F5C8E838F
:108EE00097E09F83F701848D8F5C8D879E879E011D
:108EF000215F3F4F09E1468D6FEFC60173DF87E2C7
:108F00007E01E80EF11CF70132979081903211F446
:108F10008150F6CFC8E2C81BF601C73088F48185BE
:108F200092854C2FB7010E9457356C2FC70145DF42
:108F3000DF91CF910F91FF90EF90DF90CF90089548
:108F400083859485EECFEF92FF920F931F93CF937B
:108F5000DF937C01162F042FC62FD0E0BE0117DF50
:108F6000282F1817A9F02197CE0DDF1D8E0D9F2DEC
:108F7000911DFE013C2F3E1B311750F40197321713
:108F800028F4DC013C9130833197F4CF0083FCCF8F
:108F9000CDB7DEB7E6E00C947F64EF92FF921F93AB
:108FA000CF93DF9380E00E94FD2AFC01EC01219623
:108FB0004091C9045091CA04DA0113968C91823011
:108FC00009F44EC0A0F42496811144C0CF01835B04
:108FD0009F4F2FE6DC012C9301962BE6DC012C93AE
:108FE0008FE2818381E2828386E0838303C019E17B
:108FF000833009F013E2FA0167817085611571050C
:10900000C1F1412F50E0CE010E94B664612FCE0124
:10901000D4DEE090C904F090CA04D70119968D916E
:109020009C91009771F10E94E964BC01AB01552746
:10903000212F30E0C901841B950B01968C0F9D1FD9
:10904000DC01EC91E034C1F02C0F3D1FD901EC9311
:109050001150ECCF8BE5818389E682838DE5C5CF06
:1090600088E281838FE3828389E28383EF012596FF
:10907000C1CF80E48883CDCFF701618572850E94DE
:10908000D264E091C904F091CA0483818330B1F4C1
:109090008BE5898F7E018BE1E80EF11C2091450460
:1090A000858196814AE0B701820F911D0E94573554
:1090B00040E26AE0C70147DF8DE58EA3E091C90475
:1090C000F091CA048381823068F081E00E94FD2A19
:1090D000EC0148E050E067EE76E24F960E94B664FD
:1090E00087E08BA3DF91CF911F91FF90EF900895C0
:1090F000B0E0A0E0EEE7F8E40C94616400E0802FBB
:109100000E94FD2AEC011091C804100FFF24FA946C
:10911000F10E48E250E060E270E00E94DB64F7FC90
:10912000BDC080E389831A3030F01A5089818F5F87
:10913000F9CF01E0E4CF105D1A8362E08F2D0E9429
:109140000028682F87E08B838A87611103C085EA36
:109150008B878C834091E5042DE531E0429FC0016F
:10916000439F900D11248C5C974F0E949C2D262FBD
:10917000E72ED82E192F992309F489C0BE016B5F01
:109180007F4F822F0E94D22D80E28887112309F41D
:1091900082C081E0D11084E08F876E0120E1C20E91
:1091A000D11CA60163E08E2D90E00E94902740E242
:1091B00063E0C601C8DE60E08F2D0E940028909118
:1091C000E504E82FEF714DE551E0949F9001959FE4
:1091D000300D11242C53384FE20FF32FF11DE058BE
:1091E000FF4F9081811102C085EA8D8B6E018AE16B
:1091F000C80ED11CA60163E0892F90E00E94902741
:1092000040E263E0C6019FDE87E08C8B61E08F2D3A
:109210000E9400289091E504E0E1E80FEF714DE530
:1092200051E0949F9001959F300D11242C53384F9D
:10923000E20FF32FF11DE058FF4F9081811102C022
:1092400085EA8F8F7E0124E2E20EF11CA70163E024
:10925000892F90E00E94902740E263E0C70173DE0F
:1092600087E08E8F013009F064CF8091E1049FE5A3
:10927000811101C09FEF90931401811118C08FEFED
:109280008093E604CDB7DEB7E8E00C947D648DE210
:109290008E838F8379CF85E08F878DCF45E250E035
:1092A0006CEB7BE2CE0103960E949B64DBCF809146
:1092B000E70490E0843010F0845098E29C5F2AE04C
:1092C000829F900D11248695890FDACFEF92FF923D
:1092D0000F931F93CF93DF93F82E8B018FE2E82E2D
:1092E000E0928404DB018C9190E040E265E874E058
:1092F00087599E4F0E94573585E894E00E94E964A3
:10930000EC01CB57DB4F8FEF8F0D823018F562EBFE
:1093100075E2CE010E94A464CE010E94E964C80FE8
:10932000D91FFE018EE28193D8018C9190E043E039
:10933000BF0187599E4F0E945735B2E0FB1202C011
:109340008EE789831C8284E894E0CDB7DEB7E6E03F
:109350000C947F64B3E0FB1220C068EA75E2CE0192
:109360000E94A464CE010E94E964C80FD91FF801CD
:109370008081833029F08181805D8883E982229613
:10938000F8018481AE0163E090E00E94902740E301
:1093900063E0CE01D8DD2396C4CFF110F1CF61EAAE
:1093A00075E2CE010E94A464CE010E94E964FE0130
:1093B000E80FF91FD80113968C918F5B8083EF0122
:1093C0002296E182DDCFAFE5B0E0E9EEF9E40C945E
:1093D0005764182F65966FAF659766967FAF66974F
:1093E0000E94573366966EAD7FAD6697812F6EDF14
:1093F0005C010E94FA3385E08093C404113039F097
:109400001111E1C080915D05882309F4DCC0B5012C
:1094100084EA94E00E94E26484EA94E00E94E964B1
:10942000FC01EF55FB4F8EE7808384EA94E00E94B5
:1094300084346096BFAEAEAE609741E0BE01695E17
:109440007F4FCE01825B9F4F0E94CA198111BBC022
:109450008F89988D9A838983CE018E5B9F4F9CA7BD
:109460008BA760966EAD7FAD60978B970E9425218C
:109470008111A9C069A57AA56115710509F4A3C078
:10948000655F7F4F45E150E0CE018D960E94AE2290
:1094900046E150E0BE01695E7F4FCE0101960E9419
:1094A000AE2264EA74E0CE0101960E942521843048
:1094B00009F089C0CE0101960E942A26811183C03D
:1094C000EB88FC8843E150E0BE01615D7F4FC7013E
:1094D0000D960E94AE228DA58062D7011B968C93BB
:1094E000EF89F88D81E084834D8D5E8D6F8D78A13D
:1094F0008F819885A985BA85481759076A077B0720
:1095000009F457C0F701838584FF53C009811A818C
:109510004489558970E060E0BA0155274427828D5F
:10952000938DB0E0A0E0482B592B6A2B7B2BC80110
:109530000E941E1C462F572FBC0141155105610585
:10954000710509F440C0C8010E945C1C81113BC038
:1095500009811A81D801A15BBF4F8C918E3249F5E8
:109560008F819885A985BA85F8012081233061F41F
:1095700042A153A164A175A1481759076A077B0747
:1095800019F480E090E0DC01980128593F4FF9017F
:1095900091838083CD01AA27BB2726503109F90189
:1095A00080832F5F3F4FF901908381E0D8011496AB
:1095B0008C93CE0147960E943B1F811104C08F8976
:1095C000988D0E9485336AE0C5010E946334182F8C
:1095D000853009F053C1F50131966A96FFAFEEAFC1
:1095E0006A976A96AEADBFAD6A971D916A96BFAF96
:1095F000AEAF6A97112309F43CC11F3291F71E9256
:109600006896BFAFAEAF6897BEA6ADA641E0BE01FB
:109610006F5F7F4FCE018D960E94CA19082F81116E
:109620001FC1CE0147969E8B8D8B6DA57EA546975B
:109630000E942521082F811106C06896EEADFFAD6E
:1096400068971083CECF843009F00AC140E050E023
:10965000BA0189819A810E94571F6B017C01C11454
:10966000D104E104F10409F4F4C089819A8102E093
:10967000F1E0CF16D104E104F10409F4EBC001E0FC
:10968000FFEFCF16DF06EF06FF0609F4E3C040E068
:1096900050E0BA010E945C1C082F8111DBC00981D7
:1096A0001A81B701A601C8010E941E1C2B013C01B2
:1096B00018012EE2220E311CC801825D9D4F41012E
:1096C0008816990609F08DC09801275C3F4FC101AB
:1096D0002817390709F089C02EE2F80126A780E192
:1096E00081AF80ECEC5BFF4F808388E03196808314
:1096F0008FE8319680838EE3319680833196D182D4
:10970000C082C701AA27BB2764968CAF9DAFAEAFBE
:10971000BFAF6497369780836296AEADBFAD629758
:10972000AB2FBB276C96BFAFAEAF6C973196A083C3
:1097300040E250E0B101C801825B9F4F0E94AE221F
:10974000F801E15BFF4FBEE2B0834F815885698528
:109750007A85E981FA818081833061F482A193A1C5
:10976000A4A1B5A1481759076A077B0719F440E07F
:1097700050E0BA01D801A859BF4F11965C934E939F
:10978000AB016627772716974C9311965C9312814D
:10979000111130C0CE0101960E942A26082F811196
:1097A00059C0EB89FC8980E1838780EC868B88E057
:1097B000878B8FE8808F8EE3818FD38EC28E6196E8
:1097C0002FAD6197248B6B968FAD6B97858B8981BD
:1097D0009A8121E0DC0114962C930E948533082F96
:1097E0003FC0F40111924F016BCF40E2DC014D9379
:1097F000CD016ECFD301C2010196A11DB11DA0966E
:109800008CAF9DAFAEAFBFAFA09789819A81DC01CD
:109810009A964D925D926D927C929D9721E014965E
:109820002C9340E050E0BA010E945C1C082F81118B
:1098300011C0C1018816990641F41150A0964CAC94
:109840005DAC6EAC7FACA097A3CFFC011192CF01B1
:10985000F1CF07E0B701A60189819A810E943B22DE
:109860008FE26896EEADFFAD68978083077F09F4BD
:10987000B8CE6AE0C5010E946334182F111183C06D
:1098800082E599E4A6E4B6E489839A83AB83BC833A
:10989000AE01495E5F4F64E070E0CE0101960E9428
:1098A00027246696AEADBFAD6697EC914CED50E0C7
:1098B000E23071F04CE655E0E33051F040E0E53045
:1098C00020F4F0E0EB5DFE4F408150E0445F5F4FDD
:1098D000445E5F4F70E060E049835A836B837C8312
:1098E000AE01495E5F4F64E070E0CE0101960E94D8
:1098F00027248DE492E4ABE4B3E589839A83AB83B8
:10990000BC83AE01495E5F4F64E070E0CE0101961A
:109910000E9427248EE691E6ADE6B5E689839A8318
:10992000AB83BC83AE01495E5F4F64E070E0CE0163
:1099300001960E94272480E190E0A0E0B0E08983B6
:109940009A83AB83BC83AE01495E5F4F64E070E0F5
:10995000CE0101960E942724AE01495E5F4F60E16F
:1099600070E06696EEADFFAD6697858196810E94A8
:10997000272466E97BE266968EAD9FAD66970E94CE
:10998000242B0E94FA330E944935812FC15ADF4FA0
:10999000E2E10C947364ABE1B0E0E1EDFCE40C9423
:1099A0005864F82E8B01342E0E945733B8018F2D46
:1099B0008DDC7C010E94FA3385E08093C40461E071
:1099C000C7010E946334F82E811116C0AE01405FBA
:1099D0005F4F64E070E0CE010C960E94BB228C8544
:1099E0009D85AE85BF8582359944A644B64461F015
:1099F0000E94FA3335E1F32E0E9449353F2C832D26
:109A00006B96E1E10C947464AE01405F5F4F64E0DB
:109A100070E0CE0108960E94BB22AE01405F5F4F0E
:109A200064E070E0CE010C960E94BB228C859D857F
:109A3000AE85BF858D349244AB44B345C9F64091A1
:109A4000AA075091AB076091AC077091AD07809168
:109A5000AE079091AF07A091B007B091B10748173A
:109A600059076A077B0769F40E94FA330E94493557
:109A7000332029F269EF78E3C8010E94242B312CAE
:109A8000BECFAE01405F5F4F64E070E0CE010C9648
:109A90000E94BB22AE01405F5F4F64E070E0CE01E8
:109AA00008960E94BB228C859D85AE85BF858F362A
:109AB00042E694074AE6A40740E2B40709F043C02F
:109AC000332009F44EC0AE01405F5F4F64E070E0A8
:109AD000CE010C960E94BB22FE01339685E0DF0189
:109AE0001D928A95E9F7EC85E150E9838D85811116
:109AF00027C0D80111968C918A83F12CE53020F48F
:109B0000F0E0EB5DFE4FF0804F2D50E070E060E044
:109B100088859985AA85BB850497A109B10948174D
:109B200059076A077B07E9F4CE0101960E94642B6E
:109B30006F2D70E0AE01405F5F4F0E94BB227FCF70
:109B40008150990BD9CF8E369146AD46B54649F432
:109B5000D80115968D919C91009719F068857985AB
:109B6000E9CF8091A307882309F469CFC090AA07A1
:109B7000D090AB07E090AC07F090AD0748845984D3
:109B80006A847B846091A6077091A7078091A407DF
:109B90009091A5070E947B19811151CF2091A807B0
:109BA0008091AE079091AF07A091B007B091B10737
:109BB00027FD45CFC40CD51CE61CF71C8C159D0554
:109BC000AE05BF0520F421FD02C06C017D0180912E
:109BD000AA079091AB07A091AC07B091AD07109286
:109BE000AA071092AB071092AC071092AD07C114F0
:109BF000D104E104F10409F043C0C12CD12C760159
:109C00008091AA079091AB07A091AC07B091AD07E6
:109C1000AC01BD01517066277727452B462B472B9A
:109C2000A9F04091BA075091BB076091BC077091B1
:109C3000BD074C155D056E057F0541F0C092BA0762
:109C4000D092BB07E092BC07F092BD074091AE07EF
:109C50005091AF076091B0077091B107481759074D
:109C60006A077B0708F0EBCE8093AE079093AF07AF
:109C7000A093B007B093B1078091A8078062C5C0D8
:109C8000E091A407F091A507FB8BEA8B4280512C51
:109C9000712C612C29E0440C551C661C771C2A95FC
:109CA000D1F70097A105B10509F490C09C01AD0161
:109CB00021503109410951092C8B3D8B4E8B5F8B13
:109CC000D701C6010197A109B109888F998FAA8F81
:109CD000BB8FBC01CD01A30192010E94EE6349013B
:109CE0005A016C897D898E899F89A30192010E9406
:109CF000EE6382169306A406B50608F467C08827AB
:109D00009927DC0184199509A609B7092C893D8991
:109D10004E895F8982239323A423B5238093AA07C6
:109D20009093AB07A093AC07B093AD07C81AD90ABC
:109D3000EA0AFB0A4091B6075091B7076091B8074D
:109D40007091B907411551056105710509F455CFA9
:109D50004C145D046E047F0408F471C08091AA075E
:109D60009091AB07A091AC07B091AD078C0D9D1DF4
:109D7000AE1DBF1D8093AA079093AB07A093AC07BD
:109D8000B093AD07D701C6019170AA27BB27892BD5
:109D90008A2B8B2B09F431CF8091A4079091A507D2
:109DA0000E941E1C462F572FBC014115510561050D
:109DB000710541F189E0F694E794D794C7948A95A8
:109DC000D1F7C40ED51EE61EF71E1ACF4091B2077A
:109DD0005091B3076091B4077091B50741155105D3
:109DE0006105710519F540E050E0BA018A899B8947
:109DF0000E94571F462F572FBC0141305105610566
:109E0000710531F48091A80780688093A80717CE68
:109E10004F3F3FEF530763077307A1F34093B20728
:109E20005093B3076093B4077093B5074093B60798
:109E30005093B7076093B8077093B90783CF8091A9
:109E4000A4079091A5072091A80721FF0DC00E94AB
:109E5000571F462F572FBC0141155105610571054C
:109E600041F4730162017ACF0E94A31D462F572F40
:109E7000BC018091AA079091AB07A091AC07B0916B
:109E8000AD074A015B01E2E08E1A9108A108B10812
:109E9000FDEF8F16FFEF9F06AF06BF0608F0B2CFAB
:109EA000E091A407F091A50786889788A08CB18CD3
:109EB000481559056A057B0508F0A4CF4093B607FD
:109EC0005093B7076093B8077093B907840D951D39
:109ED000A61DB71D8093AA079093AB07A093AC076C
:109EE000B093AD07C418D508E608F70831CFA7E04E
:109EF000B0E0EDE7FFE40C94656487E0E6E1F1E0B3
:109F0000DE01119601900D928A95E1F786E191E0CC
:109F10000E943733E82FF0E0E351FB4F00810150FE
:109F20000D8341E0BE016F5F7F4F83E034DD182F6A
:109F3000811109C086E191E00E943733E82FF0E0FB
:109F4000E351FB4F0083812F2796E4E00C9481645A
:109F5000A7E0B0E0EEEAFFE40C946764109281049D
:109F600086E191E00E943733E82FF0E0EE0FFF1F0B
:109F7000E75BFB4F81818093190186E191E00E94AC
:109F80003733E82FF0E0EE0FFF1FE75BFB4F8081D8
:109F900080931A018FE694E090931C0180931B013B
:109FA0001092E10481E08093E70480937F0487E0CE
:109FB000E6E1F1E0DE01119601900D928A95E1F75C
:109FC00040E0BE016F5F7F4F80E0E5DC882341F019
:109FD00040E150E06EE177E28FE694E00E949B64FE
:109FE0002796E2E00C9483648091E5049091170138
:109FF000981304C090910605992329F080931701C6
:10A0000010920605A5CF08950F931F93CF93DF936A
:10A01000EBDF80E00E94FD2AEC018C010F5F1F4FF7
:10A02000C8010E940C456FE0C8010E94DD4647E070
:10A0300050E06AE07CE2CE0146960E94B6646E96DD
:10A0400086E191E00E943733E82FF0E0E351FB4FC7
:10A050008081AE0163E090E00E94902740E263E0DF
:10A06000CE010E94A34781E00E94FD2AEC0147E255
:10A0700050E062EE7BE201960E94B66487E08D8339
:10A080008A87898F8E8F8BA3DF91CF911F910F913C
:10A0900008950F931F93CF93DF93A6DF80E00E9474
:10A0A000FD2AEC018C010F5F1F4FC8010E940C4577
:10A0B0006FE0C8010E94DD4680917F04882331F063
:10A0C00080918104811102C085EA8F8780911901F6
:10A0D0008F5B888B8E010F5E1F4F80911A01A80144
:10A0E00063E090E00E94902740E363E0C8010E9493
:10A0F000A34765964FE050E06FE674E0CE010E9402
:10A10000D2646FE0CE010E94DD461091810481E0AF
:10A110000E94FD2AEC010196111130C020918004AB
:10A1200047E250E0222309F162EA77E20E94B66436
:10A1300087E08D838A8787E08BA39091810480E2FA
:10A14000913029F48091E104882339F18FE58093DF
:10A1500014018091E704811122C080E18093E6041C
:10A16000DF91CF911F910F9108956AE777E20E94E6
:10A17000B66487E08A878F878C8BDDCF47E250E01B
:10A1800062E577E20E94B66487E08D838A878F87D5
:10A190008C8B898F9FE79E8BCFCF8FEFD8CF81306D
:10A1A00029F48FEF9130D1F683E1D8CF8D5ED6CFF1
:10A1B000EF920F931F93CF93DF93CDB7DEB728971E
:10A1C0000FB6F894DEBF0FBECDBFE82F809181049B
:10A1D0008111ACC08091800481117FC0E83008F00B
:10A1E0004CC0F0E0E35DFA490C942C6480911601B8
:10A1F0008330F1F41092160186E191E00E9437332A
:10A20000E82FF0E0EE0FFF1FE75BFB4F81818093AB
:10A21000190186E191E00E943733E82FF0E0EE0F5C
:10A22000FF1FE75BFB4F808180931A0191DE25C001
:10A230008F5F80931601E0CF8FE694E00E940C457B
:10A2400088E0EDE1F1E0DE01119601900D928A9532
:10A25000E1F7E090820409811A812B813C814D81D4
:10A260005E816F81788581E00E94154106C062E7BA
:10A270007FE286E191E00E94242B81E028960FB6D0
:10A28000F894DEBF0FBECDBFDF91CF911F910F912C
:10A29000EF90089581E08093810492E09093E70429
:10A2A0008093E1044FE050E06EE177E28FE694E0C6
:10A2B0000E948E64892B09F74FE050E060E270E065
:10A2C0008FE694E00E94DB64D8CF8EE00E94783F56
:10A2D000D4CF81E080938004D0CFE23011F120F41C
:10A2E000E11109C08FE0F2CFE630E9F0E73029F65E
:10A2F0000E94D33FC2CFFE01329687E0DF011D925C
:10A300008A95E9F78EE297E2482F9E838D83E12CB0
:10A3100002E01A812B813C815E816F81788583E028
:10A32000A3CF81E1D3CF91E08927D4CFE83008F0E3
:10A33000A4CFF0E0EB5CFA490C942C64E091E704C4
:10A340000E2E000CFF0BE359FB4F81E4808395CF69
:10A35000E091E7040E2E000CFF0BE359FB4F81E662
:10A36000F5CFE091E7040E2E000CFF0BE359FB4FF5
:10A3700081E3ECCF8091E704082E000C990BFC01DF
:10A38000E359FB4F20E22083019606C08091E70449
:10A39000082E000C990B01978131910514F080E192
:10A3A00090E097FD80E08093E70467CF8091E70419
:10A3B000082E000C990BE8CF66E171E080E003D82D
:10A3C000811103C00E94433331CF0E94504155CFC9
:10A3D000109280048091E504809317010E944E350D
:10A3E00081110E945041B4DD1092060581E08093F6
:10A3F00082040895A7E0B0E0E0E0F2E50C94626426
:10A40000182F80915A058350823030F440E070E07C
:10A4100060E0812F0E949632103F11F510924801A2
:10A4200010924701109246011092C4048091460197
:10A4300090914701FC01E556FA4DE4911E1353C07B
:10A4400001969093470180934601069708F441C016
:10A4500081E08093C404109247011092460139C0F4
:10A460008091C404823009F457C080F58823F1F24A
:10A4700080914601909147019C012F5F3F4F30939F
:10A480004701209346018C5B9E4FFC0110832230D4
:10A490003105F9F4109247011092460182E0809351
:10A4A000C404E0914401E63110F5E13180F5E63075
:10A4B000A0F4EE23C1F0E150F0E0EB5DFE4F8081AF
:10A4C00090E0909343018093420103C0833009F4EC
:10A4D00056C02796E7E00C947E648091450190E099
:10A4E0000296EF3071F383E08093C404F2CFEA3137
:10A4F00021F030F4E651E330B0F781E090E0E1CFB5
:10A50000EF3189F73093430120934201E2CF10925B
:10A51000430110924201DDCF409146015091470125
:10A52000BA01769567952091420130914301E091FF
:10A530009901F0919A01E60FF71F40FF1BC01F70B1
:10A540008081182B10836217730728F480914801CB
:10A55000180F109348014F5F5F4F5093470140938E
:10A5600046012F5F3F4F220F331F4217530708F05A
:10A57000BACFAFCF112F1295107F1083ECCF173FBA
:10A5800091F50091990110919A01E0914201F091A9
:10A590004301E00FF11F908180914801981323C07F
:10A5A0008091590580FD1FC09E012F5F3F4F7901AB
:10A5B00087E0F90111928A95E9F760914501809150
:10A5C000E504662321F0262F2150330BC9018A832D
:10A5D000E0914401E631B0F4E13108F04DC0E630DD
:10A5E00020F4E11134C085E07FCFEF30E1F7462F52
:10A5F00050E0B8016E5F7F4FF801808191810E9429
:10A60000D26438C0EA3129F0C8F48AEE8E0F833064
:10A6100050F7E651E9836C83F80180818D8340E037
:10A62000B70180E0B8D94E815F8100E020E1609100
:10A630004501809144010E941B2F1CC0EF3199F607
:10A64000F8014081518101E0262F8FE0F4CFE150E5
:10A65000E983F0E0EB5DFE4FD080DD2041F0C701E3
:10A660000E94642B4D2D50E0B8010E94D264C701B6
:10A670000E94F93884E038CFE151E98362E77FE254
:10A68000C7010E94242BF6CFA7E0B0E0EAE4F3E58F
:10A690000C946264F82E092F87E0EF2DF92FDE016C
:10A6A000119601900D928A95E1F78F2D0E94373314
:10A6B000E82FF0E0E351FB4F10811D83BE016F5F77
:10A6C0007F4F83E00E94E3491F5F1D83BE016F5FE0
:10A6D0007F4F83E00E946649D82EE92E0E945733AF
:10A6E00085E08093C4048D2D9E2D0E9484340E94A9
:10A6F00049358F2D902F0E943733E82FF0E0E3513A
:10A70000FB4F10832796E7E00C947E64A7E0B0E04F
:10A71000ECE8F3E50C9466648830D0F5E82FF0E0BF
:10A72000E35CFA490C942C6466E171E081E00E94DC
:10A73000E3490E94D33F2CC087E0E6E1F1E0DE016F
:10A74000119601900D928A95E1F7CE0101969CDF5A
:10A75000BE016F5F7F4F81E00E94E34941E0BE018F
:10A760006F5F7F4F82E017D9E4CF87E0E6E1F1E049
:10A77000DE01119601900D928A95E1F7CE010196C6
:10A7800083DF41E0BE016F5F7F4F81E0ECCFAFDB45
:10A7900081E02796E3E00C94826487E0E6E1F1E053
:10A7A000DE01119601900D928A95E1F786E191E024
:10A7B0000E943733E82FF0E0E351FB4F10811F5F19
:10A7C0001D8341E0BE016F5F7F4F83E0E4D88111BC
:10A7D000DFCF86E191E00E943733E82FF0E0E351CC
:10A7E000FB4F1083D5CF86E191E04EDFA2CF0E94D0
:10A7F0004E3586E191E048DF7ACBAEE0B0E0E3E0B1
:10A80000F4E50C946664182F883008F45CC082E08C
:10A8100088871A861B861C861E861D868091E50405
:10A8200089870E944E351A30C9F148F4183081F0FA
:10A830001930C1F081E02E96E3E00C9482641E3062
:10A84000C9F78AE20E94A832CE0108961DDFF2CF36
:10A8500083E40E94A832BE01685F7F4F81E00E94BE
:10A86000E349E8CF83E50E94A83287E0FE013896ED
:10A87000DE01119601900D928A95E1F7CE010196C5
:10A8800003DFBE016F5F7F4F81E00E94E34941E03B
:10A89000BE016F5F7F4F82E07ED8CCCF80E50E9403
:10A8A000A83287E0FE013896DE01119601900D92E4
:10A8B0008A95E1F7CE010196E7DE41E0BE016F5FC8
:10A8C0007F4F81E0E9CFE091C904F091CA04808113
:10A8D0008F508230A8F420E089E595E0FC010196D4
:10A8E0003081230F35E088369307C1F72093680540
:10A8F00040E150E06FEE77E089E595E00E940A655F
:10A9000080E099CFCF93DF93C62F813031F0833031
:10A9100009F455C0DF91CF910895662331F18FEF8F
:10A92000860F80938204D1E0613009F0D0E086E1A7
:10A9300091E0AADE80911601823091F188F4209195
:10A940001701811114C04DE551E0249FC001259FDE
:10A95000900D11246D2F8C53984F0E94614405C0B7
:10A96000833019F48D2F0E949544F2DAD3CF4DE550
:10A9700051E0249FC001259F900D11248C53984FC6
:10A98000C13049F048E450E064EE77E288589F4FC8
:10A990000E949B64EACF48E468E70E941544E5CF33
:10A9A000409117012DE531E0429FC001439F900D7A
:10A9B00011246D2F8C53984F0E947844D6CF662374
:10A9C00009F4A8CF8EE30E94A8320E94E344A2CFEC
:10A9D000A7E0B0E0EEEEF4E50C94676429833A83D7
:10A9E0004B835C836D837E838F83233021F580913D
:10A9F000FC0290911E09892B90917B0A892B9091E2
:10AA0000D80B892B9091350D892B9091920E892B23
:10AA10009091EF0F892B827019F0CE01019634DEF0
:10AA200041E0BE016F5F7F4F80E00E94CB4C2796D4
:10AA3000E2E00C9483642A818DE591E0289FF00187
:10AA4000299FF00D1124E25EF64F8081E4CFB0E043
:10AA5000A0E0EDE2F5E50C945A64D82FDF70803F5A
:10AA600009F4EEC3873FC1F0C82FC07F40916D0548
:10AA700090915A059430A9F46AE675E00E949632E6
:10AA8000C03B09F447C188F5C03991F0C03A09F4D8
:10AA9000BAC0C03809F489C0CDB7DEB7EFE00C9476
:10AAA0007664933069F7C03809F47FC0C03921F764
:10AAB000D0906B05C0916A05DD2009F4A2C081E049
:10AAC0000E94A832E0911605F0911705309709F41D
:10AAD00072C06D2D8C2F0995882309F46CC04FEF3F
:10AAE0006FE383E00E94B032D7CFC03D09F42FC39B
:10AAF00008F041C0C03C81F68091590581FDCCCF62
:10AB000010916A0542E0D42E509107055A3108F0A1
:10AB1000FFC230E2E32E35E0F32EC0E000E06D2FFF
:10AB2000F70180810E94F82E882399F082E08093BB
:10AB3000160110921C0110921B01C0931701509135
:10AB400007055093190110931A01002309F4D1C28B
:10AB500001E0CF5FF4E0EF0EF11CC63001F70023F7
:10AB600009F4F1C20E944E3521E0D21609F494CFC7
:10AB7000DD24D394C9CFC03E09F409C3C03F09F016
:10AB80008BCFDC3008F034C3DA3008F05DC3DD234E
:10AB900009F456C3D83009F07FCF80913805883248
:10ABA00008F07ACF0E948B3A77CF60916A058D2F9B
:10ABB0000E94CE3671CF80915805811102C00E944B
:10ABC000F43900E215E084ECE82E87E0F82E98E3F3
:10ABD000A92E95E0B92E4C2F6D2FC8010E9463332A
:10ABE000882329F04D2D6C2FC7010E9481360C5F00
:10ABF0001F4F23EAE21A2EEFF20AA016B10659F708
:10AC00004BCF6C2FD4CFC0916B05B0906A0510E28A
:10AC1000C12E15E0D12E04EC17E0F12CE12C4B2DC8
:10AC20006D2FC6010E946333882399F1F801E15822
:10AC3000FF4FA08081E0A81629F08DEF8A0D8330A8
:10AC400008F061C06B2DC8018C5B9E4F0E94832A67
:10AC5000E82FD801A85BBE4F8C9194E0A91227C0C1
:10AC60008695E817B0F42DE531E0E29EC001E39E41
:10AC7000900DF29E900D11248C53984FE80FF92FF0
:10AC8000F11DEC53FF4F2C2F4FE060E480810E94B8
:10AC90002D2A8FEFE81AF80A94E0C90ED11C035A46
:10ACA0001E4FE6E0EE16F10409F0B9CFF5CEE81735
:10ACB00080F7F3E0AF12D7CFAE2EAA0C8A2C912CDE
:10ACC0008DE591E0E89EF001E99EF00DF89EF00D13
:10ACD0001124E80DF91DE857F74F2C2F4FE060E4E1
:10ACE00080810E942D2A2FEF821A920AF801E653E2
:10ACF000FF4F8081E1E0EA0D8815190411F00CF096
:10AD0000B2CFE0E0B0CF2C2F4FE060E4C8010E944A
:10AD10002A2DBFCFC0916A05E8E8EC0FE83008F0B3
:10AD20009EC0F0E0EB5BFA490C942C6400E215E065
:10AD3000B4ECEB2EB7E0FB2EC8E3CC2EC5E0DC2E46
:10AD40006D2FF80180810E94F82E882319F0C70129
:10AD50000E940F370C5F1F4FF3EAEF1AFEEFFF0A56
:10AD6000C016D10669F798CEF0E2CF2EF5E0DF2EBF
:10AD7000AEE8EA2EA8E0FA2E10E000E06D2FF60112
:10AD800080810E94F82E8823E1F0F70111A2C0E033
:10AD9000F7018081C817A8F48DE591E0089FF001C4
:10ADA000099FF00D189FF00D1124EC53F84FEC0F94
:10ADB000F11DEC53FF4F68EF80810E94EE29CF5FB9
:10ADC000E7CF0F5F1F4FF4E0CF0ED11C23EAE21A4A
:10ADD0002EEFF20A0630110589F65ECE00E215E08C
:10ADE000E4ECEE2EE7E0FE2E6D2FF80180810E944C
:10ADF000F82E882319F0C7010E94BC350C5F1F4F45
:10AE0000F3EAEF1AFEEFFF0A25E00833120761F7B5
:10AE100043CE00E215E06D2FF80180810E94F82EEC
:10AE2000882321F081E08D0FF80180830C5F1F4F94
:10AE3000F5E008331F0779F72FCE00E215E06D2FFC
:10AE4000F80180810E94F82E882311F0F801108209
:10AE50000C5F1F4FF5E008331F0789F71DCE1091D7
:10AE60006B05C11103C01093070516CE83E00E9445
:10AE7000A83270E8672E111101C0612C81E0C03644
:10AE800009F08FEFA82E880FBB08712E770C50E2C7
:10AE9000852E55E0952E64ECE62E67E0F62E6D2F9C
:10AEA000F40180810E94F82E882309F474C0C63210
:10AEB00009F4AEC020F5C43009F47BC0C8F4C13039
:10AEC00009F463C0272D42E1C23009F460C08091CB
:10AED0006005823009F0E8C0C23408F0D0C0EC2F21
:10AEE000F0E0E452F34D84918F3F09F0CCC053C0A1
:10AEF000C63069F7F701E65BFE4F60824CC0C23690
:10AF000009F479C0D0F5C03409F456C080EA8C0F3A
:10AF10008230E8F6012FF701E45BFE4FD08080E835
:10AF20008D0DEEEF803428F020ECEFEF2D1508F0BA
:10AF3000ED2DF0E0E45EF34D84918F3F61F10E94CE
:10AF40007F41FC01AD2DB0E083819281C63209F0D2
:10AF50006EC0482F933009F061C0081724F0448177
:10AF600040170CF062C08091590520E06D2D82FDE4
:10AF700012C0C7010E9483370EC0C33609F0A7CFA5
:10AF8000F701E55BFE4F608240C0272D41E160E4A0
:10AF9000C7010E942A2DF4E08F0E911C23EAE21AC9
:10AFA0002EEFF20A82EFE8168FE0F80609F077CF6D
:10AFB00073CD272D43E1EBCFF701E551FF4F10345F
:10AFC00018F081E08083E7CF10826701F0EFCF0EA9
:10AFD000D11CF601818187FF04C06081C7010E94F6
:10AFE0002836F3E0CF0ED11CC7018C5E9E4FC816E9
:10AFF000D90679F7D0CFD701A45BBE4FF701E55B47
:10B00000FE4F8081812B8C93108231971082C3CFA9
:10B01000F701E65BFE4F0081012B7DCF081708F496
:10B02000A2CF4481041708F09ECF402F9CCFAE0DD5
:10B03000BF1D4C9195019330A9F4240F311D47FD9C
:10B040003A95082E000C990B281739070CF48BCF72
:10B050008481082E000C990B821793070CF483CF80
:10B06000422F81CF240F311D8217130611F00CF0EF
:10B070007ACF8481821713060CF475CFF1CF8EEF4F
:10B08000C63608F488CF0E947F416C01FC012581FF
:10B090008C2F512C251581F0F6019085981761F0C1
:10B0A0009681891B5394F6CFC03708F074CFEC2FEC
:10B0B000F0E0E45EF24D17CF8091590583FD6BCF30
:10B0C000F6018081823068F4612FC6010E94F42D60
:10B0D000482FF60186816181589E600D112420E081
:10B0E00048CF00E0212F452D60E0C6010E9439398C
:10B0F00052CF22E03C2F40911801612F70911B012B
:10B1000080911C0165DC811123CD0E94433321CD48
:10B1100083E08093160110921C0110921B01109283
:10B1200017015A515093190110931A0123E030E08E
:10B1300040911801612F70E080911C0149DC811160
:10B1400011CD0E94433381E080930605A5CCC091C8
:10B150006A0500E215E024ECE22E27E0F22E6D2FC6
:10B16000F80180810E94F82E882331F02C2F4FE0C7
:10B1700060E4C7010E942A2D0C5F1F4FF3EAEF1A0B
:10B18000FEEFFF0A25E00833120749F785CC00914E
:10B190006B05E0E80E9FC001112400916A05080FBD
:10B1A000192F111D82E00E94A832000F111F000FFD
:10B1B000111FC12F00E215E094ECE92E97E0F92E63
:10B1C0006D2FF80180810E94F82E882331F02C2FFA
:10B1D00040E160E4C7010E942A2D0C5F1F4FF3EA93
:10B1E000EF1AFEEFFF0A25E00833120749F754CCA7
:10B1F000DC3069F1DF3009F04FCC0EE818E0D0E028
:10B20000C0E0F12CF8018081F81620F58DE591E081
:10B21000C89FF001C99FF00DD89FF00D1124EC5389
:10B22000F84FEF0DF11DEC53FF4F8081E82FF0E058
:10B23000E050FB4F108269EF0E94EE29F394E2CFB9
:10B2400080916A05D7D828CC0E94F43925CC0E9479
:10B25000F33622CC2196035A1E4FC630D10589F60B
:10B260001BCCFF920F931F93CF93DF9340918104E8
:10B27000442329F09091E104913009F0B7C0E091A6
:10B28000E704282F082E000C330BE1112EC09091FB
:10B290001901290F311D97FD3A952A31310514F016
:10B2A00029E130E037FD20E020931901413009F019
:10B2B00042C09091E104911112C02091E704082E40
:10B2C000000C990B820F911D27FD9A9581319105F4
:10B2D00014F080E190E097FD80E08093E70481E046
:10B2E000CDB7DEB7E5E00C948064E13071F4909165
:10B2F0001A01290F311D2038310514F02FE730E0F5
:10B3000037FD20E020931A01D1CF0E2E000CFF0B49
:10B31000E359FB4F9081290F311D97FD3A95203855
:10B32000310514F02FE730E02032310514F420E22B
:10B3300030E02083BBCF4111D2CFD0911A01F090E1
:10B3400019011F2D0D2F86E191E00E943733E82F60
:10B35000F0E0EE0FFF1FE75BFB4F808191818017CC
:10B36000910709F4BCCF809116018230E9F4E09195
:10B37000170184E0E89FF0011124E05EFA4FC081DC
:10B38000C111C15080915A05843071F44F2D4F770F
:10B3900060E28C2F806B0E948F2F6D2F6F774EEFA6
:10B3A0008C2F806C0E948F2F2091160130911701F5
:10B3B000409118015091190160911A0170911B017F
:10B3C00080911C0105DB882371F081E080937F046C
:10B3D00040E150E06EE177E28FE694E00E949B64EA
:10B3E0000E9443337CCF10927F04FACF413009F49E
:10B3F00060CF75CFB0E0A0E0E0E0FAE50C945F64C8
:10B400007C01162F6A01D22FFC012730A0F4818520
:10B4100092854D2FB6010E9457356D2FC6010E94AF
:10B42000DD46D150F601ED0FF11D8081803231F4FF
:10B43000D1500F5FF7CF83859485EBCFDF5FCD2FA2
:10B44000D0E0F601EC0FFD1F80E280832196CC0D49
:10B45000DD1DF7018281E82FF0E0EE0FFF1FED59AF
:10B46000F04EC590D49056018D3009F442C0D0F40E
:10B470008A3029F18C30B9F18230F9F0C114D1044D
:10B4800009F1402FBE01C501810F911D0E94573562
:10B4900040E2602FCE010E94A347CDB7DEB7EAE0BD
:10B4A0000C947B64843159F1893189F1833131F70E
:10B4B000BE01812F0E94D22DE1CF1F5FDFCF1F3051
:10B4C000E8F21F50F7018281833111F3833029F5AF
:10B4D000812F012E000C990B0023D1F2AE01602FB9
:10B4E0000E949027D5CF063048F232EDA32EB12C22
:10B4F000C8CF063018F221EFA22EB12CC2CF1832DD
:10B5000008F0BCCF91E4A92EB12C10E0BACF1111F4
:10B51000B5CF85E4A82EB12CB4CF812F90E0DCCF3D
:10B52000B0E0A0E0E6E9FAE50C9460648091E10403
:10B53000811167C012E0F12CE12CBE2CC1E0F3E0D8
:10B54000FE1508F0C0E01C1761F18B2D0E944A29FE
:10B55000D82E0B2D03708AE0089F002D11248C2F0C
:10B560000E94FD2AEC01C00FD11D0111A3C087E08C
:10B570008A87E091C904F091CA04EE0DFF1D838112
:10B5800046E050E065EB7BE2883F39F0893F09F007
:10B5900097C046E050E06EEA7BE2CE0104960E943E
:10B5A000B664FFEFEF1AFF0A88E0E816F10429F607
:10B5B000E090C904F090CA04C0E081E0C43008F40F
:10B5C00080E0181799F0F70193819F3F79F40E946A
:10B5D000FD2A9C019C2F9370EAE09E9FE02D112490
:10B5E000E20FF32FF11D80E280838287CF5FFFEFB0
:10B5F000EF1AFF0AC83009F7CDB7DEB7E9E00C94BF
:10B600007C6480915B05882309F494CFC091E704A2
:10B610008C2F0E944A298F3F09F48CCF0E947F41D2
:10B620007C01FC018081843009F484CF0091E7041F
:10B63000E091C904F091CA04E00FF11D07FDFA95ED
:10B640008381807F803F91F5802F0E943129C82E11
:10B65000D12C11E0C4300CF410E0812F0E94FD2A9F
:10B66000EC01802F0E94BE41482F9E012F5F3F4F6B
:10B6700003E16C2DC7010E94F24687E08C8B80911C
:10B68000E7040E94BE41082F8091E7040E943129FF
:10B69000682F402FC7010E94AE2D682FAE014B5E70
:10B6A0005F4F07E02BE0C701A5DE45CFCC24CA944D
:10B6B000D12CCFCF87E088830E3109F45ACF57CFF2
:10B6C0008FEFD81609F46DCF8D2D0E947F416C014C
:10B6D0008B2D0E94BE41082F8B2D0E943129682F8F
:10B6E000402FC6010E94AE2D682FF601808102E036
:10B6F00026E0843011F004E024E0AE014F5F5F4F9C
:10B70000C60178DE8091E704082E000C990BE8163C
:10B71000F90609F046CF89819FE9980F9A3108F020
:10B7200040CF805289833DCF1F93CF93DF93F8DEC4
:10B7300080E2809314018091E7048430DCF1082ECC
:10B74000000C990B0497982F990F990F890F8B5C18
:10B750008093E604E091E50484E0E89FF001112481
:10B76000E05EFA4F138181E00E94FD2AEC0148E27D
:10B7700050E060E270E00E94DB6449E050E062E18A
:10B780007CE2CE0101960E94B66487E08A8781E35D
:10B7900091E0212F292321F02BE52C872DE52E8701
:10B7A0008D87990F8F5F2596873399F7DF91CF911A
:10B7B0001F9108958FEFCCCF1F920F920FB60F926B
:10B7C00011242F933F934F935F936F937F938F93A6
:10B7D0009F93AF93BF93CF93DF93EF93FF938091AA
:10B7E00067019091680101969093680180936701C9
:10B7F0002091C7013091C8012F5F3F4F3093C8019E
:10B800002093C7012091C9023091CA028217930781
:10B8100048F08091C5018F5F8093C5011092680147
:10B8200010926701C091690181E08C2780936901C2
:10B830008091440490910304891B8F71A9F0C13059
:10B8400099F080910304E82FF0E0EE0FFF1FEC5F0A
:10B85000FB4FD1818F5F8F718093030480810E94A1
:10B86000CE328D2F0E94C732809102049091C10385
:10B87000891B8F71A9F0C13099F48091C103E82F21
:10B88000F0E0EE0FFF1FEE53FC4FC1818F5F8F7111
:10B890008093C10380810E94CE328C2F0E94C732D8
:10B8A000FF91EF91DF91CF91BF91AF919F918F91D8
:10B8B0007F916F915F914F913F912F910F900FBEAC
:10B8C0000F901F90189578941F920F920FB60F92B9
:10B8D0001124BF92CF92DF92EF92FF920F931F93AA
:10B8E0002F933F934F935F936F937F938F939F9388
:10B8F000AF93BF93CF93DF93EF93FF938091C000FB
:10B9000087FF15C09091C6008091C4012091A301CA
:10B910008150821B8F7159F08091A301E82FF0E0D4
:10B92000EC55FE4F90838F5F8F718093A3018091C0
:10B93000C80290914901891B877009F449C180911F
:10B94000C00085FF0DC080914901E82FF0E0E05470
:10B95000FD4F90818F5F8770809349019093C6005F
:10B96000C0916401CF5FC093640186B1D0916C0136
:10B97000DD0F86958170D82BD0936C0196B18091A4
:10B980006A01880F93FB992790F9892B80936A01AC
:10B9900026B190916B01990F22FB222720F9922B5F
:10B9A00090936B01803809F02BC1907F09F446C158
:10B9B000DF3729F441E060E082E00E94B032CF71CD
:10B9C00009F43EC180916401877029F480911C02C2
:10B9D0008F5F80931C0280917A0086FDFCCF60917E
:10B9E000780080917900782F20916D01822F90E06E
:10B9F000880F991FFC01EC5AFE4F0190F081E02D59
:10BA0000AF01461B570B57FF03C0AB014E1B5F0B2B
:10BA1000FC01E956FC4FA081B1814A175B0748F051
:10BA200048E050E0518340838C5A9E4FFC01718363
:10BA3000608381E0820F273009F447C180936D0154
:10BA400080916D018770806480937C0080917A0082
:10BA5000806480937A0060916D01662309F438C197
:10BA60006150E62FF0E0DF01AA0FBB1FAC5ABE4FBA
:10BA70004D915C9133E0569547953A95E1F7E45B3B
:10BA8000FE4F80818417150649F04083643018F416
:10BA900083E0861B682F80E00E94B03280914B01CA
:10BAA0008823C9F00E949B2A843090F08CED80930B
:10BAB0003F0210921D021092C9011092CA0180E843
:10BAC0000E94A32A8BED0E94CB2A8BED8093CC01A0
:10BAD0008FE080932C024498C0914A01FC2FFF70A4
:10BAE000BF2EC5FBCC27C0F90DE212E09EE1E92E86
:10BAF00092E0F92EDC2FDD24D394DD0FF801829142
:10BB00008F01CC2311F0809582958F70B81610F0BC
:10BB10008F3009F4D160D394F8E0DF1212C0459859
:10BB200080E8C82E0E94972A8C2D8D2309F4D2C05C
:10BB3000459AC694479ADA94D110F4CF0E94972A76
:10BB4000D0E0E016F106C9F680914A018F5F80933C
:10BB50004A010E94992A80913E028F5F80933E02A3
:10BB600080916E01882309F4B7C05A985B981092AF
:10BB70006E0190916601892F837049F4809165016F
:10BB800026E6280F2D3708F0C0C02093650181E01C
:10BB9000890F9F3209F4D8C080936601FF91EF911D
:10BBA000DF91CF91BF91AF919F918F917F916F91D5
:10BBB0005F914F913F912F911F910F91FF90EF90C7
:10BBC000DF90CF90BF900F900FBE0F901F901895F1
:10BBD0008091FF029091FE02891B8F7709F4C0CEFD
:10BBE0008091C00085FFBCCE8091FE02E82FF0E07E
:10BBF000E05CFD4F90818F5F8F778093FE02AECE29
:10BC0000903809F0D5CE807F4FEF09F0D1CE8091EA
:10BC10009B01811106C0440F440F440F81E08093C3
:10BC20006F018091A20160E0811104C080E88093DF
:10BC30006F0161E081E00E94B032BACE41E0E7CF0F
:10BC400044980E94992AD8E0CC0F86B186FB8827B9
:10BC500080F9C82B479A0E94972AD150A9F70BE97F
:10BC600011E043EA51E0F80190E88191880FDF018B
:10BC70001197292F2C23C1F48C9396954E175F07AB
:10BC8000A1F7C1E0F80181918F018F3741F48091D4
:10BC90006F01982F9C2351F08C2780936F01CC0F5C
:10BCA000DF5FD83079F78ECE8160E6CF80919B013F
:10BCB00067E0811104C081E080936F016FE06D1B2C
:10BCC00041E083E00E94B032EACF10926D01B8CE1D
:10BCD00067E0C7CE45982DCF80919603909155038C
:10BCE000891B8F7309F445CF81E080936E018091A9
:10BCF0005503E82FF0E0EA5AFC4F8F5F8F73809373
:10BD0000550380810E94C12A34CF875180936501F9
:10BD100020916F05309170052F5F3F4F3093700574
:10BD200020936F0520916F0530917005232B09F04A
:10BD30002ECF20917105309172052F5F3F4F3093C8
:10BD400072052093710523CF109266018091EB0458
:10BD5000882319F081508093EB048091EA048823B2
:10BD600019F081508093EA0480911501897F8093B6
:10BD7000150114CF1092A30784EC97E022EF3FE067
:10BD8000FC01E059FF4F44E5DF011D924A95E9F7B8
:10BD9000835A9E4F2817390799F7089500D000D08D
:10BDA0000F92CDB7DEB778941092C1001092C900FF
:10BDB00014BE8091600088618093600010926000E2
:10BDC000389A80E00E9466468091C0008D7F809303
:10BDD000C0001092C50087E28093C4008091C1002A
:10BDE00088608093C1008091C10080618093C10010
:10BDF00080918100887F82608093810080918000A3
:10BE00008C7F8160809380008091B100887F816009
:10BE10008093B1008091B0008C7F81608093B000EE
:10BE20008091700081608093700044E050E070E089
:10BE300060E082EE94E0BFD549E050E06DE47EE042
:10BE400089EA93E078D53B98439A8FEF80936A0113
:10BE50003A98429A80936B013998419A80936C0189
:10BE60003F9A3C9A3E980E94992A0E94972A48E05D
:10BE700050E06FEF70E08BE991E09DD580917A0002
:10BE8000876080937A0080917A00806880937A003E
:10BE900010926D0180E480937C0080917A00806430
:10BEA00080937A0088E090E09093980380939703C2
:10BEB00090939A038093990390939C0380939B03A0
:10BEC00090939E0380939D039093A00380939F0380
:10BED0009093A2038093A1039093A4038093A30360
:10BEE0009093A6038093A503539A529A8AB1806FC8
:10BEF0008AB95B985A9888EE93E0E4EFF1E03197C5
:10BF0000F1F70197D1F783E00E94E72A00E117E2F9
:10BF1000C8010197F1F783E00E94E72AC801019761
:10BF2000F1F783E00E94E72AC8010197F1F782E068
:10BF30000E94E72A88E20E94F32A8CE00E94F32AFA
:10BF400086E00E94F32A81E00E94F32A82E00E94A8
:10BF5000F32A10926E0140E550E060E270E084E068
:10BF600093E029D540E550E06FE370E08CEC91E080
:10BF700022D510921D021092C9011092CA018FEFB2
:10BF80008093CB018093E60410921C023F9A3C9A66
:10BF90003D9A0E94992A4FE050E070E060E08BECFF
:10BFA00094E009D588E40E94F32A0CE710E0F80138
:10BFB000F4908F2D82958F7080610E94E72A8F2DDB
:10BFC0008F7080610E94E72A0F5F1F4FF0E0043BF3
:10BFD0001F0769F782E00E94783F49E250E060E283
:10BFE00070E080E791E0E7D41092980110926F0121
:10BFF00080916F00816080936F0084B1876084B905
:10C000000E94393546E050E070E060E080E095E065
:10C01000D2D410E004E06FEF812F0E94D3320150A0
:10C02000D1F71F5F1630B1F710915E05112309F4A7
:10C0300050C08091A201811103C081E00E94664638
:10C04000F090A2010FEA18E0D8011D92CD010E94E4
:10C050007D35C801C7960E949C35035A1E4FB0E13A
:10C060000D3D1B0789F7F1103CC080E00E9495440C
:10C070000E94E3441092580583EA95E090939A0158
:10C08000809399018091A8038093A7038091A301D5
:10C090009091C401891B8F718B83882309F4BEC0E2
:10C0A0008091C401E82FF0E0EC55FE4F10818F5FC6
:10C0B0008F718093C40180915A05811103C0812F33
:10C0C0000E94062F183F08F442C0812F0E94275576
:10C0D000DDCF6AEF812F0E94D3321F5F1630C9F780
:10C0E000A8CF1A82198204EC17E081E0811102C006
:10C0F00090E015C0AE014F5F5F4F64E5C801805905
:10C100009F4F0E948C46882399F3AE014F5F5F4F8B
:10C1100060E7C8010E948C4691E0882349F3892F8B
:10C12000035A1E4FEFE0023F1E0701F7992309F45F
:10C130009CCFAE014F5F5F4F68E380E295E00E94C5
:10C140008C46882309F491CF0E94EF3893CF17FFD4
:10C150005AC0812F807F10926D0591E090936E05FB
:10C16000803BE1F148F4803AC9F1812F807E80382C
:10C17000A9F11093690516C0803E81F1803F49F115
:10C18000173FC1F580916905803F51F487EF0E9408
:10C19000FA518091C404843059F58BE20E94A83290
:10C1A0001092690590916D0580916E05981708F4BD
:10C1B0006DCF809169050E94275510926D05809181
:10C1C0006905813F08F462CF10926E0510926905EF
:10C1D0005DCF812F8F708150823020F482E0809378
:10C1E0006E05CECF812F8C7059F210926E05C8CF9C
:10C1F00083E2D4CF103F09F0BCCF1093690580EFE4
:10C200000E94FA51CFCFE0916D0581E08E0F8093AF
:10C210006D05F0E0E759FA4F1183C4CF8091C70153
:10C220009091C8018832910508F4EEC02091C601B2
:10C230002F5F2C832093C60188979093C801809329
:10C24000C7010EE818E0D12CC12CD8015D968D9164
:10C250009C915E9701965E969C938E935D978C91D0
:10C2600081110AC0BFEFCB1ADB0A035A1E4FE6E06A
:10C27000CE16D10451F7D2CFFC81F170FD83480175
:10C280002AEC821A910878018FEFE81AF80A58010F
:10C2900093E1A90EB11C3801A5E06A0E711C412C76
:10C2A000F401848DD7014D915C91119712962D91D7
:10C2B0003C911397240F351F13963C932E9312979E
:10C2C00091E02417350708F090E0F7019483932F4D
:10C2D000823031F178F4532E550C550881112CC061
:10C2E000220F232F221F330B3195522E97FD24C08E
:10C2F000509422C0532E8330F9F08450982F8A5ADC
:10C30000914FFC01E30FF11D822F55901590819DF7
:10C31000F0018095859DE00DF11D11245F2E0CC06C
:10C320002417350738F40E940A2E80911101D70195
:10C3300015968C93F7015580442019F0FD81FF2359
:10C3400041F1D50116968C91851501F1312CF8013A
:10C3500080813816D8F48DE591E0C89EF001C99E21
:10C36000F00DD89EF00D1124EC53F84FE30DF11DA4
:10C37000EC53FF4F2080642D6065822D0E94EE29D2
:10C38000652D822D0E94EE293394E1CFD5011696BA
:10C390005C92F401878D823049F4D3018C91958DA4
:10C3A0009F30A8F4F5018081882399F04394B8E088
:10C3B0008B0E911CE6E0EE0EF11CFFEFAF1ABF0AE8
:10C3C00026E0620E711C83E048126ACF4BCF8823AF
:10C3D00069F3512CD8018C91581640F78DE591E006
:10C3E000C89EF001C99EF00DD89EF00D1124EC53AB
:10C3F000F84FE50DF11DEC53FF4F642D606880810F
:10C400000E94EE295394E6CF8FB7F8941091C5019E
:10C410001092C5018FBF80913805883228F01150E5
:10C4200018F00E948B3AFBCF0E949B2A843008F4BC
:10C430005FC090913E0280913D02981710F41092D7
:10C440003F0280913E0280933D0200911D02809147
:10C45000E604202F30E0081306C080911C021091E2
:10C46000140187FD13C010913F02112359F00023DE
:10C4700011F0073239F4F901EC5FFC4F8081115063
:10C48000803221F0F901EC5FFC4F1081F090CA017D
:10C49000D901A453BE4F6D018C91082E000C990B4D
:10C4A0001817190691F08091CB0190E0019628179A
:10C4B000390709F049C0FF2009F446C0812F0E94C6
:10C4C000CB2AF60110830093CB0181E08F0D80937E
:10C4D000CA010F5F00931D02883251F41092CA0105
:10C4E0008091C90191E0980F8130C9F19093C90101
:10C4F0008091A7039091A803891B877009F48EC0CF
:10C500008091A803E82FF0E0EE0FFF1FE35DFD4FE1
:10C51000E080F1808F5F87708093A803870126E019
:10C52000159507952A95E1F703701E2D1F730E943C
:10C53000052B0330C9F41F3309F040C02FEFF2126E
:10C540003DC0F1E0FB83D4CF8091C901B0E48B9F63
:10C55000C00111248F2980680E94A32AAFCF1092B6
:10C56000C90110921D02C4CF023049F0013069F0B8
:10C57000E0911205F09113056F2D812F47C0E091D6
:10C580001005F09111050995DCCF111107C0E0915C
:10C590000C05F0910D058F2D0995D3CF2091E50461
:10C5A0002F0D822F022E000C990B263014F085E0FF
:10C5B00090E097FD80E08093E504C3CFE0911405FF
:10C5C000F0911505812F09958111BBCF8091BE0394
:10C5D00081131EC08091BD03833179F4E0910E0573
:10C5E000F0910F056091E50488E10995882309F42D
:10C5F000A8CF84E00E94783FA4CF8431D9F7E0919E
:10C600000E05F0910F056091E50482E2099599CF3E
:10C61000E12FF0E0E755FC4F8081ECCF2FB7F89485
:10C6200080916F0590917005A0917105B091720590
:10C630002FBF2091000330910103821B930B8132A5
:10C64000934058F00E94052BE0911805F0911905D0
:10C650000995882311F0B1E0BB839091FC02809191
:10C660001E09892B20917B0A822B2091D80B822BCB
:10C670002091350D822B2091920E822B2091EF0F6D
:10C68000822B80FF61C09E7F9093FC02EEE1F9E077
:10C690002CE431E180818E7F8083E35AFE4F2E1798
:10C6A0003F07C1F740E550E060E270E084E093E0CE
:10C6B00082D180E00E94FD2A2EEFFC0127A38FEF9C
:10C6C0008093E604E0911A05F0911B0509954FE06F
:10C6D00050E070E060E08BEC94E06DD1E091E50417
:10C6E000F0E0EA59F14EE491E85FF0E0E553FB4FEA
:10C6F00080EF8083E6E6FEE120E035E046E055E0AD
:10C700009491D9018D919D01A8E0A90FB0E0A553A6
:10C71000BB4F8695869586959C91892B8C933196F7
:10C720004217530769F7E0911C05F0911D05099523
:10C7300080915F0581110CC04FE050E06BEC74E01C
:10C740008EE192E02FD1A2CCFB81F111ABCFBFCF14
:10C75000EBECF4E02191822F8295DF0111978C930D
:10C76000B4E0EA3DFB07B1F7E7CF8091A307811161
:10C770000C94FA330895991B79E004C0991F961719
:10C7800008F0961B881F7A95C9F780950895AA1B13
:10C79000BB1B51E107C0AA1FBB1FA617B70710F0AC
:10C7A000A61BB70B881F991F5A95A9F780959095DE
:10C7B000BC01CD01089597FB072E16F4009406D016
:10C7C00077FD08D0E4DF07FC05D03EF49095819515
:10C7D0009F4F0895709561957F4F0895A1E21A2E9D
:10C7E000AA1BBB1BFD010DC0AA1FBB1FEE1FFF1F15
:10C7F000A217B307E407F50720F0A21BB30BE40B65
:10C80000F50B661F771F881F991F1A9469F76095AB
:10C810007095809590959B01AC01BD01CF01089565
:10C82000052E97FB16F400940FD057FD05D0D6DFE8
:10C8300007FC02D046F408C05095409530952195EC
:10C840003F4F4F4F5F4F089590958095709561953C
:10C850007F4F8F4F9F4F0895EE0FFF1F0590F4916C
:10C86000E02D099405D0332312F48A1B9B0B10C0D2
:10C87000A29FB001B39FC001A39F700D811D112421
:10C88000911DB29F700D811D1124911D0895F0DF3F
:10C89000B7FF0895821B930B0895EADFA59F900DC3
:10C8A000B49F900DA49F800D911D112408952F9287
:10C8B0003F924F925F926F927F928F929F92AF9230
:10C8C000BF92CF92DF92EF92FF920F931F93CF937D
:10C8D000DF93CDB7DEB7CA1BDB0B0FB6F894DEBF14
:10C8E0000FBECDBF09942A88398848885F846E843A
:10C8F0007D848C849B84AA84B984C884DF80EE8084
:10C90000FD800C811B81AA81B981CE0FD11D0FB68C
:10C91000F894DEBF0FBECDBFED010895FB01DC0131
:10C9200004C08D910590801921F441505040C8F702
:10C93000881B990B0895FB01DC0102C005900D9244
:10C9400041505040D8F70895FB01DC010D900020C4
:10C95000E9F7119705900D920020E1F70895FB018A
:10C96000DC0105900D920020E1F70895FB01DC0148
:10C970004150504048F005900D920020C9F701C089
:10C980001D9241505040E0F70895FC014150504045
:10C9900030F001900616D1F73197CF01089588271E
:10C9A00099270895FB01DC0102C001900D924150CE
:10C9B0005040D8F70895DC0101C06D9341505040BC
:10C9C000E0F70895FB01DC0101900D920020E1F7F2
:10C9D0000895FC0101900020E9F7809590958E0F55
:10C9E0009F1F0895DC01CB01FC01F999FECF06C021
:10C9F000F2BDE1BDF89A319600B40D92415050401D
:10CA0000B8F70895F999FECF92BD81BDF89A99279C
:10CA100080B50895DC01CB0102C02D9105D04150B5
:10CA20005040D8F70895262FF999FECF1FBA92BD2E
:10CA300081BD20BD0FB6F894FA9AF99A0FBE0196FF
:10CA4000089516E1C7ECD6E103C0FE0105DF21968B
:10CA5000C83CD107D1F7F894FFCFF6501C5137519D
:10CA60004A5165513D51695178519E51A851B1517A
:10CA7000BA51C651D651DC51165194539C53B553FB
:10CA8000C853C753CD53F35399539656B4564C5588
:0ACA9000EE5609571D574C554C5542
:10CA9A0001000100FF00000000000000000000FF8C
:10CAAA002100FF3CFF0102000000000000030267B2
:10CABA000100006F047048C43854222A2B2C3A3BD8
:0ACACA003C3D3E3F5B5D7C7F0000B9
:00000001FF
